sample_index,sampled_at,elapsed_seconds,sample_elapsed_ms,listener_pid,process_name,process_started_at,process_command_line,working_set_bytes,private_bytes,handle_count,thread_count,process_error,national_requested,national_observed_at,national_status,national_latency_ms,national_etag,national_conditional_request,national_conditional_status,national_conditional_304,national_conditional_refresh_200,national_schema_version,national_event_count,national_warning_count,national_storm_count,national_source_health_count,national_radar_frame_count,national_satellite_frame_count,national_product_count,national_city_rank_count,national_error,radar_requested,radar_observed_at,radar_status,radar_latency_ms,radar_etag,radar_conditional_request,radar_conditional_status,radar_conditional_304,radar_conditional_refresh_200,radar_active_storm_id,radar_storm_count,radar_boss_count,radar_warning_count,radar_wind_vector_count,radar_error,request_in_flight_peak,schedule_overrun_ms
0,2026-07-15T04:01:55.312Z,0,999,17352,node,2026-07-15T03:50:49.6682453Z,"""C:\Program Files\nodejs\node.exe"" ""D:\typhoon boss radar\node_modules\next\dist\server\lib\start-server.js""",1299660800,3265413120,409,47,,true,2026-07-15T04:01:56.207Z,200,79,"""c0952ea70aac49a90092d6a7d8222d2b82ea51dd2917557a7fd8bfdc595fb562""",false,304,true,false,1,1114,1113,0,6,12,12,26,,,true,2026-07-15T04:01:56.293Z,200,17,"""678522b87936b5d15e337e4afe514e8f1676efc4""",false,304,true,false,,0,0,0,,,1,0
1,2026-07-15T04:02:05.324Z,10,830,17352,node,2026-07-15T03:50:49.6682453Z,"""C:\Program Files\nodejs\node.exe"" ""D:\typhoon boss radar\node_modules\next\dist\server\lib\start-server.js""",1305690112,3271876608,409,46,,false,2026-07-15T04:01:56.207Z,200,79,"""c0952ea70aac49a90092d6a7d8222d2b82ea51dd2917557a7fd8bfdc595fb562""",false,304,true,false,1,1114,1113,0,6,12,12,26,,,true,2026-07-15T04:02:06.145Z,304,10,"""678522b87936b5d15e337e4afe514e8f1676efc4""",true,304,true,false,,0,0,0,,,1,0
2,2026-07-15T04:02:15.315Z,20,817,17352,node,2026-07-15T03:50:49.6682453Z,"""C:\Program Files\nodejs\node.exe"" ""D:\typhoon boss radar\node_modules\next\dist\server\lib\start-server.js""",1306214400,3272409088,409,46,,false,2026-07-15T04:01:56.207Z,200,79,"""c0952ea70aac49a90092d6a7d8222d2b82ea51dd2917557a7fd8bfdc595fb562""",false,304,true,false,1,1114,1113,0,6,12,12,26,,,true,2026-07-15T04:02:16.124Z,304,9,"""678522b87936b5d15e337e4afe514e8f1676efc4""",true,304,true,false,,0,0,0,,,1,0
3,2026-07-15T04:02:25.324Z,30,853,17352,node,2026-07-15T03:50:49.6682453Z,"""C:\Program Files\nodejs\node.exe"" ""D:\typhoon boss radar\node_modules\next\dist\server\lib\start-server.js""",1306411008,3272675328,409,46,,false,2026-07-15T04:01:56.207Z,200,79,"""c0952ea70aac49a90092d6a7d8222d2b82ea51dd2917557a7fd8bfdc595fb562""",false,304,true,false,1,1114,1113,0,6,12,12,26,,,true,2026-07-15T04:02:26.167Z,304,11,"""678522b87936b5d15e337e4afe514e8f1676efc4""",true,304,true,false,,0,0,0,,,1,0
4,2026-07-15T04:02:35.317Z,40,838,17352,node,2026-07-15T03:50:49.6682453Z,"""C:\Program Files\nodejs\node.exe"" ""D:\typhoon boss radar\node_modules\next\dist\server\lib\start-server.js""",1307262976,3273482240,409,46,,false,2026-07-15T04:01:56.207Z,200,79,"""c0952ea70aac49a90092d6a7d8222d2b82ea51dd2917557a7fd8bfdc595fb562""",false,304,true,false,1,1114,1113,0,6,12,12,26,,,true,2026-07-15T04:02:36.146Z,304,10,"""678522b87936b5d15e337e4afe514e8f1676efc4""",true,304,true,false,,0,0,0,,,1,0
5,2026-07-15T04:02:45.324Z,50,823,17352,node,2026-07-15T03:50:49.6682453Z,"""C:\Program Files\nodejs\node.exe"" ""D:\typhoon boss radar\node_modules\next\dist\server\lib\start-server.js""",1307459584,3273752576,409,46,,false,2026-07-15T04:01:56.207Z,200,79,"""c0952ea70aac49a90092d6a7d8222d2b82ea51dd2917557a7fd8bfdc595fb562""",false,304,true,false,1,1114,1113,0,6,12,12,26,,,true,2026-07-15T04:02:46.137Z,304,9,"""678522b87936b5d15e337e4afe514e8f1676efc4""",true,304,true,false,,0,0,0,,,1,0
6,2026-07-15T04:02:55.310Z,60,797,17352,node,2026-07-15T03:50:49.6682453Z,"""C:\Program Files\nodejs\node.exe"" ""D:\typhoon boss radar\node_modules\next\dist\server\lib\start-server.js""",1307721728,3274018816,409,46,,false,2026-07-15T04:01:56.207Z,200,79,"""c0952ea70aac49a90092d6a7d8222d2b82ea51dd2917557a7fd8bfdc595fb562""",false,304,true,false,1,1114,1113,0,6,12,12,26,,,true,2026-07-15T04:02:56.095Z,304,12,"""678522b87936b5d15e337e4afe514e8f1676efc4""",true,304,true,false,,0,0,0,,,1,0
7,2026-07-15T04:03:05.312Z,70,856,17352,node,2026-07-15T03:50:49.6682453Z,"""C:\Program Files\nodejs\node.exe"" ""D:\typhoon boss radar\node_modules\next\dist\server\lib\start-server.js""",1309818880,3276087296,409,46,,false,2026-07-15T04:01:56.207Z,200,79,"""c0952ea70aac49a90092d6a7d8222d2b82ea51dd2917557a7fd8bfdc595fb562""",false,304,true,false,1,1114,1113,0,6,12,12,26,,,true,2026-07-15T04:03:06.158Z,304,9,"""678522b87936b5d15e337e4afe514e8f1676efc4""",true,304,true,false,,0,0,0,,,1,0
8,2026-07-15T04:03:15.325Z,80,852,17352,node,2026-07-15T03:50:49.6682453Z,"""C:\Program Files\nodejs\node.exe"" ""D:\typhoon boss radar\node_modules\next\dist\server\lib\start-server.js""",1309798400,3276050432,409,45,,false,2026-07-15T04:01:56.207Z,200,79,"""c0952ea70aac49a90092d6a7d8222d2b82ea51dd2917557a7fd8bfdc595fb562""",false,304,true,false,1,1114,1113,0,6,12,12,26,,,true,2026-07-15T04:03:16.167Z,304,10,"""678522b87936b5d15e337e4afe514e8f1676efc4""",true,304,true,false,,0,0,0,,,1,0
9,2026-07-15T04:03:25.322Z,90,864,17352,node,2026-07-15T03:50:49.6682453Z,"""C:\Program Files\nodejs\node.exe"" ""D:\typhoon boss radar\node_modules\next\dist\server\lib\start-server.js""",1309798400,3276050432,409,45,,false,2026-07-15T04:01:56.207Z,200,79,"""c0952ea70aac49a90092d6a7d8222d2b82ea51dd2917557a7fd8bfdc595fb562""",false,304,true,false,1,1114,1113,0,6,12,12,26,,,true,2026-07-15T04:03:26.176Z,304,10,"""678522b87936b5d15e337e4afe514e8f1676efc4""",true,304,true,false,,0,0,0,,,1,0
10,2026-07-15T04:03:35.310Z,100,866,17352,node,2026-07-15T03:50:49.6682453Z,"""C:\Program Files\nodejs\node.exe"" ""D:\typhoon boss radar\node_modules\next\dist\server\lib\start-server.js""",1309798400,3276050432,409,45,,false,2026-07-15T04:01:56.207Z,200,79,"""c0952ea70aac49a90092d6a7d8222d2b82ea51dd2917557a7fd8bfdc595fb562""",false,304,true,false,1,1114,1113,0,6,12,12,26,,,true,2026-07-15T04:03:36.166Z,304,10,"""678522b87936b5d15e337e4afe514e8f1676efc4""",true,304,true,false,,0,0,0,,,1,0
11,2026-07-15T04:03:45.319Z,110,867,17352,node,2026-07-15T03:50:49.6682453Z,"""C:\Program Files\nodejs\node.exe"" ""D:\typhoon boss radar\node_modules\next\dist\server\lib\start-server.js""",1309863936,3276115968,409,45,,false,2026-07-15T04:01:56.207Z,200,79,"""c0952ea70aac49a90092d6a7d8222d2b82ea51dd2917557a7fd8bfdc595fb562""",false,304,true,false,1,1114,1113,0,6,12,12,26,,,true,2026-07-15T04:03:46.176Z,304,10,"""678522b87936b5d15e337e4afe514e8f1676efc4""",true,304,true,false,,0,0,0,,,1,0
12,2026-07-15T04:03:55.311Z,120,840,17352,node,2026-07-15T03:50:49.6682453Z,"""C:\Program Files\nodejs\node.exe"" ""D:\typhoon boss radar\node_modules\next\dist\server\lib\start-server.js""",1309863936,3276115968,409,45,,false,2026-07-15T04:01:56.207Z,200,79,"""c0952ea70aac49a90092d6a7d8222d2b82ea51dd2917557a7fd8bfdc595fb562""",false,304,true,false,1,1114,1113,0,6,12,12,26,,,true,2026-07-15T04:03:56.141Z,304,10,"""678522b87936b5d15e337e4afe514e8f1676efc4""",true,304,true,false,,0,0,0,,,1,0
13,2026-07-15T04:04:05.311Z,130,856,17352,node,2026-07-15T03:50:49.6682453Z,"""C:\Program Files\nodejs\node.exe"" ""D:\typhoon boss radar\node_modules\next\dist\server\lib\start-server.js""",1309863936,3276115968,409,45,,false,2026-07-15T04:01:56.207Z,200,79,"""c0952ea70aac49a90092d6a7d8222d2b82ea51dd2917557a7fd8bfdc595fb562""",false,304,true,false,1,1114,1113,0,6,12,12,26,,,true,2026-07-15T04:04:06.157Z,304,10,"""678522b87936b5d15e337e4afe514e8f1676efc4""",true,304,true,false,,0,0,0,,,1,0
14,2026-07-15T04:04:15.317Z,140,808,17352,node,2026-07-15T03:50:49.6682453Z,"""C:\Program Files\nodejs\node.exe"" ""D:\typhoon boss radar\node_modules\next\dist\server\lib\start-server.js""",1309868032,3276115968,409,45,,false,2026-07-15T04:01:56.207Z,200,79,"""c0952ea70aac49a90092d6a7d8222d2b82ea51dd2917557a7fd8bfdc595fb562""",false,304,true,false,1,1114,1113,0,6,12,12,26,,,true,2026-07-15T04:04:16.114Z,304,11,"""678522b87936b5d15e337e4afe514e8f1676efc4""",true,304,true,false,,0,0,0,,,1,0
15,2026-07-15T04:04:25.317Z,150,874,17352,node,2026-07-15T03:50:49.6682453Z,"""C:\Program Files\nodejs\node.exe"" ""D:\typhoon boss radar\node_modules\next\dist\server\lib\start-server.js""",1309868032,3276115968,409,45,,false,2026-07-15T04:01:56.207Z,200,79,"""c0952ea70aac49a90092d6a7d8222d2b82ea51dd2917557a7fd8bfdc595fb562""",false,304,true,false,1,1114,1113,0,6,12,12,26,,,true,2026-07-15T04:04:26.160Z,200,30,"""05b3b996d5041ea70370016bb4cb1912ff709b45""",true,304,true,true,,0,0,0,,,1,0
16,2026-07-15T04:04:35.325Z,160,800,17352,node,2026-07-15T03:50:49.6682453Z,"""C:\Program Files\nodejs\node.exe"" ""D:\typhoon boss radar\node_modules\next\dist\server\lib\start-server.js""",1311834112,3278090240,409,45,,false,2026-07-15T04:01:56.207Z,200,79,"""c0952ea70aac49a90092d6a7d8222d2b82ea51dd2917557a7fd8bfdc595fb562""",false,304,true,false,1,1114,1113,0,6,12,12,26,,,true,2026-07-15T04:04:36.114Z,304,10,"""05b3b996d5041ea70370016bb4cb1912ff709b45""",true,304,true,false,,0,0,0,,,1,0
17,2026-07-15T04:04:45.314Z,170,791,17352,node,2026-07-15T03:50:49.6682453Z,"""C:\Program Files\nodejs\node.exe"" ""D:\typhoon boss radar\node_modules\next\dist\server\lib\start-server.js""",1311834112,3278090240,409,45,,false,2026-07-15T04:01:56.207Z,200,79,"""c0952ea70aac49a90092d6a7d8222d2b82ea51dd2917557a7fd8bfdc595fb562""",false,304,true,false,1,1114,1113,0,6,12,12,26,,,true,2026-07-15T04:04:46.095Z,304,10,"""05b3b996d5041ea70370016bb4cb1912ff709b45""",true,304,true,false,,0,0,0,,,1,0
18,2026-07-15T04:04:55.311Z,180,757,17352,node,2026-07-15T03:50:49.6682453Z,"""C:\Program Files\nodejs\node.exe"" ""D:\typhoon boss radar\node_modules\next\dist\server\lib\start-server.js""",1311834112,3278090240,409,45,,false,2026-07-15T04:01:56.207Z,200,79,"""c0952ea70aac49a90092d6a7d8222d2b82ea51dd2917557a7fd8bfdc595fb562""",false,304,true,false,1,1114,1113,0,6,12,12,26,,,true,2026-07-15T04:04:56.058Z,304,9,"""05b3b996d5041ea70370016bb4cb1912ff709b45""",true,304,true,false,,0,0,0,,,1,0
19,2026-07-15T04:05:05.318Z,190,798,17352,node,2026-07-15T03:50:49.6682453Z,"""C:\Program Files\nodejs\node.exe"" ""D:\typhoon boss radar\node_modules\next\dist\server\lib\start-server.js""",1311834112,3278090240,409,45,,false,2026-07-15T04:01:56.207Z,200,79,"""c0952ea70aac49a90092d6a7d8222d2b82ea51dd2917557a7fd8bfdc595fb562""",false,304,true,false,1,1114,1113,0,6,12,12,26,,,true,2026-07-15T04:05:06.106Z,304,10,"""05b3b996d5041ea70370016bb4cb1912ff709b45""",true,304,true,false,,0,0,0,,,1,0
20,2026-07-15T04:05:15.322Z,200,779,17352,node,2026-07-15T03:50:49.6682453Z,"""C:\Program Files\nodejs\node.exe"" ""D:\typhoon boss radar\node_modules\next\dist\server\lib\start-server.js""",1311899648,3278155776,409,45,,false,2026-07-15T04:01:56.207Z,200,79,"""c0952ea70aac49a90092d6a7d8222d2b82ea51dd2917557a7fd8bfdc595fb562""",false,304,true,false,1,1114,1113,0,6,12,12,26,,,true,2026-07-15T04:05:16.092Z,304,10,"""05b3b996d5041ea70370016bb4cb1912ff709b45""",true,304,true,false,,0,0,0,,,1,0
21,2026-07-15T04:05:25.320Z,210,820,17352,node,2026-07-15T03:50:49.6682453Z,"""C:\Program Files\nodejs\node.exe"" ""D:\typhoon boss radar\node_modules\next\dist\server\lib\start-server.js""",1311899648,3278155776,409,45,,false,2026-07-15T04:01:56.207Z,200,79,"""c0952ea70aac49a90092d6a7d8222d2b82ea51dd2917557a7fd8bfdc595fb562""",false,304,true,false,1,1114,1113,0,6,12,12,26,,,true,2026-07-15T04:05:26.130Z,304,10,"""05b3b996d5041ea70370016bb4cb1912ff709b45""",true,304,true,false,,0,0,0,,,1,0
22,2026-07-15T04:05:35.316Z,220,811,17352,node,2026-07-15T03:50:49.6682453Z,"""C:\Program Files\nodejs\node.exe"" ""D:\typhoon boss radar\node_modules\next\dist\server\lib\start-server.js""",1311895552,3278155776,409,45,,false,2026-07-15T04:01:56.207Z,200,79,"""c0952ea70aac49a90092d6a7d8222d2b82ea51dd2917557a7fd8bfdc595fb562""",false,304,true,false,1,1114,1113,0,6,12,12,26,,,true,2026-07-15T04:05:36.117Z,304,10,"""05b3b996d5041ea70370016bb4cb1912ff709b45""",true,304,true,false,,0,0,0,,,1,0
23,2026-07-15T04:05:45.321Z,230,805,17352,node,2026-07-15T03:50:49.6682453Z,"""C:\Program Files\nodejs\node.exe"" ""D:\typhoon boss radar\node_modules\next\dist\server\lib\start-server.js""",1311891456,3278155776,409,45,,false,2026-07-15T04:01:56.207Z,200,79,"""c0952ea70aac49a90092d6a7d8222d2b82ea51dd2917557a7fd8bfdc595fb562""",false,304,true,false,1,1114,1113,0,6,12,12,26,,,true,2026-07-15T04:05:46.116Z,304,10,"""05b3b996d5041ea70370016bb4cb1912ff709b45""",true,304,true,false,,0,0,0,,,1,0
24,2026-07-15T04:05:55.314Z,240,841,17352,node,2026-07-15T03:50:49.6682453Z,"""C:\Program Files\nodejs\node.exe"" ""D:\typhoon boss radar\node_modules\next\dist\server\lib\start-server.js""",1311891456,3278155776,409,45,,false,2026-07-15T04:01:56.207Z,200,79,"""c0952ea70aac49a90092d6a7d8222d2b82ea51dd2917557a7fd8bfdc595fb562""",false,304,true,false,1,1114,1113,0,6,12,12,26,,,true,2026-07-15T04:05:56.145Z,304,10,"""05b3b996d5041ea70370016bb4cb1912ff709b45""",true,304,true,false,,0,0,0,,,1,0
25,2026-07-15T04:06:05.312Z,250,829,17352,node,2026-07-15T03:50:49.6682453Z,"""C:\Program Files\nodejs\node.exe"" ""D:\typhoon boss radar\node_modules\next\dist\server\lib\start-server.js""",1311891456,3278155776,409,45,,false,2026-07-15T04:01:56.207Z,200,79,"""c0952ea70aac49a90092d6a7d8222d2b82ea51dd2917557a7fd8bfdc595fb562""",false,304,true,false,1,1114,1113,0,6,12,12,26,,,true,2026-07-15T04:06:06.130Z,304,10,"""05b3b996d5041ea70370016bb4cb1912ff709b45""",true,304,true,false,,0,0,0,,,1,0
26,2026-07-15T04:06:15.319Z,260,776,17352,node,2026-07-15T03:50:49.6682453Z,"""C:\Program Files\nodejs\node.exe"" ""D:\typhoon boss radar\node_modules\next\dist\server\lib\start-server.js""",1312350208,3279024128,409,45,,false,2026-07-15T04:01:56.207Z,200,79,"""c0952ea70aac49a90092d6a7d8222d2b82ea51dd2917557a7fd8bfdc595fb562""",false,304,true,false,1,1114,1113,0,6,12,12,26,,,true,2026-07-15T04:06:16.086Z,304,10,"""05b3b996d5041ea70370016bb4cb1912ff709b45""",true,304,true,false,,0,0,0,,,1,0
27,2026-07-15T04:06:25.315Z,270,838,17352,node,2026-07-15T03:50:49.6682453Z,"""C:\Program Files\nodejs\node.exe"" ""D:\typhoon boss radar\node_modules\next\dist\server\lib\start-server.js""",1313267712,3279831040,409,45,,false,2026-07-15T04:01:56.207Z,200,79,"""c0952ea70aac49a90092d6a7d8222d2b82ea51dd2917557a7fd8bfdc595fb562""",false,304,true,false,1,1114,1113,0,6,12,12,26,,,true,2026-07-15T04:06:26.143Z,304,10,"""05b3b996d5041ea70370016bb4cb1912ff709b45""",true,304,true,false,,0,0,0,,,1,0
28,2026-07-15T04:06:35.315Z,280,778,17352,node,2026-07-15T03:50:49.6682453Z,"""C:\Program Files\nodejs\node.exe"" ""D:\typhoon boss radar\node_modules\next\dist\server\lib\start-server.js""",1313271808,3279831040,409,45,,false,2026-07-15T04:01:56.207Z,200,79,"""c0952ea70aac49a90092d6a7d8222d2b82ea51dd2917557a7fd8bfdc595fb562""",false,304,true,false,1,1114,1113,0,6,12,12,26,,,true,2026-07-15T04:06:36.083Z,304,11,"""05b3b996d5041ea70370016bb4cb1912ff709b45""",true,304,true,false,,0,0,0,,,1,0
29,2026-07-15T04:06:45.317Z,290,827,17352,node,2026-07-15T03:50:49.6682453Z,"""C:\Program Files\nodejs\node.exe"" ""D:\typhoon boss radar\node_modules\next\dist\server\lib\start-server.js""",1313308672,3281711104,409,45,,false,2026-07-15T04:01:56.207Z,200,79,"""c0952ea70aac49a90092d6a7d8222d2b82ea51dd2917557a7fd8bfdc595fb562""",false,304,true,false,1,1114,1113,0,6,12,12,26,,,true,2026-07-15T04:06:46.135Z,304,10,"""05b3b996d5041ea70370016bb4cb1912ff709b45""",true,304,true,false,,0,0,0,,,1,0
30,2026-07-15T04:06:55.319Z,300,906,17352,node,2026-07-15T03:50:49.6682453Z,"""C:\Program Files\nodejs\node.exe"" ""D:\typhoon boss radar\node_modules\next\dist\server\lib\start-server.js""",1314783232,3282518016,409,45,,true,2026-07-15T04:06:56.119Z,200,52,"""711c88f7c161d050f5bf2a8d7cd4245d1633a69d5ca5c8deb5b0cb1cfe759281""",true,304,true,true,1,1112,1111,0,6,12,12,26,,,true,2026-07-15T04:06:56.193Z,304,32,"""05b3b996d5041ea70370016bb4cb1912ff709b45""",true,304,true,false,,0,0,0,,,1,0
31,2026-07-15T04:07:05.315Z,310,850,17352,node,2026-07-15T03:50:49.6682453Z,"""C:\Program Files\nodejs\node.exe"" ""D:\typhoon boss radar\node_modules\next\dist\server\lib\start-server.js""",1030774784,1080541184,409,45,,false,2026-07-15T04:06:56.119Z,200,52,"""711c88f7c161d050f5bf2a8d7cd4245d1633a69d5ca5c8deb5b0cb1cfe759281""",true,304,true,true,1,1112,1111,0,6,12,12,26,,,true,2026-07-15T04:07:06.155Z,304,10,"""05b3b996d5041ea70370016bb4cb1912ff709b45""",true,304,true,false,,0,0,0,,,1,0
32,2026-07-15T04:07:15.321Z,320,817,17352,node,2026-07-15T03:50:49.6682453Z,"""C:\Program Files\nodejs\node.exe"" ""D:\typhoon boss radar\node_modules\next\dist\server\lib\start-server.js""",1030856704,1080553472,409,45,,false,2026-07-15T04:06:56.119Z,200,52,"""711c88f7c161d050f5bf2a8d7cd4245d1633a69d5ca5c8deb5b0cb1cfe759281""",true,304,true,true,1,1112,1111,0,6,12,12,26,,,true,2026-07-15T04:07:16.128Z,304,9,"""05b3b996d5041ea70370016bb4cb1912ff709b45""",true,304,true,false,,0,0,0,,,1,0
33,2026-07-15T04:07:25.322Z,330,832,17352,node,2026-07-15T03:50:49.6682453Z,"""C:\Program Files\nodejs\node.exe"" ""D:\typhoon boss radar\node_modules\next\dist\server\lib\start-server.js""",1031581696,1081032704,409,45,,false,2026-07-15T04:06:56.119Z,200,52,"""711c88f7c161d050f5bf2a8d7cd4245d1633a69d5ca5c8deb5b0cb1cfe759281""",true,304,true,true,1,1112,1111,0,6,12,12,26,,,true,2026-07-15T04:07:26.144Z,304,9,"""05b3b996d5041ea70370016bb4cb1912ff709b45""",true,304,true,false,,0,0,0,,,1,0
34,2026-07-15T04:07:35.320Z,340,810,17352,node,2026-07-15T03:50:49.6682453Z,"""C:\Program Files\nodejs\node.exe"" ""D:\typhoon boss radar\node_modules\next\dist\server\lib\start-server.js""",1034256384,1081683968,409,45,,false,2026-07-15T04:06:56.119Z,200,52,"""711c88f7c161d050f5bf2a8d7cd4245d1633a69d5ca5c8deb5b0cb1cfe759281""",true,304,true,true,1,1112,1111,0,6,12,12,26,,,true,2026-07-15T04:07:36.119Z,304,11,"""05b3b996d5041ea70370016bb4cb1912ff709b45""",true,304,true,false,,0,0,0,,,1,0
35,2026-07-15T04:07:45.322Z,350,798,17352,node,2026-07-15T03:50:49.6682453Z,"""C:\Program Files\nodejs\node.exe"" ""D:\typhoon boss radar\node_modules\next\dist\server\lib\start-server.js""",1034674176,1081856000,409,45,,false,2026-07-15T04:06:56.119Z,200,52,"""711c88f7c161d050f5bf2a8d7cd4245d1633a69d5ca5c8deb5b0cb1cfe759281""",true,304,true,true,1,1112,1111,0,6,12,12,26,,,true,2026-07-15T04:07:46.111Z,304,9,"""05b3b996d5041ea70370016bb4cb1912ff709b45""",true,304,true,false,,0,0,0,,,1,0
36,2026-07-15T04:07:55.316Z,360,851,17352,node,2026-07-15T03:50:49.6682453Z,"""C:\Program Files\nodejs\node.exe"" ""D:\typhoon boss radar\node_modules\next\dist\server\lib\start-server.js""",1034719232,1081896960,409,45,,false,2026-07-15T04:06:56.119Z,200,52,"""711c88f7c161d050f5bf2a8d7cd4245d1633a69d5ca5c8deb5b0cb1cfe759281""",true,304,true,true,1,1112,1111,0,6,12,12,26,,,true,2026-07-15T04:07:56.159Z,304,9,"""05b3b996d5041ea70370016bb4cb1912ff709b45""",true,304,true,false,,0,0,0,,,1,0
37,2026-07-15T04:08:05.313Z,370,818,17352,node,2026-07-15T03:50:49.6682453Z,"""C:\Program Files\nodejs\node.exe"" ""D:\typhoon boss radar\node_modules\next\dist\server\lib\start-server.js""",1034764288,1081929728,409,45,,false,2026-07-15T04:06:56.119Z,200,52,"""711c88f7c161d050f5bf2a8d7cd4245d1633a69d5ca5c8deb5b0cb1cfe759281""",true,304,true,true,1,1112,1111,0,6,12,12,26,,,true,2026-07-15T04:08:06.120Z,304,11,"""05b3b996d5041ea70370016bb4cb1912ff709b45""",true,304,true,false,,0,0,0,,,1,0
38,2026-07-15T04:08:15.319Z,380,811,17352,node,2026-07-15T03:50:49.6682453Z,"""C:\Program Files\nodejs\node.exe"" ""D:\typhoon boss radar\node_modules\next\dist\server\lib\start-server.js""",1034850304,1082036224,409,45,,false,2026-07-15T04:06:56.119Z,200,52,"""711c88f7c161d050f5bf2a8d7cd4245d1633a69d5ca5c8deb5b0cb1cfe759281""",true,304,true,true,1,1112,1111,0,6,12,12,26,,,true,2026-07-15T04:08:16.122Z,304,9,"""05b3b996d5041ea70370016bb4cb1912ff709b45""",true,304,true,false,,0,0,0,,,1,0
39,2026-07-15T04:08:25.322Z,390,799,17352,node,2026-07-15T03:50:49.6682453Z,"""C:\Program Files\nodejs\node.exe"" ""D:\typhoon boss radar\node_modules\next\dist\server\lib\start-server.js""",1035866112,1083060224,409,45,,false,2026-07-15T04:06:56.119Z,200,52,"""711c88f7c161d050f5bf2a8d7cd4245d1633a69d5ca5c8deb5b0cb1cfe759281""",true,304,true,true,1,1112,1111,0,6,12,12,26,,,true,2026-07-15T04:08:26.110Z,304,11,"""05b3b996d5041ea70370016bb4cb1912ff709b45""",true,304,true,false,,0,0,0,,,1,0
40,2026-07-15T04:08:35.318Z,400,841,17352,node,2026-07-15T03:50:49.6682453Z,"""C:\Program Files\nodejs\node.exe"" ""D:\typhoon boss radar\node_modules\next\dist\server\lib\start-server.js""",1035943936,1083146240,409,45,,false,2026-07-15T04:06:56.119Z,200,52,"""711c88f7c161d050f5bf2a8d7cd4245d1633a69d5ca5c8deb5b0cb1cfe759281""",true,304,true,true,1,1112,1111,0,6,12,12,26,,,true,2026-07-15T04:08:36.131Z,200,28,"""5b3eed5a939b3490edb7e1e671fef3bd32803d02""",true,304,true,true,,0,0,0,,,1,0
41,2026-07-15T04:08:45.319Z,410,827,17352,node,2026-07-15T03:50:49.6682453Z,"""C:\Program Files\nodejs\node.exe"" ""D:\typhoon boss radar\node_modules\next\dist\server\lib\start-server.js""",1035997184,1083203584,409,45,,false,2026-07-15T04:06:56.119Z,200,52,"""711c88f7c161d050f5bf2a8d7cd4245d1633a69d5ca5c8deb5b0cb1cfe759281""",true,304,true,true,1,1112,1111,0,6,12,12,26,,,true,2026-07-15T04:08:46.136Z,304,10,"""5b3eed5a939b3490edb7e1e671fef3bd32803d02""",true,304,true,false,,0,0,0,,,1,0
42,2026-07-15T04:08:55.321Z,420,796,17352,node,2026-07-15T03:50:49.6682453Z,"""C:\Program Files\nodejs\node.exe"" ""D:\typhoon boss radar\node_modules\next\dist\server\lib\start-server.js""",1036025856,1083232256,409,45,,false,2026-07-15T04:06:56.119Z,200,52,"""711c88f7c161d050f5bf2a8d7cd4245d1633a69d5ca5c8deb5b0cb1cfe759281""",true,304,true,true,1,1112,1111,0,6,12,12,26,,,true,2026-07-15T04:08:56.107Z,304,10,"""5b3eed5a939b3490edb7e1e671fef3bd32803d02""",true,304,true,false,,0,0,0,,,1,0
43,2026-07-15T04:09:05.314Z,430,772,17352,node,2026-07-15T03:50:49.6682453Z,"""C:\Program Files\nodejs\node.exe"" ""D:\typhoon boss radar\node_modules\next\dist\server\lib\start-server.js""",1036034048,1083240448,409,45,,false,2026-07-15T04:06:56.119Z,200,52,"""711c88f7c161d050f5bf2a8d7cd4245d1633a69d5ca5c8deb5b0cb1cfe759281""",true,304,true,true,1,1112,1111,0,6,12,12,26,,,true,2026-07-15T04:09:06.076Z,304,10,"""5b3eed5a939b3490edb7e1e671fef3bd32803d02""",true,304,true,false,,0,0,0,,,1,0
44,2026-07-15T04:09:15.323Z,440,785,17352,node,2026-07-15T03:50:49.6682453Z,"""C:\Program Files\nodejs\node.exe"" ""D:\typhoon boss radar\node_modules\next\dist\server\lib\start-server.js""",1036054528,1083260928,409,45,,false,2026-07-15T04:06:56.119Z,200,52,"""711c88f7c161d050f5bf2a8d7cd4245d1633a69d5ca5c8deb5b0cb1cfe759281""",true,304,true,true,1,1112,1111,0,6,12,12,26,,,true,2026-07-15T04:09:16.098Z,304,10,"""5b3eed5a939b3490edb7e1e671fef3bd32803d02""",true,304,true,false,,0,0,0,,,1,0
45,2026-07-15T04:09:25.310Z,450,775,17352,node,2026-07-15T03:50:49.6682453Z,"""C:\Program Files\nodejs\node.exe"" ""D:\typhoon boss radar\node_modules\next\dist\server\lib\start-server.js""",1036062720,1083269120,409,45,,false,2026-07-15T04:06:56.119Z,200,52,"""711c88f7c161d050f5bf2a8d7cd4245d1633a69d5ca5c8deb5b0cb1cfe759281""",true,304,true,true,1,1112,1111,0,6,12,12,26,,,true,2026-07-15T04:09:26.075Z,304,11,"""5b3eed5a939b3490edb7e1e671fef3bd32803d02""",true,304,true,false,,0,0,0,,,1,0
46,2026-07-15T04:09:35.322Z,460,793,17352,node,2026-07-15T03:50:49.6682453Z,"""C:\Program Files\nodejs\node.exe"" ""D:\typhoon boss radar\node_modules\next\dist\server\lib\start-server.js""",1036066816,1083273216,409,45,,false,2026-07-15T04:06:56.119Z,200,52,"""711c88f7c161d050f5bf2a8d7cd4245d1633a69d5ca5c8deb5b0cb1cfe759281""",true,304,true,true,1,1112,1111,0,6,12,12,26,,,true,2026-07-15T04:09:36.105Z,304,10,"""5b3eed5a939b3490edb7e1e671fef3bd32803d02""",true,304,true,false,,0,0,0,,,1,0
47,2026-07-15T04:09:45.321Z,470,820,17352,node,2026-07-15T03:50:49.6682453Z,"""C:\Program Files\nodejs\node.exe"" ""D:\typhoon boss radar\node_modules\next\dist\server\lib\start-server.js""",1036099584,1083297792,409,45,,false,2026-07-15T04:06:56.119Z,200,52,"""711c88f7c161d050f5bf2a8d7cd4245d1633a69d5ca5c8deb5b0cb1cfe759281""",true,304,true,true,1,1112,1111,0,6,12,12,26,,,true,2026-07-15T04:09:46.131Z,304,10,"""5b3eed5a939b3490edb7e1e671fef3bd32803d02""",true,304,true,false,,0,0,0,,,1,0
48,2026-07-15T04:09:55.324Z,480,791,17352,node,2026-07-15T03:50:49.6682453Z,"""C:\Program Files\nodejs\node.exe"" ""D:\typhoon boss radar\node_modules\next\dist\server\lib\start-server.js""",1038032896,1085243392,409,45,,false,2026-07-15T04:06:56.119Z,200,52,"""711c88f7c161d050f5bf2a8d7cd4245d1633a69d5ca5c8deb5b0cb1cfe759281""",true,304,true,true,1,1112,1111,0,6,12,12,26,,,true,2026-07-15T04:09:56.105Z,304,10,"""5b3eed5a939b3490edb7e1e671fef3bd32803d02""",true,304,true,false,,0,0,0,,,1,0
49,2026-07-15T04:10:05.314Z,490,867,17352,node,2026-07-15T03:50:49.6682453Z,"""C:\Program Files\nodejs\node.exe"" ""D:\typhoon boss radar\node_modules\next\dist\server\lib\start-server.js""",1038036992,1085247488,409,45,,false,2026-07-15T04:06:56.119Z,200,52,"""711c88f7c161d050f5bf2a8d7cd4245d1633a69d5ca5c8deb5b0cb1cfe759281""",true,304,true,true,1,1112,1111,0,6,12,12,26,,,true,2026-07-15T04:10:06.171Z,304,10,"""5b3eed5a939b3490edb7e1e671fef3bd32803d02""",true,304,true,false,,0,0,0,,,1,0
50,2026-07-15T04:10:15.317Z,500,762,17352,node,2026-07-15T03:50:49.6682453Z,"""C:\Program Files\nodejs\node.exe"" ""D:\typhoon boss radar\node_modules\next\dist\server\lib\start-server.js""",1038036992,1085247488,409,45,,false,2026-07-15T04:06:56.119Z,200,52,"""711c88f7c161d050f5bf2a8d7cd4245d1633a69d5ca5c8deb5b0cb1cfe759281""",true,304,true,true,1,1112,1111,0,6,12,12,26,,,true,2026-07-15T04:10:16.069Z,304,10,"""5b3eed5a939b3490edb7e1e671fef3bd32803d02""",true,304,true,false,,0,0,0,,,1,0
51,2026-07-15T04:10:25.321Z,510,760,17352,node,2026-07-15T03:50:49.6682453Z,"""C:\Program Files\nodejs\node.exe"" ""D:\typhoon boss radar\node_modules\next\dist\server\lib\start-server.js""",1038262272,1085464576,409,45,,false,2026-07-15T04:06:56.119Z,200,52,"""711c88f7c161d050f5bf2a8d7cd4245d1633a69d5ca5c8deb5b0cb1cfe759281""",true,304,true,true,1,1112,1111,0,6,12,12,26,,,true,2026-07-15T04:10:26.072Z,304,10,"""5b3eed5a939b3490edb7e1e671fef3bd32803d02""",true,304,true,false,,0,0,0,,,1,0
52,2026-07-15T04:10:35.313Z,520,759,17352,node,2026-07-15T03:50:49.6682453Z,"""C:\Program Files\nodejs\node.exe"" ""D:\typhoon boss radar\node_modules\next\dist\server\lib\start-server.js""",1038282752,1085489152,409,45,,false,2026-07-15T04:06:56.119Z,200,52,"""711c88f7c161d050f5bf2a8d7cd4245d1633a69d5ca5c8deb5b0cb1cfe759281""",true,304,true,true,1,1112,1111,0,6,12,12,26,,,true,2026-07-15T04:10:36.062Z,304,10,"""5b3eed5a939b3490edb7e1e671fef3bd32803d02""",true,304,true,false,,0,0,0,,,1,0
53,2026-07-15T04:10:45.315Z,530,816,17352,node,2026-07-15T03:50:49.6682453Z,"""C:\Program Files\nodejs\node.exe"" ""D:\typhoon boss radar\node_modules\next\dist\server\lib\start-server.js""",1038282752,1085489152,409,45,,false,2026-07-15T04:06:56.119Z,200,52,"""711c88f7c161d050f5bf2a8d7cd4245d1633a69d5ca5c8deb5b0cb1cfe759281""",true,304,true,true,1,1112,1111,0,6,12,12,26,,,true,2026-07-15T04:10:46.120Z,304,10,"""5b3eed5a939b3490edb7e1e671fef3bd32803d02""",true,304,true,false,,0,0,0,,,1,0
54,2026-07-15T04:10:55.316Z,540,860,17352,node,2026-07-15T03:50:49.6682453Z,"""C:\Program Files\nodejs\node.exe"" ""D:\typhoon boss radar\node_modules\next\dist\server\lib\start-server.js""",1038299136,1085505536,409,45,,false,2026-07-15T04:06:56.119Z,200,52,"""711c88f7c161d050f5bf2a8d7cd4245d1633a69d5ca5c8deb5b0cb1cfe759281""",true,304,true,true,1,1112,1111,0,6,12,12,26,,,true,2026-07-15T04:10:56.166Z,304,10,"""5b3eed5a939b3490edb7e1e671fef3bd32803d02""",true,304,true,false,,0,0,0,,,1,0
55,2026-07-15T04:11:05.318Z,550,794,17352,node,2026-07-15T03:50:49.6682453Z,"""C:\Program Files\nodejs\node.exe"" ""D:\typhoon boss radar\node_modules\next\dist\server\lib\start-server.js""",1038319616,1085526016,409,45,,false,2026-07-15T04:06:56.119Z,200,52,"""711c88f7c161d050f5bf2a8d7cd4245d1633a69d5ca5c8deb5b0cb1cfe759281""",true,304,true,true,1,1112,1111,0,6,12,12,26,,,true,2026-07-15T04:11:06.101Z,304,10,"""5b3eed5a939b3490edb7e1e671fef3bd32803d02""",true,304,true,false,,0,0,0,,,1,0
56,2026-07-15T04:11:15.319Z,560,784,17352,node,2026-07-15T03:50:49.6682453Z,"""C:\Program Files\nodejs\node.exe"" ""D:\typhoon boss radar\node_modules\next\dist\server\lib\start-server.js""",1038344192,1085550592,409,45,,false,2026-07-15T04:06:56.119Z,200,52,"""711c88f7c161d050f5bf2a8d7cd4245d1633a69d5ca5c8deb5b0cb1cfe759281""",true,304,true,true,1,1112,1111,0,6,12,12,26,,,true,2026-07-15T04:11:16.093Z,304,10,"""5b3eed5a939b3490edb7e1e671fef3bd32803d02""",true,304,true,false,,0,0,0,,,1,0
57,2026-07-15T04:11:25.323Z,570,855,17352,node,2026-07-15T03:50:49.6682453Z,"""C:\Program Files\nodejs\node.exe"" ""D:\typhoon boss radar\node_modules\next\dist\server\lib\start-server.js""",1038344192,1085550592,409,45,,false,2026-07-15T04:06:56.119Z,200,52,"""711c88f7c161d050f5bf2a8d7cd4245d1633a69d5ca5c8deb5b0cb1cfe759281""",true,304,true,true,1,1112,1111,0,6,12,12,26,,,true,2026-07-15T04:11:26.167Z,304,11,"""5b3eed5a939b3490edb7e1e671fef3bd32803d02""",true,304,true,false,,0,0,0,,,1,0
58,2026-07-15T04:11:35.325Z,580,793,17352,node,2026-07-15T03:50:49.6682453Z,"""C:\Program Files\nodejs\node.exe"" ""D:\typhoon boss radar\node_modules\next\dist\server\lib\start-server.js""",1038360576,1085566976,409,45,,false,2026-07-15T04:06:56.119Z,200,52,"""711c88f7c161d050f5bf2a8d7cd4245d1633a69d5ca5c8deb5b0cb1cfe759281""",true,304,true,true,1,1112,1111,0,6,12,12,26,,,true,2026-07-15T04:11:36.108Z,304,10,"""5b3eed5a939b3490edb7e1e671fef3bd32803d02""",true,304,true,false,,0,0,0,,,1,0
59,2026-07-15T04:11:45.314Z,590,812,17352,node,2026-07-15T03:50:49.6682453Z,"""C:\Program Files\nodejs\node.exe"" ""D:\typhoon boss radar\node_modules\next\dist\server\lib\start-server.js""",1038434304,1085640704,409,45,,false,2026-07-15T04:06:56.119Z,200,52,"""711c88f7c161d050f5bf2a8d7cd4245d1633a69d5ca5c8deb5b0cb1cfe759281""",true,304,true,true,1,1112,1111,0,6,12,12,26,,,true,2026-07-15T04:11:46.116Z,304,11,"""5b3eed5a939b3490edb7e1e671fef3bd32803d02""",true,304,true,false,,0,0,0,,,1,0
60,2026-07-15T04:11:55.324Z,600,826,17352,node,2026-07-15T03:50:49.6682453Z,"""C:\Program Files\nodejs\node.exe"" ""D:\typhoon boss radar\node_modules\next\dist\server\lib\start-server.js""",1038471168,1085681664,409,45,,true,2026-07-15T04:11:56.086Z,200,50,"""2489ba5850189f1d5bd490f3983732457716019b5ac657c165cf9c47832ca3ba""",true,304,true,true,1,1112,1111,0,6,12,12,26,,,true,2026-07-15T04:11:56.140Z,304,9,"""5b3eed5a939b3490edb7e1e671fef3bd32803d02""",true,304,true,false,,0,0,0,,,1,0
61,2026-07-15T04:12:05.313Z,610,803,17352,node,2026-07-15T03:50:49.6682453Z,"""C:\Program Files\nodejs\node.exe"" ""D:\typhoon boss radar\node_modules\next\dist\server\lib\start-server.js""",1051230208,1098780672,409,45,,false,2026-07-15T04:11:56.086Z,200,50,"""2489ba5850189f1d5bd490f3983732457716019b5ac657c165cf9c47832ca3ba""",true,304,true,true,1,1112,1111,0,6,12,12,26,,,true,2026-07-15T04:12:06.106Z,304,10,"""5b3eed5a939b3490edb7e1e671fef3bd32803d02""",true,304,true,false,,0,0,0,,,1,0
62,2026-07-15T04:12:15.312Z,620,792,17352,node,2026-07-15T03:50:49.6682453Z,"""C:\Program Files\nodejs\node.exe"" ""D:\typhoon boss radar\node_modules\next\dist\server\lib\start-server.js""",1052045312,1098780672,409,45,,false,2026-07-15T04:11:56.086Z,200,50,"""2489ba5850189f1d5bd490f3983732457716019b5ac657c165cf9c47832ca3ba""",true,304,true,true,1,1112,1111,0,6,12,12,26,,,true,2026-07-15T04:12:16.092Z,304,11,"""5b3eed5a939b3490edb7e1e671fef3bd32803d02""",true,304,true,false,,0,0,0,,,1,0
63,2026-07-15T04:12:25.313Z,630,836,17352,node,2026-07-15T03:50:49.6682453Z,"""C:\Program Files\nodejs\node.exe"" ""D:\typhoon boss radar\node_modules\next\dist\server\lib\start-server.js""",1047674880,1094160384,409,45,,false,2026-07-15T04:11:56.086Z,200,50,"""2489ba5850189f1d5bd490f3983732457716019b5ac657c165cf9c47832ca3ba""",true,304,true,true,1,1112,1111,0,6,12,12,26,,,true,2026-07-15T04:12:26.139Z,304,10,"""5b3eed5a939b3490edb7e1e671fef3bd32803d02""",true,304,true,false,,0,0,0,,,1,0
64,2026-07-15T04:12:35.321Z,640,807,17352,node,2026-07-15T03:50:49.6682453Z,"""C:\Program Files\nodejs\node.exe"" ""D:\typhoon boss radar\node_modules\next\dist\server\lib\start-server.js""",1047699456,1094184960,409,45,,false,2026-07-15T04:11:56.086Z,200,50,"""2489ba5850189f1d5bd490f3983732457716019b5ac657c165cf9c47832ca3ba""",true,304,true,true,1,1112,1111,0,6,12,12,26,,,true,2026-07-15T04:12:36.098Z,200,30,"""9355ea7d9c5e851c7d6c3645f376deeee166784f""",true,304,true,true,,0,0,0,,,1,0
65,2026-07-15T04:12:45.319Z,650,805,17352,node,2026-07-15T03:50:49.6682453Z,"""C:\Program Files\nodejs\node.exe"" ""D:\typhoon boss radar\node_modules\next\dist\server\lib\start-server.js""",1051467776,1098043392,409,45,,false,2026-07-15T04:11:56.086Z,200,50,"""2489ba5850189f1d5bd490f3983732457716019b5ac657c165cf9c47832ca3ba""",true,304,true,true,1,1112,1111,0,6,12,12,26,,,true,2026-07-15T04:12:46.110Z,304,14,"""9355ea7d9c5e851c7d6c3645f376deeee166784f""",true,304,true,false,,0,0,0,,,1,0
66,2026-07-15T04:12:55.322Z,660,855,17352,node,2026-07-15T03:50:49.6682453Z,"""C:\Program Files\nodejs\node.exe"" ""D:\typhoon boss radar\node_modules\next\dist\server\lib\start-server.js""",1052729344,1099329536,409,45,,false,2026-07-15T04:11:56.086Z,200,50,"""2489ba5850189f1d5bd490f3983732457716019b5ac657c165cf9c47832ca3ba""",true,304,true,true,1,1112,1111,0,6,12,12,26,,,true,2026-07-15T04:12:56.167Z,304,10,"""9355ea7d9c5e851c7d6c3645f376deeee166784f""",true,304,true,false,,0,0,0,,,1,0
67,2026-07-15T04:13:05.319Z,670,775,17352,node,2026-07-15T03:50:49.6682453Z,"""C:\Program Files\nodejs\node.exe"" ""D:\typhoon boss radar\node_modules\next\dist\server\lib\start-server.js""",1052794880,1099395072,409,45,,false,2026-07-15T04:11:56.086Z,200,50,"""2489ba5850189f1d5bd490f3983732457716019b5ac657c165cf9c47832ca3ba""",true,304,true,true,1,1112,1111,0,6,12,12,26,,,true,2026-07-15T04:13:06.084Z,304,10,"""9355ea7d9c5e851c7d6c3645f376deeee166784f""",true,304,true,false,,0,0,0,,,1,0
68,2026-07-15T04:13:15.310Z,680,794,17352,node,2026-07-15T03:50:49.6682453Z,"""C:\Program Files\nodejs\node.exe"" ""D:\typhoon boss radar\node_modules\next\dist\server\lib\start-server.js""",1052807168,1099407360,409,45,,false,2026-07-15T04:11:56.086Z,200,50,"""2489ba5850189f1d5bd490f3983732457716019b5ac657c165cf9c47832ca3ba""",true,304,true,true,1,1112,1111,0,6,12,12,26,,,true,2026-07-15T04:13:16.094Z,304,10,"""9355ea7d9c5e851c7d6c3645f376deeee166784f""",true,304,true,false,,0,0,0,,,1,0
69,2026-07-15T04:13:25.319Z,690,821,17352,node,2026-07-15T03:50:49.6682453Z,"""C:\Program Files\nodejs\node.exe"" ""D:\typhoon boss radar\node_modules\next\dist\server\lib\start-server.js""",1052942336,1099550720,409,45,,false,2026-07-15T04:11:56.086Z,200,50,"""2489ba5850189f1d5bd490f3983732457716019b5ac657c165cf9c47832ca3ba""",true,304,true,true,1,1112,1111,0,6,12,12,26,,,true,2026-07-15T04:13:26.128Z,304,12,"""9355ea7d9c5e851c7d6c3645f376deeee166784f""",true,304,true,false,,0,0,0,,,1,0
70,2026-07-15T04:13:35.321Z,700,797,17352,node,2026-07-15T03:50:49.6682453Z,"""C:\Program Files\nodejs\node.exe"" ""D:\typhoon boss radar\node_modules\next\dist\server\lib\start-server.js""",1042640896,1091461120,409,45,,false,2026-07-15T04:11:56.086Z,200,50,"""2489ba5850189f1d5bd490f3983732457716019b5ac657c165cf9c47832ca3ba""",true,304,true,true,1,1112,1111,0,6,12,12,26,,,true,2026-07-15T04:13:36.109Z,304,10,"""9355ea7d9c5e851c7d6c3645f376deeee166784f""",true,304,true,false,,0,0,0,,,1,0
71,2026-07-15T04:13:45.314Z,710,808,17352,node,2026-07-15T03:50:49.6682453Z,"""C:\Program Files\nodejs\node.exe"" ""D:\typhoon boss radar\node_modules\next\dist\server\lib\start-server.js""",1042653184,1092313088,409,45,,false,2026-07-15T04:11:56.086Z,200,50,"""2489ba5850189f1d5bd490f3983732457716019b5ac657c165cf9c47832ca3ba""",true,304,true,true,1,1112,1111,0,6,12,12,26,,,true,2026-07-15T04:13:46.113Z,304,9,"""9355ea7d9c5e851c7d6c3645f376deeee166784f""",true,304,true,false,,0,0,0,,,1,0
72,2026-07-15T04:13:55.320Z,720,802,17352,node,2026-07-15T03:50:49.6682453Z,"""C:\Program Files\nodejs\node.exe"" ""D:\typhoon boss radar\node_modules\next\dist\server\lib\start-server.js""",1042653184,1092313088,409,45,,false,2026-07-15T04:11:56.086Z,200,50,"""2489ba5850189f1d5bd490f3983732457716019b5ac657c165cf9c47832ca3ba""",true,304,true,true,1,1112,1111,0,6,12,12,26,,,true,2026-07-15T04:13:56.113Z,304,10,"""9355ea7d9c5e851c7d6c3645f376deeee166784f""",true,304,true,false,,0,0,0,,,1,0
73,2026-07-15T04:14:05.314Z,730,792,17352,node,2026-07-15T03:50:49.6682453Z,"""C:\Program Files\nodejs\node.exe"" ""D:\typhoon boss radar\node_modules\next\dist\server\lib\start-server.js""",1042980864,1092648960,409,45,,false,2026-07-15T04:11:56.086Z,200,50,"""2489ba5850189f1d5bd490f3983732457716019b5ac657c165cf9c47832ca3ba""",true,304,true,true,1,1112,1111,0,6,12,12,26,,,true,2026-07-15T04:14:06.095Z,304,11,"""9355ea7d9c5e851c7d6c3645f376deeee166784f""",true,304,true,false,,0,0,0,,,1,0
74,2026-07-15T04:14:15.324Z,740,778,17352,node,2026-07-15T03:50:49.6682453Z,"""C:\Program Files\nodejs\node.exe"" ""D:\typhoon boss radar\node_modules\next\dist\server\lib\start-server.js""",1042989056,1092653056,409,45,,false,2026-07-15T04:11:56.086Z,200,50,"""2489ba5850189f1d5bd490f3983732457716019b5ac657c165cf9c47832ca3ba""",true,304,true,true,1,1112,1111,0,6,12,12,26,,,true,2026-07-15T04:14:16.092Z,304,10,"""9355ea7d9c5e851c7d6c3645f376deeee166784f""",true,304,true,false,,0,0,0,,,1,0
75,2026-07-15T04:14:25.313Z,750,758,17352,node,2026-07-15T03:50:49.6682453Z,"""C:\Program Files\nodejs\node.exe"" ""D:\typhoon boss radar\node_modules\next\dist\server\lib\start-server.js""",1043529728,1093197824,409,45,,false,2026-07-15T04:11:56.086Z,200,50,"""2489ba5850189f1d5bd490f3983732457716019b5ac657c165cf9c47832ca3ba""",true,304,true,true,1,1112,1111,0,6,12,12,26,,,true,2026-07-15T04:14:26.062Z,304,9,"""9355ea7d9c5e851c7d6c3645f376deeee166784f""",true,304,true,false,,0,0,0,,,1,0
76,2026-07-15T04:14:35.323Z,760,744,17352,node,2026-07-15T03:50:49.6682453Z,"""C:\Program Files\nodejs\node.exe"" ""D:\typhoon boss radar\node_modules\next\dist\server\lib\start-server.js""",1043537920,1093206016,409,45,,false,2026-07-15T04:11:56.086Z,200,50,"""2489ba5850189f1d5bd490f3983732457716019b5ac657c165cf9c47832ca3ba""",true,304,true,true,1,1112,1111,0,6,12,12,26,,,true,2026-07-15T04:14:36.058Z,304,9,"""9355ea7d9c5e851c7d6c3645f376deeee166784f""",true,304,true,false,,0,0,0,,,1,0
77,2026-07-15T04:14:45.314Z,770,756,17352,node,2026-07-15T03:50:49.6682453Z,"""C:\Program Files\nodejs\node.exe"" ""D:\typhoon boss radar\node_modules\next\dist\server\lib\start-server.js""",1043537920,1093484544,409,45,,false,2026-07-15T04:11:56.086Z,200,50,"""2489ba5850189f1d5bd490f3983732457716019b5ac657c165cf9c47832ca3ba""",true,304,true,true,1,1112,1111,0,6,12,12,26,,,true,2026-07-15T04:14:46.059Z,304,10,"""9355ea7d9c5e851c7d6c3645f376deeee166784f""",true,304,true,false,,0,0,0,,,1,0
78,2026-07-15T04:14:55.318Z,780,749,17352,node,2026-07-15T03:50:49.6682453Z,"""C:\Program Files\nodejs\node.exe"" ""D:\typhoon boss radar\node_modules\next\dist\server\lib\start-server.js""",1043603456,1093550080,409,45,,false,2026-07-15T04:11:56.086Z,200,50,"""2489ba5850189f1d5bd490f3983732457716019b5ac657c165cf9c47832ca3ba""",true,304,true,true,1,1112,1111,0,6,12,12,26,,,true,2026-07-15T04:14:56.058Z,304,9,"""9355ea7d9c5e851c7d6c3645f376deeee166784f""",true,304,true,false,,0,0,0,,,1,0
79,2026-07-15T04:15:05.321Z,790,822,17352,node,2026-07-15T03:50:49.6682453Z,"""C:\Program Files\nodejs\node.exe"" ""D:\typhoon boss radar\node_modules\next\dist\server\lib\start-server.js""",1043603456,1093550080,409,45,,false,2026-07-15T04:11:56.086Z,200,50,"""2489ba5850189f1d5bd490f3983732457716019b5ac657c165cf9c47832ca3ba""",true,304,true,true,1,1112,1111,0,6,12,12,26,,,true,2026-07-15T04:15:06.133Z,304,10,"""9355ea7d9c5e851c7d6c3645f376deeee166784f""",true,304,true,false,,0,0,0,,,1,0
80,2026-07-15T04:15:15.321Z,800,890,17352,node,2026-07-15T03:50:49.6682453Z,"""C:\Program Files\nodejs\node.exe"" ""D:\typhoon boss radar\node_modules\next\dist\server\lib\start-server.js""",1044586496,1094541312,409,45,,false,2026-07-15T04:11:56.086Z,200,50,"""2489ba5850189f1d5bd490f3983732457716019b5ac657c165cf9c47832ca3ba""",true,304,true,true,1,1112,1111,0,6,12,12,26,,,true,2026-07-15T04:15:16.201Z,304,10,"""9355ea7d9c5e851c7d6c3645f376deeee166784f""",true,304,true,false,,0,0,0,,,1,0
81,2026-07-15T04:15:25.323Z,810,851,17352,node,2026-07-15T03:50:49.6682453Z,"""C:\Program Files\nodejs\node.exe"" ""D:\typhoon boss radar\node_modules\next\dist\server\lib\start-server.js""",1045221376,1095438336,409,45,,false,2026-07-15T04:11:56.086Z,200,50,"""2489ba5850189f1d5bd490f3983732457716019b5ac657c165cf9c47832ca3ba""",true,304,true,true,1,1112,1111,0,6,12,12,26,,,true,2026-07-15T04:15:26.164Z,304,11,"""9355ea7d9c5e851c7d6c3645f376deeee166784f""",true,304,true,false,,0,0,0,,,1,0
82,2026-07-15T04:15:35.316Z,820,885,17352,node,2026-07-15T03:50:49.6682453Z,"""C:\Program Files\nodejs\node.exe"" ""D:\typhoon boss radar\node_modules\next\dist\server\lib\start-server.js""",1045221376,1095438336,409,45,,false,2026-07-15T04:11:56.086Z,200,50,"""2489ba5850189f1d5bd490f3983732457716019b5ac657c165cf9c47832ca3ba""",true,304,true,true,1,1112,1111,0,6,12,12,26,,,true,2026-07-15T04:15:36.191Z,304,10,"""9355ea7d9c5e851c7d6c3645f376deeee166784f""",true,304,true,false,,0,0,0,,,1,0
83,2026-07-15T04:15:45.317Z,830,836,17352,node,2026-07-15T03:50:49.6682453Z,"""C:\Program Files\nodejs\node.exe"" ""D:\typhoon boss radar\node_modules\next\dist\server\lib\start-server.js""",1045286912,1095503872,409,45,,false,2026-07-15T04:11:56.086Z,200,50,"""2489ba5850189f1d5bd490f3983732457716019b5ac657c165cf9c47832ca3ba""",true,304,true,true,1,1112,1111,0,6,12,12,26,,,true,2026-07-15T04:15:46.143Z,304,10,"""9355ea7d9c5e851c7d6c3645f376deeee166784f""",true,304,true,false,,0,0,0,,,1,0
84,2026-07-15T04:15:55.319Z,840,835,17352,node,2026-07-15T03:50:49.6682453Z,"""C:\Program Files\nodejs\node.exe"" ""D:\typhoon boss radar\node_modules\next\dist\server\lib\start-server.js""",1045286912,1095503872,409,45,,false,2026-07-15T04:11:56.086Z,200,50,"""2489ba5850189f1d5bd490f3983732457716019b5ac657c165cf9c47832ca3ba""",true,304,true,true,1,1112,1111,0,6,12,12,26,,,true,2026-07-15T04:15:56.144Z,304,10,"""9355ea7d9c5e851c7d6c3645f376deeee166784f""",true,304,true,false,,0,0,0,,,1,0
85,2026-07-15T04:16:05.322Z,850,895,17352,node,2026-07-15T03:50:49.6682453Z,"""C:\Program Files\nodejs\node.exe"" ""D:\typhoon boss radar\node_modules\next\dist\server\lib\start-server.js""",1045291008,1095507968,409,45,,false,2026-07-15T04:11:56.086Z,200,50,"""2489ba5850189f1d5bd490f3983732457716019b5ac657c165cf9c47832ca3ba""",true,304,true,true,1,1112,1111,0,6,12,12,26,,,true,2026-07-15T04:16:06.205Z,304,12,"""9355ea7d9c5e851c7d6c3645f376deeee166784f""",true,304,true,false,,0,0,0,,,1,0
86,2026-07-15T04:16:15.324Z,860,819,17352,node,2026-07-15T03:50:49.6682453Z,"""C:\Program Files\nodejs\node.exe"" ""D:\typhoon boss radar\node_modules\next\dist\server\lib\start-server.js""",1045291008,1095507968,409,45,,false,2026-07-15T04:11:56.086Z,200,50,"""2489ba5850189f1d5bd490f3983732457716019b5ac657c165cf9c47832ca3ba""",true,304,true,true,1,1112,1111,0,6,12,12,26,,,true,2026-07-15T04:16:16.133Z,304,10,"""9355ea7d9c5e851c7d6c3645f376deeee166784f""",true,304,true,false,,0,0,0,,,1,0
87,2026-07-15T04:16:25.313Z,870,855,17352,node,2026-07-15T03:50:49.6682453Z,"""C:\Program Files\nodejs\node.exe"" ""D:\typhoon boss radar\node_modules\next\dist\server\lib\start-server.js""",1045291008,1095507968,409,45,,false,2026-07-15T04:11:56.086Z,200,50,"""2489ba5850189f1d5bd490f3983732457716019b5ac657c165cf9c47832ca3ba""",true,304,true,true,1,1112,1111,0,6,12,12,26,,,true,2026-07-15T04:16:26.157Z,304,11,"""9355ea7d9c5e851c7d6c3645f376deeee166784f""",true,304,true,false,,0,0,0,,,1,0
88,2026-07-15T04:16:35.313Z,880,879,17352,node,2026-07-15T03:50:49.6682453Z,"""C:\Program Files\nodejs\node.exe"" ""D:\typhoon boss radar\node_modules\next\dist\server\lib\start-server.js""",1045295104,1095512064,409,45,,false,2026-07-15T04:11:56.086Z,200,50,"""2489ba5850189f1d5bd490f3983732457716019b5ac657c165cf9c47832ca3ba""",true,304,true,true,1,1112,1111,0,6,12,12,26,,,true,2026-07-15T04:16:36.157Z,200,35,"""fd9b3015184dbd35b01814b2a53759554ccc9d3e""",true,304,true,true,,0,0,0,,,1,0
89,2026-07-15T04:16:45.323Z,890,840,17352,node,2026-07-15T03:50:49.6682453Z,"""C:\Program Files\nodejs\node.exe"" ""D:\typhoon boss radar\node_modules\next\dist\server\lib\start-server.js""",1047273472,1097498624,409,45,,false,2026-07-15T04:11:56.086Z,200,50,"""2489ba5850189f1d5bd490f3983732457716019b5ac657c165cf9c47832ca3ba""",true,304,true,true,1,1112,1111,0,6,12,12,26,,,true,2026-07-15T04:16:46.153Z,304,10,"""fd9b3015184dbd35b01814b2a53759554ccc9d3e""",true,304,true,false,,0,0,0,,,1,0
90,2026-07-15T04:16:55.318Z,900,896,17352,node,2026-07-15T03:50:49.6682453Z,"""C:\Program Files\nodejs\node.exe"" ""D:\typhoon boss radar\node_modules\next\dist\server\lib\start-server.js""",1047277568,1097498624,409,45,,true,2026-07-15T04:16:56.150Z,200,52,"""f466acec8d2bbd8db0fa5fd38c244bb64200d368a2e7584c080614c304ad9b14""",true,304,true,true,1,1114,1113,0,6,12,12,26,,,true,2026-07-15T04:16:56.206Z,304,9,"""fd9b3015184dbd35b01814b2a53759554ccc9d3e""",true,304,true,false,,0,0,0,,,1,0
91,2026-07-15T04:17:05.310Z,910,846,17352,node,2026-07-15T03:50:49.6682453Z,"""C:\Program Files\nodejs\node.exe"" ""D:\typhoon boss radar\node_modules\next\dist\server\lib\start-server.js""",1059262464,1109381120,409,45,,false,2026-07-15T04:16:56.150Z,200,52,"""f466acec8d2bbd8db0fa5fd38c244bb64200d368a2e7584c080614c304ad9b14""",true,304,true,true,1,1114,1113,0,6,12,12,26,,,true,2026-07-15T04:17:06.146Z,304,9,"""fd9b3015184dbd35b01814b2a53759554ccc9d3e""",true,304,true,false,,0,0,0,,,1,0
92,2026-07-15T04:17:15.317Z,920,786,17352,node,2026-07-15T03:50:49.6682453Z,"""C:\Program Files\nodejs\node.exe"" ""D:\typhoon boss radar\node_modules\next\dist\server\lib\start-server.js""",1059471360,1109381120,409,45,,false,2026-07-15T04:16:56.150Z,200,52,"""f466acec8d2bbd8db0fa5fd38c244bb64200d368a2e7584c080614c304ad9b14""",true,304,true,true,1,1114,1113,0,6,12,12,26,,,true,2026-07-15T04:17:16.092Z,304,11,"""fd9b3015184dbd35b01814b2a53759554ccc9d3e""",true,304,true,false,,0,0,0,,,1,0
93,2026-07-15T04:17:25.324Z,930,804,17352,node,2026-07-15T03:50:49.6682453Z,"""C:\Program Files\nodejs\node.exe"" ""D:\typhoon boss radar\node_modules\next\dist\server\lib\start-server.js""",1054875648,1104646144,409,45,,false,2026-07-15T04:16:56.150Z,200,52,"""f466acec8d2bbd8db0fa5fd38c244bb64200d368a2e7584c080614c304ad9b14""",true,304,true,true,1,1114,1113,0,6,12,12,26,,,true,2026-07-15T04:17:26.118Z,304,9,"""fd9b3015184dbd35b01814b2a53759554ccc9d3e""",true,304,true,false,,0,0,0,,,1,0
94,2026-07-15T04:17:35.317Z,940,853,17352,node,2026-07-15T03:50:49.6682453Z,"""C:\Program Files\nodejs\node.exe"" ""D:\typhoon boss radar\node_modules\next\dist\server\lib\start-server.js""",1054875648,1104646144,409,45,,false,2026-07-15T04:16:56.150Z,200,52,"""f466acec8d2bbd8db0fa5fd38c244bb64200d368a2e7584c080614c304ad9b14""",true,304,true,true,1,1114,1113,0,6,12,12,26,,,true,2026-07-15T04:17:36.161Z,304,9,"""fd9b3015184dbd35b01814b2a53759554ccc9d3e""",true,304,true,false,,0,0,0,,,1,0
95,2026-07-15T04:17:45.310Z,950,847,17352,node,2026-07-15T03:50:49.6682453Z,"""C:\Program Files\nodejs\node.exe"" ""D:\typhoon boss radar\node_modules\next\dist\server\lib\start-server.js""",1054875648,1104646144,409,45,,false,2026-07-15T04:16:56.150Z,200,52,"""f466acec8d2bbd8db0fa5fd38c244bb64200d368a2e7584c080614c304ad9b14""",true,304,true,true,1,1114,1113,0,6,12,12,26,,,true,2026-07-15T04:17:46.146Z,304,11,"""fd9b3015184dbd35b01814b2a53759554ccc9d3e""",true,304,true,false,,0,0,0,,,1,0
96,2026-07-15T04:17:55.322Z,960,761,17352,node,2026-07-15T03:50:49.6682453Z,"""C:\Program Files\nodejs\node.exe"" ""D:\typhoon boss radar\node_modules\next\dist\server\lib\start-server.js""",1054941184,1104711680,409,45,,false,2026-07-15T04:16:56.150Z,200,52,"""f466acec8d2bbd8db0fa5fd38c244bb64200d368a2e7584c080614c304ad9b14""",true,304,true,true,1,1114,1113,0,6,12,12,26,,,true,2026-07-15T04:17:56.073Z,304,10,"""fd9b3015184dbd35b01814b2a53759554ccc9d3e""",true,304,true,false,,0,0,0,,,1,0
97,2026-07-15T04:18:05.319Z,970,811,17352,node,2026-07-15T03:50:49.6682453Z,"""C:\Program Files\nodejs\node.exe"" ""D:\typhoon boss radar\node_modules\next\dist\server\lib\start-server.js""",1054941184,1104711680,409,45,,false,2026-07-15T04:16:56.150Z,200,52,"""f466acec8d2bbd8db0fa5fd38c244bb64200d368a2e7584c080614c304ad9b14""",true,304,true,true,1,1114,1113,0,6,12,12,26,,,true,2026-07-15T04:18:06.120Z,304,10,"""fd9b3015184dbd35b01814b2a53759554ccc9d3e""",true,304,true,false,,0,0,0,,,1,0
98,2026-07-15T04:18:15.314Z,980,879,17352,node,2026-07-15T03:50:49.6682453Z,"""C:\Program Files\nodejs\node.exe"" ""D:\typhoon boss radar\node_modules\next\dist\server\lib\start-server.js""",1054941184,1104711680,409,45,,false,2026-07-15T04:16:56.150Z,200,52,"""f466acec8d2bbd8db0fa5fd38c244bb64200d368a2e7584c080614c304ad9b14""",true,304,true,true,1,1114,1113,0,6,12,12,26,,,true,2026-07-15T04:18:16.182Z,304,11,"""fd9b3015184dbd35b01814b2a53759554ccc9d3e""",true,304,true,false,,0,0,0,,,1,0
99,2026-07-15T04:18:25.314Z,990,779,17352,node,2026-07-15T03:50:49.6682453Z,"""C:\Program Files\nodejs\node.exe"" ""D:\typhoon boss radar\node_modules\next\dist\server\lib\start-server.js""",1054941184,1104711680,409,45,,false,2026-07-15T04:16:56.150Z,200,52,"""f466acec8d2bbd8db0fa5fd38c244bb64200d368a2e7584c080614c304ad9b14""",true,304,true,true,1,1114,1113,0,6,12,12,26,,,true,2026-07-15T04:18:26.083Z,304,11,"""fd9b3015184dbd35b01814b2a53759554ccc9d3e""",true,304,true,false,,0,0,0,,,1,0
100,2026-07-15T04:18:35.315Z,1000,794,17352,node,2026-07-15T03:50:49.6682453Z,"""C:\Program Files\nodejs\node.exe"" ""D:\typhoon boss radar\node_modules\next\dist\server\lib\start-server.js""",1054941184,1104711680,409,45,,false,2026-07-15T04:16:56.150Z,200,52,"""f466acec8d2bbd8db0fa5fd38c244bb64200d368a2e7584c080614c304ad9b14""",true,304,true,true,1,1114,1113,0,6,12,12,26,,,true,2026-07-15T04:18:36.098Z,304,11,"""fd9b3015184dbd35b01814b2a53759554ccc9d3e""",true,304,true,false,,0,0,0,,,1,0
101,2026-07-15T04:18:45.322Z,1010,763,17352,node,2026-07-15T03:50:49.6682453Z,"""C:\Program Files\nodejs\node.exe"" ""D:\typhoon boss radar\node_modules\next\dist\server\lib\start-server.js""",1055019008,1104789504,409,45,,false,2026-07-15T04:16:56.150Z,200,52,"""f466acec8d2bbd8db0fa5fd38c244bb64200d368a2e7584c080614c304ad9b14""",true,304,true,true,1,1114,1113,0,6,12,12,26,,,true,2026-07-15T04:18:46.074Z,304,10,"""fd9b3015184dbd35b01814b2a53759554ccc9d3e""",true,304,true,false,,0,0,0,,,1,0
102,2026-07-15T04:18:55.322Z,1020,775,17352,node,2026-07-15T03:50:49.6682453Z,"""C:\Program Files\nodejs\node.exe"" ""D:\typhoon boss radar\node_modules\next\dist\server\lib\start-server.js""",1055084544,1104789504,409,45,,false,2026-07-15T04:16:56.150Z,200,52,"""f466acec8d2bbd8db0fa5fd38c244bb64200d368a2e7584c080614c304ad9b14""",true,304,true,true,1,1114,1113,0,6,12,12,26,,,true,2026-07-15T04:18:56.087Z,304,10,"""fd9b3015184dbd35b01814b2a53759554ccc9d3e""",true,304,true,false,,0,0,0,,,1,0
103,2026-07-15T04:19:05.323Z,1030,809,17352,node,2026-07-15T03:50:49.6682453Z,"""C:\Program Files\nodejs\node.exe"" ""D:\typhoon boss radar\node_modules\next\dist\server\lib\start-server.js""",1055096832,1104801792,409,45,,false,2026-07-15T04:16:56.150Z,200,52,"""f466acec8d2bbd8db0fa5fd38c244bb64200d368a2e7584c080614c304ad9b14""",true,304,true,true,1,1114,1113,0,6,12,12,26,,,true,2026-07-15T04:19:06.120Z,304,11,"""fd9b3015184dbd35b01814b2a53759554ccc9d3e""",true,304,true,false,,0,0,0,,,1,0
104,2026-07-15T04:19:15.311Z,1040,778,17352,node,2026-07-15T03:50:49.6682453Z,"""C:\Program Files\nodejs\node.exe"" ""D:\typhoon boss radar\node_modules\next\dist\server\lib\start-server.js""",1055121408,1104826368,409,45,,false,2026-07-15T04:16:56.150Z,200,52,"""f466acec8d2bbd8db0fa5fd38c244bb64200d368a2e7584c080614c304ad9b14""",true,304,true,true,1,1114,1113,0,6,12,12,26,,,true,2026-07-15T04:19:16.079Z,304,10,"""fd9b3015184dbd35b01814b2a53759554ccc9d3e""",true,304,true,false,,0,0,0,,,1,0
105,2026-07-15T04:19:25.325Z,1050,781,17352,node,2026-07-15T03:50:49.6682453Z,"""C:\Program Files\nodejs\node.exe"" ""D:\typhoon boss radar\node_modules\next\dist\server\lib\start-server.js""",1055121408,1104826368,409,45,,false,2026-07-15T04:16:56.150Z,200,52,"""f466acec8d2bbd8db0fa5fd38c244bb64200d368a2e7584c080614c304ad9b14""",true,304,true,true,1,1114,1113,0,6,12,12,26,,,true,2026-07-15T04:19:26.095Z,304,12,"""fd9b3015184dbd35b01814b2a53759554ccc9d3e""",true,304,true,false,,0,0,0,,,1,0
106,2026-07-15T04:19:35.313Z,1060,807,17352,node,2026-07-15T03:50:49.6682453Z,"""C:\Program Files\nodejs\node.exe"" ""D:\typhoon boss radar\node_modules\next\dist\server\lib\start-server.js""",1058861056,1108578304,409,45,,false,2026-07-15T04:16:56.150Z,200,52,"""f466acec8d2bbd8db0fa5fd38c244bb64200d368a2e7584c080614c304ad9b14""",true,304,true,true,1,1114,1113,0,6,12,12,26,,,true,2026-07-15T04:19:36.110Z,304,10,"""fd9b3015184dbd35b01814b2a53759554ccc9d3e""",true,304,true,false,,0,0,0,,,1,0
107,2026-07-15T04:19:45.316Z,1070,774,17352,node,2026-07-15T03:50:49.6682453Z,"""C:\Program Files\nodejs\node.exe"" ""D:\typhoon boss radar\node_modules\next\dist\server\lib\start-server.js""",1058926592,1108643840,409,45,,false,2026-07-15T04:16:56.150Z,200,52,"""f466acec8d2bbd8db0fa5fd38c244bb64200d368a2e7584c080614c304ad9b14""",true,304,true,true,1,1114,1113,0,6,12,12,26,,,true,2026-07-15T04:19:46.078Z,304,12,"""fd9b3015184dbd35b01814b2a53759554ccc9d3e""",true,304,true,false,,0,0,0,,,1,0
108,2026-07-15T04:19:55.311Z,1080,792,17352,node,2026-07-15T03:50:49.6682453Z,"""C:\Program Files\nodejs\node.exe"" ""D:\typhoon boss radar\node_modules\next\dist\server\lib\start-server.js""",1046073344,1094885376,409,45,,false,2026-07-15T04:16:56.150Z,200,52,"""f466acec8d2bbd8db0fa5fd38c244bb64200d368a2e7584c080614c304ad9b14""",true,304,true,true,1,1114,1113,0,6,12,12,26,,,true,2026-07-15T04:19:56.093Z,304,10,"""fd9b3015184dbd35b01814b2a53759554ccc9d3e""",true,304,true,false,,0,0,0,,,1,0
109,2026-07-15T04:20:05.320Z,1090,791,17352,node,2026-07-15T03:50:49.6682453Z,"""C:\Program Files\nodejs\node.exe"" ""D:\typhoon boss radar\node_modules\next\dist\server\lib\start-server.js""",1046073344,1094995968,409,45,,false,2026-07-15T04:16:56.150Z,200,52,"""f466acec8d2bbd8db0fa5fd38c244bb64200d368a2e7584c080614c304ad9b14""",true,304,true,true,1,1114,1113,0,6,12,12,26,,,true,2026-07-15T04:20:06.101Z,304,10,"""fd9b3015184dbd35b01814b2a53759554ccc9d3e""",true,304,true,false,,0,0,0,,,1,0
110,2026-07-15T04:20:15.318Z,1100,756,17352,node,2026-07-15T03:50:49.6682453Z,"""C:\Program Files\nodejs\node.exe"" ""D:\typhoon boss radar\node_modules\next\dist\server\lib\start-server.js""",1046343680,1095274496,409,45,,false,2026-07-15T04:16:56.150Z,200,52,"""f466acec8d2bbd8db0fa5fd38c244bb64200d368a2e7584c080614c304ad9b14""",true,304,true,true,1,1114,1113,0,6,12,12,26,,,true,2026-07-15T04:20:16.064Z,304,10,"""fd9b3015184dbd35b01814b2a53759554ccc9d3e""",true,304,true,false,,0,0,0,,,1,0
111,2026-07-15T04:20:25.317Z,1110,789,17352,node,2026-07-15T03:50:49.6682453Z,"""C:\Program Files\nodejs\node.exe"" ""D:\typhoon boss radar\node_modules\next\dist\server\lib\start-server.js""",1046343680,1095856128,409,45,,false,2026-07-15T04:16:56.150Z,200,52,"""f466acec8d2bbd8db0fa5fd38c244bb64200d368a2e7584c080614c304ad9b14""",true,304,true,true,1,1114,1113,0,6,12,12,26,,,true,2026-07-15T04:20:26.096Z,304,10,"""fd9b3015184dbd35b01814b2a53759554ccc9d3e""",true,304,true,false,,0,0,0,,,1,0
112,2026-07-15T04:20:35.323Z,1120,769,17352,node,2026-07-15T03:50:49.6682453Z,"""C:\Program Files\nodejs\node.exe"" ""D:\typhoon boss radar\node_modules\next\dist\server\lib\start-server.js""",1046360064,1095856128,409,45,,false,2026-07-15T04:16:56.150Z,200,52,"""f466acec8d2bbd8db0fa5fd38c244bb64200d368a2e7584c080614c304ad9b14""",true,304,true,true,1,1114,1113,0,6,12,12,26,,,true,2026-07-15T04:20:36.081Z,304,11,"""fd9b3015184dbd35b01814b2a53759554ccc9d3e""",true,304,true,false,,0,0,0,,,1,0
113,2026-07-15T04:20:45.324Z,1130,775,17352,node,2026-07-15T03:50:49.6682453Z,"""C:\Program Files\nodejs\node.exe"" ""D:\typhoon boss radar\node_modules\next\dist\server\lib\start-server.js""",1046896640,1096396800,409,45,,false,2026-07-15T04:16:56.150Z,200,52,"""f466acec8d2bbd8db0fa5fd38c244bb64200d368a2e7584c080614c304ad9b14""",true,304,true,true,1,1114,1113,0,6,12,12,26,,,true,2026-07-15T04:20:46.068Z,200,30,"""6fcec7080ea7ee7b005e34533412f64de47c510e""",true,304,true,true,,0,0,0,,,1,0
114,2026-07-15T04:20:55.318Z,1140,788,17352,node,2026-07-15T03:50:49.6682453Z,"""C:\Program Files\nodejs\node.exe"" ""D:\typhoon boss radar\node_modules\next\dist\server\lib\start-server.js""",1046896640,1096396800,409,45,,false,2026-07-15T04:16:56.150Z,200,52,"""f466acec8d2bbd8db0fa5fd38c244bb64200d368a2e7584c080614c304ad9b14""",true,304,true,true,1,1114,1113,0,6,12,12,26,,,true,2026-07-15T04:20:56.096Z,304,10,"""6fcec7080ea7ee7b005e34533412f64de47c510e""",true,304,true,false,,0,0,0,,,1,0
115,2026-07-15T04:21:05.320Z,1150,784,17352,node,2026-07-15T03:50:49.6682453Z,"""C:\Program Files\nodejs\node.exe"" ""D:\typhoon boss radar\node_modules\next\dist\server\lib\start-server.js""",1046896640,1096396800,409,45,,false,2026-07-15T04:16:56.150Z,200,52,"""f466acec8d2bbd8db0fa5fd38c244bb64200d368a2e7584c080614c304ad9b14""",true,304,true,true,1,1114,1113,0,6,12,12,26,,,true,2026-07-15T04:21:06.094Z,304,10,"""6fcec7080ea7ee7b005e34533412f64de47c510e""",true,304,true,false,,0,0,0,,,1,0
116,2026-07-15T04:21:15.321Z,1160,800,17352,node,2026-07-15T03:50:49.6682453Z,"""C:\Program Files\nodejs\node.exe"" ""D:\typhoon boss radar\node_modules\next\dist\server\lib\start-server.js""",1046896640,1096396800,409,45,,false,2026-07-15T04:16:56.150Z,200,52,"""f466acec8d2bbd8db0fa5fd38c244bb64200d368a2e7584c080614c304ad9b14""",true,304,true,true,1,1114,1113,0,6,12,12,26,,,true,2026-07-15T04:21:16.110Z,304,11,"""6fcec7080ea7ee7b005e34533412f64de47c510e""",true,304,true,false,,0,0,0,,,1,0
117,2026-07-15T04:21:25.310Z,1170,789,17352,node,2026-07-15T03:50:49.6682453Z,"""C:\Program Files\nodejs\node.exe"" ""D:\typhoon boss radar\node_modules\next\dist\server\lib\start-server.js""",1047879680,1097392128,409,45,,false,2026-07-15T04:16:56.150Z,200,52,"""f466acec8d2bbd8db0fa5fd38c244bb64200d368a2e7584c080614c304ad9b14""",true,304,true,true,1,1114,1113,0,6,12,12,26,,,true,2026-07-15T04:21:26.089Z,304,10,"""6fcec7080ea7ee7b005e34533412f64de47c510e""",true,304,true,false,,0,0,0,,,1,0
118,2026-07-15T04:21:35.319Z,1180,789,17352,node,2026-07-15T03:50:49.6682453Z,"""C:\Program Files\nodejs\node.exe"" ""D:\typhoon boss radar\node_modules\next\dist\server\lib\start-server.js""",1047879680,1097392128,409,45,,false,2026-07-15T04:16:56.150Z,200,52,"""f466acec8d2bbd8db0fa5fd38c244bb64200d368a2e7584c080614c304ad9b14""",true,304,true,true,1,1114,1113,0,6,12,12,26,,,true,2026-07-15T04:21:36.098Z,304,10,"""6fcec7080ea7ee7b005e34533412f64de47c510e""",true,304,true,false,,0,0,0,,,1,0
119,2026-07-15T04:21:45.314Z,1190,805,17352,node,2026-07-15T03:50:49.6682453Z,"""C:\Program Files\nodejs\node.exe"" ""D:\typhoon boss radar\node_modules\next\dist\server\lib\start-server.js""",1047879680,1097392128,409,45,,false,2026-07-15T04:16:56.150Z,200,52,"""f466acec8d2bbd8db0fa5fd38c244bb64200d368a2e7584c080614c304ad9b14""",true,304,true,true,1,1114,1113,0,6,12,12,26,,,true,2026-07-15T04:21:46.108Z,304,11,"""6fcec7080ea7ee7b005e34533412f64de47c510e""",true,304,true,false,,0,0,0,,,1,0
120,2026-07-15T04:21:55.323Z,1200,860,17352,node,2026-07-15T03:50:49.6682453Z,"""C:\Program Files\nodejs\node.exe"" ""D:\typhoon boss radar\node_modules\next\dist\server\lib\start-server.js""",1047879680,1097392128,409,45,,true,2026-07-15T04:21:56.113Z,200,46,"""839dcd13a8574ae0c7b6386d698af029d416400dc815eee9314c069f55676ccf""",true,304,true,true,1,1118,1117,0,6,12,12,26,,,true,2026-07-15T04:21:56.175Z,304,8,"""6fcec7080ea7ee7b005e34533412f64de47c510e""",true,304,true,false,,0,0,0,,,1,0
121,2026-07-15T04:22:05.322Z,1210,839,17352,node,2026-07-15T03:50:49.6682453Z,"""C:\Program Files\nodejs\node.exe"" ""D:\typhoon boss radar\node_modules\next\dist\server\lib\start-server.js""",1058979840,1108508672,409,45,,false,2026-07-15T04:21:56.113Z,200,46,"""839dcd13a8574ae0c7b6386d698af029d416400dc815eee9314c069f55676ccf""",true,304,true,true,1,1118,1117,0,6,12,12,26,,,true,2026-07-15T04:22:06.152Z,304,9,"""6fcec7080ea7ee7b005e34533412f64de47c510e""",true,304,true,false,,0,0,0,,,1,0
122,2026-07-15T04:22:15.310Z,1220,784,17352,node,2026-07-15T03:50:49.6682453Z,"""C:\Program Files\nodejs\node.exe"" ""D:\typhoon boss radar\node_modules\next\dist\server\lib\start-server.js""",1058979840,1108508672,409,45,,false,2026-07-15T04:21:56.113Z,200,46,"""839dcd13a8574ae0c7b6386d698af029d416400dc815eee9314c069f55676ccf""",true,304,true,true,1,1118,1117,0,6,12,12,26,,,true,2026-07-15T04:22:16.083Z,304,12,"""6fcec7080ea7ee7b005e34533412f64de47c510e""",true,304,true,false,,0,0,0,,,1,0
123,2026-07-15T04:22:25.321Z,1230,793,17352,node,2026-07-15T03:50:49.6682453Z,"""C:\Program Files\nodejs\node.exe"" ""D:\typhoon boss radar\node_modules\next\dist\server\lib\start-server.js""",1054347264,1103761408,409,45,,false,2026-07-15T04:21:56.113Z,200,46,"""839dcd13a8574ae0c7b6386d698af029d416400dc815eee9314c069f55676ccf""",true,304,true,true,1,1118,1117,0,6,12,12,26,,,true,2026-07-15T04:22:26.104Z,304,10,"""6fcec7080ea7ee7b005e34533412f64de47c510e""",true,304,true,false,,0,0,0,,,1,0
124,2026-07-15T04:22:35.311Z,1240,833,17352,node,2026-07-15T03:50:49.6682453Z,"""C:\Program Files\nodejs\node.exe"" ""D:\typhoon boss radar\node_modules\next\dist\server\lib\start-server.js""",1056284672,1105670144,409,45,,false,2026-07-15T04:21:56.113Z,200,46,"""839dcd13a8574ae0c7b6386d698af029d416400dc815eee9314c069f55676ccf""",true,304,true,true,1,1118,1117,0,6,12,12,26,,,true,2026-07-15T04:22:36.135Z,304,9,"""6fcec7080ea7ee7b005e34533412f64de47c510e""",true,304,true,false,,0,0,0,,,1,0
125,2026-07-15T04:22:45.313Z,1250,804,17352,node,2026-07-15T03:50:49.6682453Z,"""C:\Program Files\nodejs\node.exe"" ""D:\typhoon boss radar\node_modules\next\dist\server\lib\start-server.js""",1056284672,1105670144,409,45,,false,2026-07-15T04:21:56.113Z,200,46,"""839dcd13a8574ae0c7b6386d698af029d416400dc815eee9314c069f55676ccf""",true,304,true,true,1,1118,1117,0,6,12,12,26,,,true,2026-07-15T04:22:46.108Z,304,9,"""6fcec7080ea7ee7b005e34533412f64de47c510e""",true,304,true,false,,0,0,0,,,1,0
126,2026-07-15T04:22:55.317Z,1260,797,17352,node,2026-07-15T03:50:49.6682453Z,"""C:\Program Files\nodejs\node.exe"" ""D:\typhoon boss radar\node_modules\next\dist\server\lib\start-server.js""",1056284672,1105670144,409,45,,false,2026-07-15T04:21:56.113Z,200,46,"""839dcd13a8574ae0c7b6386d698af029d416400dc815eee9314c069f55676ccf""",true,304,true,true,1,1118,1117,0,6,12,12,26,,,true,2026-07-15T04:22:56.104Z,304,10,"""6fcec7080ea7ee7b005e34533412f64de47c510e""",true,304,true,false,,0,0,0,,,1,0
127,2026-07-15T04:23:05.314Z,1270,716,17352,node,2026-07-15T03:50:49.6682453Z,"""C:\Program Files\nodejs\node.exe"" ""D:\typhoon boss radar\node_modules\next\dist\server\lib\start-server.js""",1056288768,1105670144,409,45,,false,2026-07-15T04:21:56.113Z,200,46,"""839dcd13a8574ae0c7b6386d698af029d416400dc815eee9314c069f55676ccf""",true,304,true,true,1,1118,1117,0,6,12,12,26,,,true,2026-07-15T04:23:06.021Z,304,10,"""6fcec7080ea7ee7b005e34533412f64de47c510e""",true,304,true,false,,0,0,0,,,1,0
128,2026-07-15T04:23:15.315Z,1280,807,17352,node,2026-07-15T03:50:49.6682453Z,"""C:\Program Files\nodejs\node.exe"" ""D:\typhoon boss radar\node_modules\next\dist\server\lib\start-server.js""",1056301056,1105670144,409,45,,false,2026-07-15T04:21:56.113Z,200,46,"""839dcd13a8574ae0c7b6386d698af029d416400dc815eee9314c069f55676ccf""",true,304,true,true,1,1118,1117,0,6,12,12,26,,,true,2026-07-15T04:23:16.113Z,304,10,"""6fcec7080ea7ee7b005e34533412f64de47c510e""",true,304,true,false,,0,0,0,,,1,0
129,2026-07-15T04:23:25.315Z,1290,773,17352,node,2026-07-15T03:50:49.6682453Z,"""C:\Program Files\nodejs\node.exe"" ""D:\typhoon boss radar\node_modules\next\dist\server\lib\start-server.js""",1056509952,1105874944,409,45,,false,2026-07-15T04:21:56.113Z,200,46,"""839dcd13a8574ae0c7b6386d698af029d416400dc815eee9314c069f55676ccf""",true,304,true,true,1,1118,1117,0,6,12,12,26,,,true,2026-07-15T04:23:26.078Z,304,10,"""6fcec7080ea7ee7b005e34533412f64de47c510e""",true,304,true,false,,0,0,0,,,1,0
130,2026-07-15T04:23:35.319Z,1300,778,17352,node,2026-07-15T03:50:49.6682453Z,"""C:\Program Files\nodejs\node.exe"" ""D:\typhoon boss radar\node_modules\next\dist\server\lib\start-server.js""",1056509952,1105874944,409,45,,false,2026-07-15T04:21:56.113Z,200,46,"""839dcd13a8574ae0c7b6386d698af029d416400dc815eee9314c069f55676ccf""",true,304,true,true,1,1118,1117,0,6,12,12,26,,,true,2026-07-15T04:23:36.087Z,304,10,"""6fcec7080ea7ee7b005e34533412f64de47c510e""",true,304,true,false,,0,0,0,,,1,0
131,2026-07-15T04:23:45.315Z,1310,783,17352,node,2026-07-15T03:50:49.6682453Z,"""C:\Program Files\nodejs\node.exe"" ""D:\typhoon boss radar\node_modules\next\dist\server\lib\start-server.js""",1056509952,1105874944,409,45,,false,2026-07-15T04:21:56.113Z,200,46,"""839dcd13a8574ae0c7b6386d698af029d416400dc815eee9314c069f55676ccf""",true,304,true,true,1,1118,1117,0,6,12,12,26,,,true,2026-07-15T04:23:46.089Z,304,10,"""6fcec7080ea7ee7b005e34533412f64de47c510e""",true,304,true,false,,0,0,0,,,1,0
132,2026-07-15T04:23:55.313Z,1320,858,17352,node,2026-07-15T03:50:49.6682453Z,"""C:\Program Files\nodejs\node.exe"" ""D:\typhoon boss radar\node_modules\next\dist\server\lib\start-server.js""",1056509952,1105874944,409,45,,false,2026-07-15T04:21:56.113Z,200,46,"""839dcd13a8574ae0c7b6386d698af029d416400dc815eee9314c069f55676ccf""",true,304,true,true,1,1118,1117,0,6,12,12,26,,,true,2026-07-15T04:23:56.161Z,304,10,"""6fcec7080ea7ee7b005e34533412f64de47c510e""",true,304,true,false,,0,0,0,,,1,0
133,2026-07-15T04:24:05.323Z,1330,808,17352,node,2026-07-15T03:50:49.6682453Z,"""C:\Program Files\nodejs\node.exe"" ""D:\typhoon boss radar\node_modules\next\dist\server\lib\start-server.js""",1056600064,1105936384,409,45,,false,2026-07-15T04:21:56.113Z,200,46,"""839dcd13a8574ae0c7b6386d698af029d416400dc815eee9314c069f55676ccf""",true,304,true,true,1,1118,1117,0,6,12,12,26,,,true,2026-07-15T04:24:06.121Z,304,10,"""6fcec7080ea7ee7b005e34533412f64de47c510e""",true,304,true,false,,0,0,0,,,1,0
134,2026-07-15T04:24:15.323Z,1340,774,17352,node,2026-07-15T03:50:49.6682453Z,"""C:\Program Files\nodejs\node.exe"" ""D:\typhoon boss radar\node_modules\next\dist\server\lib\start-server.js""",1056600064,1105936384,409,45,,false,2026-07-15T04:21:56.113Z,200,46,"""839dcd13a8574ae0c7b6386d698af029d416400dc815eee9314c069f55676ccf""",true,304,true,true,1,1118,1117,0,6,12,12,26,,,true,2026-07-15T04:24:16.087Z,304,10,"""6fcec7080ea7ee7b005e34533412f64de47c510e""",true,304,true,false,,0,0,0,,,1,0
135,2026-07-15T04:24:25.310Z,1350,801,17352,node,2026-07-15T03:50:49.6682453Z,"""C:\Program Files\nodejs\node.exe"" ""D:\typhoon boss radar\node_modules\next\dist\server\lib\start-server.js""",1056665600,1106001920,409,45,,false,2026-07-15T04:21:56.113Z,200,46,"""839dcd13a8574ae0c7b6386d698af029d416400dc815eee9314c069f55676ccf""",true,304,true,true,1,1118,1117,0,6,12,12,26,,,true,2026-07-15T04:24:26.102Z,304,9,"""6fcec7080ea7ee7b005e34533412f64de47c510e""",true,304,true,false,,0,0,0,,,1,0
136,2026-07-15T04:24:35.320Z,1360,794,17352,node,2026-07-15T03:50:49.6682453Z,"""C:\Program Files\nodejs\node.exe"" ""D:\typhoon boss radar\node_modules\next\dist\server\lib\start-server.js""",1056665600,1106001920,409,45,,false,2026-07-15T04:21:56.113Z,200,46,"""839dcd13a8574ae0c7b6386d698af029d416400dc815eee9314c069f55676ccf""",true,304,true,true,1,1118,1117,0,6,12,12,26,,,true,2026-07-15T04:24:36.104Z,304,10,"""6fcec7080ea7ee7b005e34533412f64de47c510e""",true,304,true,false,,0,0,0,,,1,0
137,2026-07-15T04:24:45.310Z,1370,832,17352,node,2026-07-15T03:50:49.6682453Z,"""C:\Program Files\nodejs\node.exe"" ""D:\typhoon boss radar\node_modules\next\dist\server\lib\start-server.js""",1056665600,1106001920,409,45,,false,2026-07-15T04:21:56.113Z,200,46,"""839dcd13a8574ae0c7b6386d698af029d416400dc815eee9314c069f55676ccf""",true,304,true,true,1,1118,1117,0,6,12,12,26,,,true,2026-07-15T04:24:46.113Z,200,29,"""cd426e069524df29521917baffbd4d4a497b8e0d""",true,304,true,true,,0,0,0,,,1,0
138,2026-07-15T04:24:55.316Z,1380,828,17352,node,2026-07-15T03:50:49.6682453Z,"""C:\Program Files\nodejs\node.exe"" ""D:\typhoon boss radar\node_modules\next\dist\server\lib\start-server.js""",1056669696,1106006016,409,45,,false,2026-07-15T04:21:56.113Z,200,46,"""839dcd13a8574ae0c7b6386d698af029d416400dc815eee9314c069f55676ccf""",true,304,true,true,1,1118,1117,0,6,12,12,26,,,true,2026-07-15T04:24:56.133Z,304,10,"""cd426e069524df29521917baffbd4d4a497b8e0d""",true,304,true,false,,0,0,0,,,1,0
139,2026-07-15T04:25:05.316Z,1390,831,17352,node,2026-07-15T03:50:49.6682453Z,"""C:\Program Files\nodejs\node.exe"" ""D:\typhoon boss radar\node_modules\next\dist\server\lib\start-server.js""",1056669696,1106006016,409,45,,false,2026-07-15T04:21:56.113Z,200,46,"""839dcd13a8574ae0c7b6386d698af029d416400dc815eee9314c069f55676ccf""",true,304,true,true,1,1118,1117,0,6,12,12,26,,,true,2026-07-15T04:25:06.137Z,304,10,"""cd426e069524df29521917baffbd4d4a497b8e0d""",true,304,true,false,,0,0,0,,,1,0
140,2026-07-15T04:25:15.323Z,1400,788,17352,node,2026-07-15T03:50:49.6682453Z,"""C:\Program Files\nodejs\node.exe"" ""D:\typhoon boss radar\node_modules\next\dist\server\lib\start-server.js""",1056747520,1106087936,409,45,,false,2026-07-15T04:21:56.113Z,200,46,"""839dcd13a8574ae0c7b6386d698af029d416400dc815eee9314c069f55676ccf""",true,304,true,true,1,1118,1117,0,6,12,12,26,,,true,2026-07-15T04:25:16.101Z,304,10,"""cd426e069524df29521917baffbd4d4a497b8e0d""",true,304,true,false,,0,0,0,,,1,0
141,2026-07-15T04:25:25.311Z,1410,827,17352,node,2026-07-15T03:50:49.6682453Z,"""C:\Program Files\nodejs\node.exe"" ""D:\typhoon boss radar\node_modules\next\dist\server\lib\start-server.js""",1056747520,1106087936,409,45,,false,2026-07-15T04:21:56.113Z,200,46,"""839dcd13a8574ae0c7b6386d698af029d416400dc815eee9314c069f55676ccf""",true,304,true,true,1,1118,1117,0,6,12,12,26,,,true,2026-07-15T04:25:26.128Z,304,10,"""cd426e069524df29521917baffbd4d4a497b8e0d""",true,304,true,false,,0,0,0,,,1,0
142,2026-07-15T04:25:35.321Z,1420,809,17352,node,2026-07-15T03:50:49.6682453Z,"""C:\Program Files\nodejs\node.exe"" ""D:\typhoon boss radar\node_modules\next\dist\server\lib\start-server.js""",1060483072,1109831680,409,45,,false,2026-07-15T04:21:56.113Z,200,46,"""839dcd13a8574ae0c7b6386d698af029d416400dc815eee9314c069f55676ccf""",true,304,true,true,1,1118,1117,0,6,12,12,26,,,true,2026-07-15T04:25:36.120Z,304,11,"""cd426e069524df29521917baffbd4d4a497b8e0d""",true,304,true,false,,0,0,0,,,1,0
143,2026-07-15T04:25:45.311Z,1430,765,17352,node,2026-07-15T03:50:49.6682453Z,"""C:\Program Files\nodejs\node.exe"" ""D:\typhoon boss radar\node_modules\next\dist\server\lib\start-server.js""",1060483072,1109831680,409,45,,false,2026-07-15T04:21:56.113Z,200,46,"""839dcd13a8574ae0c7b6386d698af029d416400dc815eee9314c069f55676ccf""",true,304,true,true,1,1118,1117,0,6,12,12,26,,,true,2026-07-15T04:25:46.066Z,304,10,"""cd426e069524df29521917baffbd4d4a497b8e0d""",true,304,true,false,,0,0,0,,,1,0
144,2026-07-15T04:25:55.318Z,1440,974,17352,node,2026-07-15T03:50:49.6682453Z,"""C:\Program Files\nodejs\node.exe"" ""D:\typhoon boss radar\node_modules\next\dist\server\lib\start-server.js""",1060483072,1109831680,409,45,,false,2026-07-15T04:21:56.113Z,200,46,"""839dcd13a8574ae0c7b6386d698af029d416400dc815eee9314c069f55676ccf""",true,304,true,true,1,1118,1117,0,6,12,12,26,,,true,2026-07-15T04:25:56.282Z,304,10,"""cd426e069524df29521917baffbd4d4a497b8e0d""",true,304,true,false,,0,0,0,,,1,0
145,2026-07-15T04:26:05.320Z,1450,778,17352,node,2026-07-15T03:50:49.6682453Z,"""C:\Program Files\nodejs\node.exe"" ""D:\typhoon boss radar\node_modules\next\dist\server\lib\start-server.js""",1060548608,1109897216,409,45,,false,2026-07-15T04:21:56.113Z,200,46,"""839dcd13a8574ae0c7b6386d698af029d416400dc815eee9314c069f55676ccf""",true,304,true,true,1,1118,1117,0,6,12,12,26,,,true,2026-07-15T04:26:06.087Z,304,11,"""cd426e069524df29521917baffbd4d4a497b8e0d""",true,304,true,false,,0,0,0,,,1,0
146,2026-07-15T04:26:15.315Z,1460,768,17352,node,2026-07-15T03:50:49.6682453Z,"""C:\Program Files\nodejs\node.exe"" ""D:\typhoon boss radar\node_modules\next\dist\server\lib\start-server.js""",1047629824,1097195520,409,45,,false,2026-07-15T04:21:56.113Z,200,46,"""839dcd13a8574ae0c7b6386d698af029d416400dc815eee9314c069f55676ccf""",true,304,true,true,1,1118,1117,0,6,12,12,26,,,true,2026-07-15T04:26:16.073Z,304,10,"""cd426e069524df29521917baffbd4d4a497b8e0d""",true,304,true,false,,0,0,0,,,1,0
147,2026-07-15T04:26:25.317Z,1470,771,17352,node,2026-07-15T03:50:49.6682453Z,"""C:\Program Files\nodejs\node.exe"" ""D:\typhoon boss radar\node_modules\next\dist\server\lib\start-server.js""",1047556096,1097031680,409,45,,false,2026-07-15T04:21:56.113Z,200,46,"""839dcd13a8574ae0c7b6386d698af029d416400dc815eee9314c069f55676ccf""",true,304,true,true,1,1118,1117,0,6,12,12,26,,,true,2026-07-15T04:26:26.078Z,304,10,"""cd426e069524df29521917baffbd4d4a497b8e0d""",true,304,true,false,,0,0,0,,,1,0
148,2026-07-15T04:26:35.316Z,1480,809,17352,node,2026-07-15T03:50:49.6682453Z,"""C:\Program Files\nodejs\node.exe"" ""D:\typhoon boss radar\node_modules\next\dist\server\lib\start-server.js""",1047846912,1097404416,409,45,,false,2026-07-15T04:21:56.113Z,200,46,"""839dcd13a8574ae0c7b6386d698af029d416400dc815eee9314c069f55676ccf""",true,304,true,true,1,1118,1117,0,6,12,12,26,,,true,2026-07-15T04:26:36.115Z,304,10,"""cd426e069524df29521917baffbd4d4a497b8e0d""",true,304,true,false,,0,0,0,,,1,0
149,2026-07-15T04:26:45.322Z,1490,804,17352,node,2026-07-15T03:50:49.6682453Z,"""C:\Program Files\nodejs\node.exe"" ""D:\typhoon boss radar\node_modules\next\dist\server\lib\start-server.js""",1047859200,1097404416,409,45,,false,2026-07-15T04:21:56.113Z,200,46,"""839dcd13a8574ae0c7b6386d698af029d416400dc815eee9314c069f55676ccf""",true,304,true,true,1,1118,1117,0,6,12,12,26,,,true,2026-07-15T04:26:46.115Z,304,10,"""cd426e069524df29521917baffbd4d4a497b8e0d""",true,304,true,false,,0,0,0,,,1,0
150,2026-07-15T04:26:55.317Z,1500,850,17352,node,2026-07-15T03:50:49.6682453Z,"""C:\Program Files\nodejs\node.exe"" ""D:\typhoon boss radar\node_modules\next\dist\server\lib\start-server.js""",1047859200,1097404416,409,45,,true,2026-07-15T04:26:56.103Z,200,51,"""ded152359965a45c2fd2eedf535461909f5ddcb7692e6ec3ff5dec4b9a167baa""",true,304,true,true,1,1120,1119,0,6,12,12,26,,,true,2026-07-15T04:26:56.159Z,304,8,"""cd426e069524df29521917baffbd4d4a497b8e0d""",true,304,true,false,,0,0,0,,,1,0
151,2026-07-15T04:27:05.320Z,1510,841,17352,node,2026-07-15T03:50:49.6682453Z,"""C:\Program Files\nodejs\node.exe"" ""D:\typhoon boss radar\node_modules\next\dist\server\lib\start-server.js""",1057501184,1105854464,409,45,,false,2026-07-15T04:26:56.103Z,200,51,"""ded152359965a45c2fd2eedf535461909f5ddcb7692e6ec3ff5dec4b9a167baa""",true,304,true,true,1,1120,1119,0,6,12,12,26,,,true,2026-07-15T04:27:06.152Z,304,9,"""cd426e069524df29521917baffbd4d4a497b8e0d""",true,304,true,false,,0,0,0,,,1,0
152,2026-07-15T04:27:15.323Z,1520,800,17352,node,2026-07-15T03:50:49.6682453Z,"""C:\Program Files\nodejs\node.exe"" ""D:\typhoon boss radar\node_modules\next\dist\server\lib\start-server.js""",1057501184,1105854464,409,45,,false,2026-07-15T04:26:56.103Z,200,51,"""ded152359965a45c2fd2eedf535461909f5ddcb7692e6ec3ff5dec4b9a167baa""",true,304,true,true,1,1120,1119,0,6,12,12,26,,,true,2026-07-15T04:27:16.113Z,304,9,"""cd426e069524df29521917baffbd4d4a497b8e0d""",true,304,true,false,,0,0,0,,,1,0
153,2026-07-15T04:27:25.324Z,1530,759,17352,node,2026-07-15T03:50:49.6682453Z,"""C:\Program Files\nodejs\node.exe"" ""D:\typhoon boss radar\node_modules\next\dist\server\lib\start-server.js""",1056940032,1105256448,409,45,,false,2026-07-15T04:26:56.103Z,200,51,"""ded152359965a45c2fd2eedf535461909f5ddcb7692e6ec3ff5dec4b9a167baa""",true,304,true,true,1,1120,1119,0,6,12,12,26,,,true,2026-07-15T04:27:26.073Z,304,10,"""cd426e069524df29521917baffbd4d4a497b8e0d""",true,304,true,false,,0,0,0,,,1,0
154,2026-07-15T04:27:35.310Z,1540,789,17352,node,2026-07-15T03:50:49.6682453Z,"""C:\Program Files\nodejs\node.exe"" ""D:\typhoon boss radar\node_modules\next\dist\server\lib\start-server.js""",1056940032,1105256448,409,45,,false,2026-07-15T04:26:56.103Z,200,51,"""ded152359965a45c2fd2eedf535461909f5ddcb7692e6ec3ff5dec4b9a167baa""",true,304,true,true,1,1120,1119,0,6,12,12,26,,,true,2026-07-15T04:27:36.089Z,304,10,"""cd426e069524df29521917baffbd4d4a497b8e0d""",true,304,true,false,,0,0,0,,,1,0
155,2026-07-15T04:27:45.316Z,1550,827,17352,node,2026-07-15T03:50:49.6682453Z,"""C:\Program Files\nodejs\node.exe"" ""D:\typhoon boss radar\node_modules\next\dist\server\lib\start-server.js""",1056940032,1105256448,409,45,,false,2026-07-15T04:26:56.103Z,200,51,"""ded152359965a45c2fd2eedf535461909f5ddcb7692e6ec3ff5dec4b9a167baa""",true,304,true,true,1,1120,1119,0,6,12,12,26,,,true,2026-07-15T04:27:46.133Z,304,10,"""cd426e069524df29521917baffbd4d4a497b8e0d""",true,304,true,false,,0,0,0,,,1,0
156,2026-07-15T04:27:55.320Z,1560,793,17352,node,2026-07-15T03:50:49.6682453Z,"""C:\Program Files\nodejs\node.exe"" ""D:\typhoon boss radar\node_modules\next\dist\server\lib\start-server.js""",1056940032,1105256448,409,45,,false,2026-07-15T04:26:56.103Z,200,51,"""ded152359965a45c2fd2eedf535461909f5ddcb7692e6ec3ff5dec4b9a167baa""",true,304,true,true,1,1120,1119,0,6,12,12,26,,,true,2026-07-15T04:27:56.103Z,304,10,"""cd426e069524df29521917baffbd4d4a497b8e0d""",true,304,true,false,,0,0,0,,,1,0
157,2026-07-15T04:28:05.310Z,1570,789,17352,node,2026-07-15T03:50:49.6682453Z,"""C:\Program Files\nodejs\node.exe"" ""D:\typhoon boss radar\node_modules\next\dist\server\lib\start-server.js""",1056944128,1105260544,409,45,,false,2026-07-15T04:26:56.103Z,200,51,"""ded152359965a45c2fd2eedf535461909f5ddcb7692e6ec3ff5dec4b9a167baa""",true,304,true,true,1,1120,1119,0,6,12,12,26,,,true,2026-07-15T04:28:06.089Z,304,10,"""cd426e069524df29521917baffbd4d4a497b8e0d""",true,304,true,false,,0,0,0,,,1,0
158,2026-07-15T04:28:15.322Z,1580,761,17352,node,2026-07-15T03:50:49.6682453Z,"""C:\Program Files\nodejs\node.exe"" ""D:\typhoon boss radar\node_modules\next\dist\server\lib\start-server.js""",1056944128,1105260544,409,45,,false,2026-07-15T04:26:56.103Z,200,51,"""ded152359965a45c2fd2eedf535461909f5ddcb7692e6ec3ff5dec4b9a167baa""",true,304,true,true,1,1120,1119,0,6,12,12,26,,,true,2026-07-15T04:28:16.073Z,304,10,"""cd426e069524df29521917baffbd4d4a497b8e0d""",true,304,true,false,,0,0,0,,,1,0
159,2026-07-15T04:28:25.322Z,1590,760,17352,node,2026-07-15T03:50:49.6682453Z,"""C:\Program Files\nodejs\node.exe"" ""D:\typhoon boss radar\node_modules\next\dist\server\lib\start-server.js""",1056944128,1105260544,409,45,,false,2026-07-15T04:26:56.103Z,200,51,"""ded152359965a45c2fd2eedf535461909f5ddcb7692e6ec3ff5dec4b9a167baa""",true,304,true,true,1,1120,1119,0,6,12,12,26,,,true,2026-07-15T04:28:26.073Z,304,10,"""cd426e069524df29521917baffbd4d4a497b8e0d""",true,304,true,false,,0,0,0,,,1,0
160,2026-07-15T04:28:35.317Z,1600,794,17352,node,2026-07-15T03:50:49.6682453Z,"""C:\Program Files\nodejs\node.exe"" ""D:\typhoon boss radar\node_modules\next\dist\server\lib\start-server.js""",1056944128,1105260544,409,45,,false,2026-07-15T04:26:56.103Z,200,51,"""ded152359965a45c2fd2eedf535461909f5ddcb7692e6ec3ff5dec4b9a167baa""",true,304,true,true,1,1120,1119,0,6,12,12,26,,,true,2026-07-15T04:28:36.102Z,304,10,"""cd426e069524df29521917baffbd4d4a497b8e0d""",true,304,true,false,,0,0,0,,,1,0
161,2026-07-15T04:28:45.311Z,1610,715,17352,node,2026-07-15T03:50:49.6682453Z,"""C:\Program Files\nodejs\node.exe"" ""D:\typhoon boss radar\node_modules\next\dist\server\lib\start-server.js""",1056944128,1105260544,409,45,,false,2026-07-15T04:26:56.103Z,200,51,"""ded152359965a45c2fd2eedf535461909f5ddcb7692e6ec3ff5dec4b9a167baa""",true,304,true,true,1,1120,1119,0,6,12,12,26,,,true,2026-07-15T04:28:46.016Z,304,10,"""cd426e069524df29521917baffbd4d4a497b8e0d""",true,304,true,false,,0,0,0,,,1,0
162,2026-07-15T04:28:55.319Z,1620,821,17352,node,2026-07-15T03:50:49.6682453Z,"""C:\Program Files\nodejs\node.exe"" ""D:\typhoon boss radar\node_modules\next\dist\server\lib\start-server.js""",1056944128,1105260544,409,45,,false,2026-07-15T04:26:56.103Z,200,51,"""ded152359965a45c2fd2eedf535461909f5ddcb7692e6ec3ff5dec4b9a167baa""",true,304,true,true,1,1120,1119,0,6,12,12,26,,,true,2026-07-15T04:28:56.111Z,200,29,"""8104c862f3c972a0f02da89669b7d0cc2890ff29""",true,304,true,true,,0,0,0,,,1,0
163,2026-07-15T04:29:05.314Z,1630,820,17352,node,2026-07-15T03:50:49.6682453Z,"""C:\Program Files\nodejs\node.exe"" ""D:\typhoon boss radar\node_modules\next\dist\server\lib\start-server.js""",1058844672,1107165184,409,45,,false,2026-07-15T04:26:56.103Z,200,51,"""ded152359965a45c2fd2eedf535461909f5ddcb7692e6ec3ff5dec4b9a167baa""",true,304,true,true,1,1120,1119,0,6,12,12,26,,,true,2026-07-15T04:29:06.123Z,304,10,"""8104c862f3c972a0f02da89669b7d0cc2890ff29""",true,304,true,false,,0,0,0,,,1,0
164,2026-07-15T04:29:15.316Z,1640,786,17352,node,2026-07-15T03:50:49.6682453Z,"""C:\Program Files\nodejs\node.exe"" ""D:\typhoon boss radar\node_modules\next\dist\server\lib\start-server.js""",1058877440,1107197952,409,45,,false,2026-07-15T04:26:56.103Z,200,51,"""ded152359965a45c2fd2eedf535461909f5ddcb7692e6ec3ff5dec4b9a167baa""",true,304,true,true,1,1120,1119,0,6,12,12,26,,,true,2026-07-15T04:29:16.091Z,304,11,"""8104c862f3c972a0f02da89669b7d0cc2890ff29""",true,304,true,false,,0,0,0,,,1,0
165,2026-07-15T04:29:25.316Z,1650,803,17352,node,2026-07-15T03:50:49.6682453Z,"""C:\Program Files\nodejs\node.exe"" ""D:\typhoon boss radar\node_modules\next\dist\server\lib\start-server.js""",1058889728,1107206144,409,45,,false,2026-07-15T04:26:56.103Z,200,51,"""ded152359965a45c2fd2eedf535461909f5ddcb7692e6ec3ff5dec4b9a167baa""",true,304,true,true,1,1120,1119,0,6,12,12,26,,,true,2026-07-15T04:29:26.109Z,304,10,"""8104c862f3c972a0f02da89669b7d0cc2890ff29""",true,304,true,false,,0,0,0,,,1,0
166,2026-07-15T04:29:35.316Z,1660,794,17352,node,2026-07-15T03:50:49.6682453Z,"""C:\Program Files\nodejs\node.exe"" ""D:\typhoon boss radar\node_modules\next\dist\server\lib\start-server.js""",1058889728,1107206144,409,45,,false,2026-07-15T04:26:56.103Z,200,51,"""ded152359965a45c2fd2eedf535461909f5ddcb7692e6ec3ff5dec4b9a167baa""",true,304,true,true,1,1120,1119,0,6,12,12,26,,,true,2026-07-15T04:29:36.101Z,304,10,"""8104c862f3c972a0f02da89669b7d0cc2890ff29""",true,304,true,false,,0,0,0,,,1,0
167,2026-07-15T04:29:45.318Z,1670,805,17352,node,2026-07-15T03:50:49.6682453Z,"""C:\Program Files\nodejs\node.exe"" ""D:\typhoon boss radar\node_modules\next\dist\server\lib\start-server.js""",1058889728,1107206144,409,45,,false,2026-07-15T04:26:56.103Z,200,51,"""ded152359965a45c2fd2eedf535461909f5ddcb7692e6ec3ff5dec4b9a167baa""",true,304,true,true,1,1120,1119,0,6,12,12,26,,,true,2026-07-15T04:29:46.113Z,304,10,"""8104c862f3c972a0f02da89669b7d0cc2890ff29""",true,304,true,false,,0,0,0,,,1,0
168,2026-07-15T04:29:55.312Z,1680,767,17352,node,2026-07-15T03:50:49.6682453Z,"""C:\Program Files\nodejs\node.exe"" ""D:\typhoon boss radar\node_modules\next\dist\server\lib\start-server.js""",1058893824,1107206144,409,45,,false,2026-07-15T04:26:56.103Z,200,51,"""ded152359965a45c2fd2eedf535461909f5ddcb7692e6ec3ff5dec4b9a167baa""",true,304,true,true,1,1120,1119,0,6,12,12,26,,,true,2026-07-15T04:29:56.068Z,304,10,"""8104c862f3c972a0f02da89669b7d0cc2890ff29""",true,304,true,false,,0,0,0,,,1,0
169,2026-07-15T04:30:05.324Z,1690,792,17352,node,2026-07-15T03:50:49.6682453Z,"""C:\Program Files\nodejs\node.exe"" ""D:\typhoon boss radar\node_modules\next\dist\server\lib\start-server.js""",1058893824,1107206144,416,45,,false,2026-07-15T04:26:56.103Z,200,51,"""ded152359965a45c2fd2eedf535461909f5ddcb7692e6ec3ff5dec4b9a167baa""",true,304,true,true,1,1120,1119,0,6,12,12,26,,,true,2026-07-15T04:30:06.105Z,304,10,"""8104c862f3c972a0f02da89669b7d0cc2890ff29""",true,304,true,false,,0,0,0,,,1,0
170,2026-07-15T04:30:15.320Z,1700,746,17352,node,2026-07-15T03:50:49.6682453Z,"""C:\Program Files\nodejs\node.exe"" ""D:\typhoon boss radar\node_modules\next\dist\server\lib\start-server.js""",1058893824,1107206144,416,45,,false,2026-07-15T04:26:56.103Z,200,51,"""ded152359965a45c2fd2eedf535461909f5ddcb7692e6ec3ff5dec4b9a167baa""",true,304,true,true,1,1120,1119,0,6,12,12,26,,,true,2026-07-15T04:30:16.055Z,304,10,"""8104c862f3c972a0f02da89669b7d0cc2890ff29""",true,304,true,false,,0,0,0,,,1,0
171,2026-07-15T04:30:25.311Z,1710,802,17352,node,2026-07-15T03:50:49.6682453Z,"""C:\Program Files\nodejs\node.exe"" ""D:\typhoon boss radar\node_modules\next\dist\server\lib\start-server.js""",1058897920,1107210240,416,45,,false,2026-07-15T04:26:56.103Z,200,51,"""ded152359965a45c2fd2eedf535461909f5ddcb7692e6ec3ff5dec4b9a167baa""",true,304,true,true,1,1120,1119,0,6,12,12,26,,,true,2026-07-15T04:30:26.102Z,304,10,"""8104c862f3c972a0f02da89669b7d0cc2890ff29""",true,304,true,false,,0,0,0,,,1,0
172,2026-07-15T04:30:35.324Z,1720,804,17352,node,2026-07-15T03:50:49.6682453Z,"""C:\Program Files\nodejs\node.exe"" ""D:\typhoon boss radar\node_modules\next\dist\server\lib\start-server.js""",1058897920,1107210240,416,45,,false,2026-07-15T04:26:56.103Z,200,51,"""ded152359965a45c2fd2eedf535461909f5ddcb7692e6ec3ff5dec4b9a167baa""",true,304,true,true,1,1120,1119,0,6,12,12,26,,,true,2026-07-15T04:30:36.117Z,304,10,"""8104c862f3c972a0f02da89669b7d0cc2890ff29""",true,304,true,false,,0,0,0,,,1,0
173,2026-07-15T04:30:45.313Z,1730,808,17352,node,2026-07-15T03:50:49.6682453Z,"""C:\Program Files\nodejs\node.exe"" ""D:\typhoon boss radar\node_modules\next\dist\server\lib\start-server.js""",1058963456,1107275776,416,45,,false,2026-07-15T04:26:56.103Z,200,51,"""ded152359965a45c2fd2eedf535461909f5ddcb7692e6ec3ff5dec4b9a167baa""",true,304,true,true,1,1120,1119,0,6,12,12,26,,,true,2026-07-15T04:30:46.110Z,304,10,"""8104c862f3c972a0f02da89669b7d0cc2890ff29""",true,304,true,false,,0,0,0,,,1,0
174,2026-07-15T04:30:55.317Z,1740,750,17352,node,2026-07-15T03:50:49.6682453Z,"""C:\Program Files\nodejs\node.exe"" ""D:\typhoon boss radar\node_modules\next\dist\server\lib\start-server.js""",1058967552,1107275776,416,45,,false,2026-07-15T04:26:56.103Z,200,51,"""ded152359965a45c2fd2eedf535461909f5ddcb7692e6ec3ff5dec4b9a167baa""",true,304,true,true,1,1120,1119,0,6,12,12,26,,,true,2026-07-15T04:30:56.058Z,304,10,"""8104c862f3c972a0f02da89669b7d0cc2890ff29""",true,304,true,false,,0,0,0,,,1,0
175,2026-07-15T04:31:05.313Z,1750,824,17352,node,2026-07-15T03:50:49.6682453Z,"""C:\Program Files\nodejs\node.exe"" ""D:\typhoon boss radar\node_modules\next\dist\server\lib\start-server.js""",1058967552,1107275776,409,45,,false,2026-07-15T04:26:56.103Z,200,51,"""ded152359965a45c2fd2eedf535461909f5ddcb7692e6ec3ff5dec4b9a167baa""",true,304,true,true,1,1120,1119,0,6,12,12,26,,,true,2026-07-15T04:31:06.126Z,304,10,"""8104c862f3c972a0f02da89669b7d0cc2890ff29""",true,304,true,false,,0,0,0,,,1,0
176,2026-07-15T04:31:15.321Z,1760,767,17352,node,2026-07-15T03:50:49.6682453Z,"""C:\Program Files\nodejs\node.exe"" ""D:\typhoon boss radar\node_modules\next\dist\server\lib\start-server.js""",1058967552,1107275776,409,45,,false,2026-07-15T04:26:56.103Z,200,51,"""ded152359965a45c2fd2eedf535461909f5ddcb7692e6ec3ff5dec4b9a167baa""",true,304,true,true,1,1120,1119,0,6,12,12,26,,,true,2026-07-15T04:31:16.078Z,304,10,"""8104c862f3c972a0f02da89669b7d0cc2890ff29""",true,304,true,false,,0,0,0,,,1,0
177,2026-07-15T04:31:25.313Z,1770,772,17352,node,2026-07-15T03:50:49.6682453Z,"""C:\Program Files\nodejs\node.exe"" ""D:\typhoon boss radar\node_modules\next\dist\server\lib\start-server.js""",1058967552,1107275776,409,45,,false,2026-07-15T04:26:56.103Z,200,51,"""ded152359965a45c2fd2eedf535461909f5ddcb7692e6ec3ff5dec4b9a167baa""",true,304,true,true,1,1120,1119,0,6,12,12,26,,,true,2026-07-15T04:31:26.074Z,304,10,"""8104c862f3c972a0f02da89669b7d0cc2890ff29""",true,304,true,false,,0,0,0,,,1,0
178,2026-07-15T04:31:35.311Z,1780,791,17352,node,2026-07-15T03:50:49.6682453Z,"""C:\Program Files\nodejs\node.exe"" ""D:\typhoon boss radar\node_modules\next\dist\server\lib\start-server.js""",1058967552,1107275776,409,45,,false,2026-07-15T04:26:56.103Z,200,51,"""ded152359965a45c2fd2eedf535461909f5ddcb7692e6ec3ff5dec4b9a167baa""",true,304,true,true,1,1120,1119,0,6,12,12,26,,,true,2026-07-15T04:31:36.091Z,304,10,"""8104c862f3c972a0f02da89669b7d0cc2890ff29""",true,304,true,false,,0,0,0,,,1,0
179,2026-07-15T04:31:45.315Z,1790,769,17352,node,2026-07-15T03:50:49.6682453Z,"""C:\Program Files\nodejs\node.exe"" ""D:\typhoon boss radar\node_modules\next\dist\server\lib\start-server.js""",1059033088,1107341312,409,45,,false,2026-07-15T04:26:56.103Z,200,51,"""ded152359965a45c2fd2eedf535461909f5ddcb7692e6ec3ff5dec4b9a167baa""",true,304,true,true,1,1120,1119,0,6,12,12,26,,,true,2026-07-15T04:31:46.074Z,304,10,"""8104c862f3c972a0f02da89669b7d0cc2890ff29""",true,304,true,false,,0,0,0,,,1,0
180,2026-07-15T04:31:55.316Z,1800,889,17352,node,2026-07-15T03:50:49.6682453Z,"""C:\Program Files\nodejs\node.exe"" ""D:\typhoon boss radar\node_modules\next\dist\server\lib\start-server.js""",1059037184,1107345408,409,45,,true,2026-07-15T04:31:56.102Z,200,50,"""b95c809d26195101611931d6daccebca32cad9ec308499e6129441a519475d49""",true,304,true,true,1,1126,1125,0,6,12,12,26,,,true,2026-07-15T04:31:56.178Z,304,27,"""8104c862f3c972a0f02da89669b7d0cc2890ff29""",true,304,true,false,,0,0,0,,,1,0
181,2026-07-15T04:32:05.320Z,1810,769,17352,node,2026-07-15T03:50:49.6682453Z,"""C:\Program Files\nodejs\node.exe"" ""D:\typhoon boss radar\node_modules\next\dist\server\lib\start-server.js""",1057112064,1103900672,409,45,,false,2026-07-15T04:31:56.102Z,200,50,"""b95c809d26195101611931d6daccebca32cad9ec308499e6129441a519475d49""",true,304,true,true,1,1126,1125,0,6,12,12,26,,,true,2026-07-15T04:32:06.080Z,304,9,"""8104c862f3c972a0f02da89669b7d0cc2890ff29""",true,304,true,false,,0,0,0,,,1,0
182,2026-07-15T04:32:15.320Z,1820,804,17352,node,2026-07-15T03:50:49.6682453Z,"""C:\Program Files\nodejs\node.exe"" ""D:\typhoon boss radar\node_modules\next\dist\server\lib\start-server.js""",1057374208,1104166912,409,45,,false,2026-07-15T04:31:56.102Z,200,50,"""b95c809d26195101611931d6daccebca32cad9ec308499e6129441a519475d49""",true,304,true,true,1,1126,1125,0,6,12,12,26,,,true,2026-07-15T04:32:16.116Z,304,9,"""8104c862f3c972a0f02da89669b7d0cc2890ff29""",true,304,true,false,,0,0,0,,,1,0
183,2026-07-15T04:32:25.321Z,1830,818,17352,node,2026-07-15T03:50:49.6682453Z,"""C:\Program Files\nodejs\node.exe"" ""D:\typhoon boss radar\node_modules\next\dist\server\lib\start-server.js""",1057382400,1104166912,409,45,,false,2026-07-15T04:31:56.102Z,200,50,"""b95c809d26195101611931d6daccebca32cad9ec308499e6129441a519475d49""",true,304,true,true,1,1126,1125,0,6,12,12,26,,,true,2026-07-15T04:32:26.129Z,304,10,"""8104c862f3c972a0f02da89669b7d0cc2890ff29""",true,304,true,false,,0,0,0,,,1,0
184,2026-07-15T04:32:35.321Z,1840,816,17352,node,2026-07-15T03:50:49.6682453Z,"""C:\Program Files\nodejs\node.exe"" ""D:\typhoon boss radar\node_modules\next\dist\server\lib\start-server.js""",1057906688,1104723968,409,45,,false,2026-07-15T04:31:56.102Z,200,50,"""b95c809d26195101611931d6daccebca32cad9ec308499e6129441a519475d49""",true,304,true,true,1,1126,1125,0,6,12,12,26,,,true,2026-07-15T04:32:36.128Z,304,9,"""8104c862f3c972a0f02da89669b7d0cc2890ff29""",true,304,true,false,,0,0,0,,,1,0
185,2026-07-15T04:32:45.320Z,1850,817,17352,node,2026-07-15T03:50:49.6682453Z,"""C:\Program Files\nodejs\node.exe"" ""D:\typhoon boss radar\node_modules\next\dist\server\lib\start-server.js""",1057906688,1104723968,409,45,,false,2026-07-15T04:31:56.102Z,200,50,"""b95c809d26195101611931d6daccebca32cad9ec308499e6129441a519475d49""",true,304,true,true,1,1126,1125,0,6,12,12,26,,,true,2026-07-15T04:32:46.122Z,304,15,"""8104c862f3c972a0f02da89669b7d0cc2890ff29""",true,304,true,false,,0,0,0,,,1,0
186,2026-07-15T04:32:55.324Z,1860,832,17352,node,2026-07-15T03:50:49.6682453Z,"""C:\Program Files\nodejs\node.exe"" ""D:\typhoon boss radar\node_modules\next\dist\server\lib\start-server.js""",1073733632,1125908480,409,45,,false,2026-07-15T04:31:56.102Z,200,50,"""b95c809d26195101611931d6daccebca32cad9ec308499e6129441a519475d49""",true,304,true,true,1,1126,1125,0,6,12,12,26,,,true,2026-07-15T04:32:56.129Z,200,26,"""f0352db8ffb9539bffc9cba4310f6d6ec44f2246""",true,304,true,true,,0,0,0,,,1,0
187,2026-07-15T04:33:05.324Z,1870,803,17352,node,2026-07-15T03:50:49.6682453Z,"""C:\Program Files\nodejs\node.exe"" ""D:\typhoon boss radar\node_modules\next\dist\server\lib\start-server.js""",1073737728,1125908480,409,45,,false,2026-07-15T04:31:56.102Z,200,50,"""b95c809d26195101611931d6daccebca32cad9ec308499e6129441a519475d49""",true,304,true,true,1,1126,1125,0,6,12,12,26,,,true,2026-07-15T04:33:06.118Z,304,9,"""f0352db8ffb9539bffc9cba4310f6d6ec44f2246""",true,304,true,false,,0,0,0,,,1,0
188,2026-07-15T04:33:15.313Z,1880,825,17352,node,2026-07-15T03:50:49.6682453Z,"""C:\Program Files\nodejs\node.exe"" ""D:\typhoon boss radar\node_modules\next\dist\server\lib\start-server.js""",1074003968,1126174720,409,45,,false,2026-07-15T04:31:56.102Z,200,50,"""b95c809d26195101611931d6daccebca32cad9ec308499e6129441a519475d49""",true,304,true,true,1,1126,1125,0,6,12,12,26,,,true,2026-07-15T04:33:16.129Z,304,9,"""f0352db8ffb9539bffc9cba4310f6d6ec44f2246""",true,304,true,false,,0,0,0,,,1,0
189,2026-07-15T04:33:25.324Z,1890,850,17352,node,2026-07-15T03:50:49.6682453Z,"""C:\Program Files\nodejs\node.exe"" ""D:\typhoon boss radar\node_modules\next\dist\server\lib\start-server.js""",1074003968,1126174720,409,45,,false,2026-07-15T04:31:56.102Z,200,50,"""b95c809d26195101611931d6daccebca32cad9ec308499e6129441a519475d49""",true,304,true,true,1,1126,1125,0,6,12,12,26,,,true,2026-07-15T04:33:26.165Z,304,9,"""f0352db8ffb9539bffc9cba4310f6d6ec44f2246""",true,304,true,false,,0,0,0,,,1,0
190,2026-07-15T04:33:35.318Z,1900,822,17352,node,2026-07-15T03:50:49.6682453Z,"""C:\Program Files\nodejs\node.exe"" ""D:\typhoon boss radar\node_modules\next\dist\server\lib\start-server.js""",1074528256,1126711296,409,45,,false,2026-07-15T04:31:56.102Z,200,50,"""b95c809d26195101611931d6daccebca32cad9ec308499e6129441a519475d49""",true,304,true,true,1,1126,1125,0,6,12,12,26,,,true,2026-07-15T04:33:36.131Z,304,9,"""f0352db8ffb9539bffc9cba4310f6d6ec44f2246""",true,304,true,false,,0,0,0,,,1,0
191,2026-07-15T04:33:45.321Z,1910,833,17352,node,2026-07-15T03:50:49.6682453Z,"""C:\Program Files\nodejs\node.exe"" ""D:\typhoon boss radar\node_modules\next\dist\server\lib\start-server.js""",1074528256,1126711296,409,45,,false,2026-07-15T04:31:56.102Z,200,50,"""b95c809d26195101611931d6daccebca32cad9ec308499e6129441a519475d49""",true,304,true,true,1,1126,1125,0,6,12,12,26,,,true,2026-07-15T04:33:46.145Z,304,9,"""f0352db8ffb9539bffc9cba4310f6d6ec44f2246""",true,304,true,false,,0,0,0,,,1,0
192,2026-07-15T04:33:55.321Z,1920,818,17352,node,2026-07-15T03:50:49.6682453Z,"""C:\Program Files\nodejs\node.exe"" ""D:\typhoon boss radar\node_modules\next\dist\server\lib\start-server.js""",1074528256,1126711296,409,45,,false,2026-07-15T04:31:56.102Z,200,50,"""b95c809d26195101611931d6daccebca32cad9ec308499e6129441a519475d49""",true,304,true,true,1,1126,1125,0,6,12,12,26,,,true,2026-07-15T04:33:56.130Z,304,9,"""f0352db8ffb9539bffc9cba4310f6d6ec44f2246""",true,304,true,false,,0,0,0,,,1,0
193,2026-07-15T04:34:05.321Z,1930,780,17352,node,2026-07-15T03:50:49.6682453Z,"""C:\Program Files\nodejs\node.exe"" ""D:\typhoon boss radar\node_modules\next\dist\server\lib\start-server.js""",1074528256,1126711296,409,45,,false,2026-07-15T04:31:56.102Z,200,50,"""b95c809d26195101611931d6daccebca32cad9ec308499e6129441a519475d49""",true,304,true,true,1,1126,1125,0,6,12,12,26,,,true,2026-07-15T04:34:06.091Z,304,9,"""f0352db8ffb9539bffc9cba4310f6d6ec44f2246""",true,304,true,false,,0,0,0,,,1,0
194,2026-07-15T04:34:15.310Z,1940,842,17352,node,2026-07-15T03:50:49.6682453Z,"""C:\Program Files\nodejs\node.exe"" ""D:\typhoon boss radar\node_modules\next\dist\server\lib\start-server.js""",1074528256,1126711296,409,45,,false,2026-07-15T04:31:56.102Z,200,50,"""b95c809d26195101611931d6daccebca32cad9ec308499e6129441a519475d49""",true,304,true,true,1,1126,1125,0,6,12,12,26,,,true,2026-07-15T04:34:16.140Z,304,12,"""f0352db8ffb9539bffc9cba4310f6d6ec44f2246""",true,304,true,false,,0,0,0,,,1,0
195,2026-07-15T04:34:25.322Z,1950,805,17352,node,2026-07-15T03:50:49.6682453Z,"""C:\Program Files\nodejs\node.exe"" ""D:\typhoon boss radar\node_modules\next\dist\server\lib\start-server.js""",1075662848,1127882752,409,45,,false,2026-07-15T04:31:56.102Z,200,50,"""b95c809d26195101611931d6daccebca32cad9ec308499e6129441a519475d49""",true,304,true,true,1,1126,1125,0,6,12,12,26,,,true,2026-07-15T04:34:26.116Z,304,11,"""f0352db8ffb9539bffc9cba4310f6d6ec44f2246""",true,304,true,false,,0,0,0,,,1,0
196,2026-07-15T04:34:35.314Z,1960,779,17352,node,2026-07-15T03:50:49.6682453Z,"""C:\Program Files\nodejs\node.exe"" ""D:\typhoon boss radar\node_modules\next\dist\server\lib\start-server.js""",1075675136,1127882752,409,45,,false,2026-07-15T04:31:56.102Z,200,50,"""b95c809d26195101611931d6daccebca32cad9ec308499e6129441a519475d49""",true,304,true,true,1,1126,1125,0,6,12,12,26,,,true,2026-07-15T04:34:36.085Z,304,9,"""f0352db8ffb9539bffc9cba4310f6d6ec44f2246""",true,304,true,false,,0,0,0,,,1,0
197,2026-07-15T04:34:45.325Z,1970,825,17352,node,2026-07-15T03:50:49.6682453Z,"""C:\Program Files\nodejs\node.exe"" ""D:\typhoon boss radar\node_modules\next\dist\server\lib\start-server.js""",1075675136,1127882752,409,45,,false,2026-07-15T04:31:56.102Z,200,50,"""b95c809d26195101611931d6daccebca32cad9ec308499e6129441a519475d49""",true,304,true,true,1,1126,1125,0,6,12,12,26,,,true,2026-07-15T04:34:46.140Z,304,9,"""f0352db8ffb9539bffc9cba4310f6d6ec44f2246""",true,304,true,false,,0,0,0,,,1,0
198,2026-07-15T04:34:55.315Z,1980,848,17352,node,2026-07-15T03:50:49.6682453Z,"""C:\Program Files\nodejs\node.exe"" ""D:\typhoon boss radar\node_modules\next\dist\server\lib\start-server.js""",1075695616,1127882752,409,45,,false,2026-07-15T04:31:56.102Z,200,50,"""b95c809d26195101611931d6daccebca32cad9ec308499e6129441a519475d49""",true,304,true,true,1,1126,1125,0,6,12,12,26,,,true,2026-07-15T04:34:56.153Z,304,10,"""f0352db8ffb9539bffc9cba4310f6d6ec44f2246""",true,304,true,false,,0,0,0,,,1,0
199,2026-07-15T04:35:05.312Z,1990,904,17352,node,2026-07-15T03:50:49.6682453Z,"""C:\Program Files\nodejs\node.exe"" ""D:\typhoon boss radar\node_modules\next\dist\server\lib\start-server.js""",1075703808,1127882752,409,45,,false,2026-07-15T04:31:56.102Z,200,50,"""b95c809d26195101611931d6daccebca32cad9ec308499e6129441a519475d49""",true,304,true,true,1,1126,1125,0,6,12,12,26,,,true,2026-07-15T04:35:06.205Z,304,10,"""f0352db8ffb9539bffc9cba4310f6d6ec44f2246""",true,304,true,false,,0,0,0,,,1,0
200,2026-07-15T04:35:15.324Z,2000,794,17352,node,2026-07-15T03:50:49.6682453Z,"""C:\Program Files\nodejs\node.exe"" ""D:\typhoon boss radar\node_modules\next\dist\server\lib\start-server.js""",1075707904,1127882752,409,45,,false,2026-07-15T04:31:56.102Z,200,50,"""b95c809d26195101611931d6daccebca32cad9ec308499e6129441a519475d49""",true,304,true,true,1,1126,1125,0,6,12,12,26,,,true,2026-07-15T04:35:16.107Z,304,11,"""f0352db8ffb9539bffc9cba4310f6d6ec44f2246""",true,304,true,false,,0,0,0,,,1,0
201,2026-07-15T04:35:25.315Z,2010,822,17352,node,2026-07-15T03:50:49.6682453Z,"""C:\Program Files\nodejs\node.exe"" ""D:\typhoon boss radar\node_modules\next\dist\server\lib\start-server.js""",1075728384,1127907328,409,45,,false,2026-07-15T04:31:56.102Z,200,50,"""b95c809d26195101611931d6daccebca32cad9ec308499e6129441a519475d49""",true,304,true,true,1,1126,1125,0,6,12,12,26,,,true,2026-07-15T04:35:26.127Z,304,10,"""f0352db8ffb9539bffc9cba4310f6d6ec44f2246""",true,304,true,false,,0,0,0,,,1,0
202,2026-07-15T04:35:35.312Z,2020,786,17352,node,2026-07-15T03:50:49.6682453Z,"""C:\Program Files\nodejs\node.exe"" ""D:\typhoon boss radar\node_modules\next\dist\server\lib\start-server.js""",1075728384,1127907328,409,45,,false,2026-07-15T04:31:56.102Z,200,50,"""b95c809d26195101611931d6daccebca32cad9ec308499e6129441a519475d49""",true,304,true,true,1,1126,1125,0,6,12,12,26,,,true,2026-07-15T04:35:36.087Z,304,10,"""f0352db8ffb9539bffc9cba4310f6d6ec44f2246""",true,304,true,false,,0,0,0,,,1,0
203,2026-07-15T04:35:45.313Z,2030,805,17352,node,2026-07-15T03:50:49.6682453Z,"""C:\Program Files\nodejs\node.exe"" ""D:\typhoon boss radar\node_modules\next\dist\server\lib\start-server.js""",1075728384,1127907328,409,45,,false,2026-07-15T04:31:56.102Z,200,50,"""b95c809d26195101611931d6daccebca32cad9ec308499e6129441a519475d49""",true,304,true,true,1,1126,1125,0,6,12,12,26,,,true,2026-07-15T04:35:46.108Z,304,10,"""f0352db8ffb9539bffc9cba4310f6d6ec44f2246""",true,304,true,false,,0,0,0,,,1,0
204,2026-07-15T04:35:55.318Z,2040,843,17352,node,2026-07-15T03:50:49.6682453Z,"""C:\Program Files\nodejs\node.exe"" ""D:\typhoon boss radar\node_modules\next\dist\server\lib\start-server.js""",1075728384,1127907328,409,45,,false,2026-07-15T04:31:56.102Z,200,50,"""b95c809d26195101611931d6daccebca32cad9ec308499e6129441a519475d49""",true,304,true,true,1,1126,1125,0,6,12,12,26,,,true,2026-07-15T04:35:56.151Z,304,11,"""f0352db8ffb9539bffc9cba4310f6d6ec44f2246""",true,304,true,false,,0,0,0,,,1,0
205,2026-07-15T04:36:05.323Z,2050,796,17352,node,2026-07-15T03:50:49.6682453Z,"""C:\Program Files\nodejs\node.exe"" ""D:\typhoon boss radar\node_modules\next\dist\server\lib\start-server.js""",1077628928,1129820160,409,45,,false,2026-07-15T04:31:56.102Z,200,50,"""b95c809d26195101611931d6daccebca32cad9ec308499e6129441a519475d49""",true,304,true,true,1,1126,1125,0,6,12,12,26,,,true,2026-07-15T04:36:06.109Z,304,10,"""f0352db8ffb9539bffc9cba4310f6d6ec44f2246""",true,304,true,false,,0,0,0,,,1,0
206,2026-07-15T04:36:15.324Z,2060,744,17352,node,2026-07-15T03:50:49.6682453Z,"""C:\Program Files\nodejs\node.exe"" ""D:\typhoon boss radar\node_modules\next\dist\server\lib\start-server.js""",1077633024,1129820160,409,45,,false,2026-07-15T04:31:56.102Z,200,50,"""b95c809d26195101611931d6daccebca32cad9ec308499e6129441a519475d49""",true,304,true,true,1,1126,1125,0,6,12,12,26,,,true,2026-07-15T04:36:16.058Z,304,10,"""f0352db8ffb9539bffc9cba4310f6d6ec44f2246""",true,304,true,false,,0,0,0,,,1,0
207,2026-07-15T04:36:25.313Z,2070,839,17352,node,2026-07-15T03:50:49.6682453Z,"""C:\Program Files\nodejs\node.exe"" ""D:\typhoon boss radar\node_modules\next\dist\server\lib\start-server.js""",1077698560,1129885696,409,45,,false,2026-07-15T04:31:56.102Z,200,50,"""b95c809d26195101611931d6daccebca32cad9ec308499e6129441a519475d49""",true,304,true,true,1,1126,1125,0,6,12,12,26,,,true,2026-07-15T04:36:26.141Z,304,10,"""f0352db8ffb9539bffc9cba4310f6d6ec44f2246""",true,304,true,false,,0,0,0,,,1,0
208,2026-07-15T04:36:35.315Z,2080,788,17352,node,2026-07-15T03:50:49.6682453Z,"""C:\Program Files\nodejs\node.exe"" ""D:\typhoon boss radar\node_modules\next\dist\server\lib\start-server.js""",1077706752,1129885696,409,45,,false,2026-07-15T04:31:56.102Z,200,50,"""b95c809d26195101611931d6daccebca32cad9ec308499e6129441a519475d49""",true,304,true,true,1,1126,1125,0,6,12,12,26,,,true,2026-07-15T04:36:36.093Z,304,11,"""f0352db8ffb9539bffc9cba4310f6d6ec44f2246""",true,304,true,false,,0,0,0,,,1,0
209,2026-07-15T04:36:45.317Z,2090,808,17352,node,2026-07-15T03:50:49.6682453Z,"""C:\Program Files\nodejs\node.exe"" ""D:\typhoon boss radar\node_modules\next\dist\server\lib\start-server.js""",1077714944,1129885696,409,45,,false,2026-07-15T04:31:56.102Z,200,50,"""b95c809d26195101611931d6daccebca32cad9ec308499e6129441a519475d49""",true,304,true,true,1,1126,1125,0,6,12,12,26,,,true,2026-07-15T04:36:46.114Z,304,10,"""f0352db8ffb9539bffc9cba4310f6d6ec44f2246""",true,304,true,false,,0,0,0,,,1,0
210,2026-07-15T04:36:55.323Z,2100,866,17352,node,2026-07-15T03:50:49.6682453Z,"""C:\Program Files\nodejs\node.exe"" ""D:\typhoon boss radar\node_modules\next\dist\server\lib\start-server.js""",1077714944,1129885696,409,45,,true,2026-07-15T04:36:56.124Z,200,51,"""7e19ae108db3a60610e46642d50c18a64ec557ac8044ce10cc3d8059df394e70""",true,304,true,true,1,1129,1128,0,6,12,12,26,,,true,2026-07-15T04:36:56.180Z,304,9,"""f0352db8ffb9539bffc9cba4310f6d6ec44f2246""",true,304,true,false,,0,0,0,,,1,0
211,2026-07-15T04:37:05.310Z,2110,805,17352,node,2026-07-15T03:50:49.6682453Z,"""C:\Program Files\nodejs\node.exe"" ""D:\typhoon boss radar\node_modules\next\dist\server\lib\start-server.js""",1089191936,1140875264,409,45,,false,2026-07-15T04:36:56.124Z,200,51,"""7e19ae108db3a60610e46642d50c18a64ec557ac8044ce10cc3d8059df394e70""",true,304,true,true,1,1129,1128,0,6,12,12,26,,,true,2026-07-15T04:37:06.095Z,200,20,"""05813c603c51bc8bc766d72a598d5a3461d46796""",true,304,true,true,,0,0,0,,,1,0
212,2026-07-15T04:37:15.310Z,2120,794,17352,node,2026-07-15T03:50:49.6682453Z,"""C:\Program Files\nodejs\node.exe"" ""D:\typhoon boss radar\node_modules\next\dist\server\lib\start-server.js""",1084526592,1136140288,409,45,,false,2026-07-15T04:36:56.124Z,200,51,"""7e19ae108db3a60610e46642d50c18a64ec557ac8044ce10cc3d8059df394e70""",true,304,true,true,1,1129,1128,0,6,12,12,26,,,true,2026-07-15T04:37:16.095Z,304,9,"""05813c603c51bc8bc766d72a598d5a3461d46796""",true,304,true,false,,0,0,0,,,1,0
213,2026-07-15T04:37:25.310Z,2130,779,17352,node,2026-07-15T03:50:49.6682453Z,"""C:\Program Files\nodejs\node.exe"" ""D:\typhoon boss radar\node_modules\next\dist\server\lib\start-server.js""",1084530688,1136140288,409,45,,false,2026-07-15T04:36:56.124Z,200,51,"""7e19ae108db3a60610e46642d50c18a64ec557ac8044ce10cc3d8059df394e70""",true,304,true,true,1,1129,1128,0,6,12,12,26,,,true,2026-07-15T04:37:26.079Z,304,10,"""05813c603c51bc8bc766d72a598d5a3461d46796""",true,304,true,false,,0,0,0,,,1,0
214,2026-07-15T04:37:35.324Z,2140,783,17352,node,2026-07-15T03:50:49.6682453Z,"""C:\Program Files\nodejs\node.exe"" ""D:\typhoon boss radar\node_modules\next\dist\server\lib\start-server.js""",1084600320,1136205824,409,45,,false,2026-07-15T04:36:56.124Z,200,51,"""7e19ae108db3a60610e46642d50c18a64ec557ac8044ce10cc3d8059df394e70""",true,304,true,true,1,1129,1128,0,6,12,12,26,,,true,2026-07-15T04:37:36.096Z,304,11,"""05813c603c51bc8bc766d72a598d5a3461d46796""",true,304,true,false,,0,0,0,,,1,0
215,2026-07-15T04:37:45.310Z,2150,777,17352,node,2026-07-15T03:50:49.6682453Z,"""C:\Program Files\nodejs\node.exe"" ""D:\typhoon boss radar\node_modules\next\dist\server\lib\start-server.js""",1084612608,1136205824,409,45,,false,2026-07-15T04:36:56.124Z,200,51,"""7e19ae108db3a60610e46642d50c18a64ec557ac8044ce10cc3d8059df394e70""",true,304,true,true,1,1129,1128,0,6,12,12,26,,,true,2026-07-15T04:37:46.077Z,304,10,"""05813c603c51bc8bc766d72a598d5a3461d46796""",true,304,true,false,,0,0,0,,,1,0
216,2026-07-15T04:37:55.316Z,2160,818,17352,node,2026-07-15T03:50:49.6682453Z,"""C:\Program Files\nodejs\node.exe"" ""D:\typhoon boss radar\node_modules\next\dist\server\lib\start-server.js""",1084612608,1136205824,409,45,,false,2026-07-15T04:36:56.124Z,200,51,"""7e19ae108db3a60610e46642d50c18a64ec557ac8044ce10cc3d8059df394e70""",true,304,true,true,1,1129,1128,0,6,12,12,26,,,true,2026-07-15T04:37:56.125Z,304,10,"""05813c603c51bc8bc766d72a598d5a3461d46796""",true,304,true,false,,0,0,0,,,1,0
217,2026-07-15T04:38:05.310Z,2170,803,17352,node,2026-07-15T03:50:49.6682453Z,"""C:\Program Files\nodejs\node.exe"" ""D:\typhoon boss radar\node_modules\next\dist\server\lib\start-server.js""",1084616704,1136205824,409,45,,false,2026-07-15T04:36:56.124Z,200,51,"""7e19ae108db3a60610e46642d50c18a64ec557ac8044ce10cc3d8059df394e70""",true,304,true,true,1,1129,1128,0,6,12,12,26,,,true,2026-07-15T04:38:06.102Z,304,10,"""05813c603c51bc8bc766d72a598d5a3461d46796""",true,304,true,false,,0,0,0,,,1,0
218,2026-07-15T04:38:15.318Z,2180,800,17352,node,2026-07-15T03:50:49.6682453Z,"""C:\Program Files\nodejs\node.exe"" ""D:\typhoon boss radar\node_modules\next\dist\server\lib\start-server.js""",1084624896,1136205824,409,45,,false,2026-07-15T04:36:56.124Z,200,51,"""7e19ae108db3a60610e46642d50c18a64ec557ac8044ce10cc3d8059df394e70""",true,304,true,true,1,1129,1128,0,6,12,12,26,,,true,2026-07-15T04:38:16.108Z,304,10,"""05813c603c51bc8bc766d72a598d5a3461d46796""",true,304,true,false,,0,0,0,,,1,0
219,2026-07-15T04:38:25.321Z,2190,787,17352,node,2026-07-15T03:50:49.6682453Z,"""C:\Program Files\nodejs\node.exe"" ""D:\typhoon boss radar\node_modules\next\dist\server\lib\start-server.js""",1084637184,1136205824,409,45,,false,2026-07-15T04:36:56.124Z,200,51,"""7e19ae108db3a60610e46642d50c18a64ec557ac8044ce10cc3d8059df394e70""",true,304,true,true,1,1129,1128,0,6,12,12,26,,,true,2026-07-15T04:38:26.097Z,304,11,"""05813c603c51bc8bc766d72a598d5a3461d46796""",true,304,true,false,,0,0,0,,,1,0
220,2026-07-15T04:38:35.311Z,2200,767,17352,node,2026-07-15T03:50:49.6682453Z,"""C:\Program Files\nodejs\node.exe"" ""D:\typhoon boss radar\node_modules\next\dist\server\lib\start-server.js""",1084702720,1136271360,409,45,,false,2026-07-15T04:36:56.124Z,200,51,"""7e19ae108db3a60610e46642d50c18a64ec557ac8044ce10cc3d8059df394e70""",true,304,true,true,1,1129,1128,0,6,12,12,26,,,true,2026-07-15T04:38:36.067Z,304,11,"""05813c603c51bc8bc766d72a598d5a3461d46796""",true,304,true,false,,0,0,0,,,1,0
221,2026-07-15T04:38:45.315Z,2210,796,17352,node,2026-07-15T03:50:49.6682453Z,"""C:\Program Files\nodejs\node.exe"" ""D:\typhoon boss radar\node_modules\next\dist\server\lib\start-server.js""",1088446464,1140019200,409,45,,false,2026-07-15T04:36:56.124Z,200,51,"""7e19ae108db3a60610e46642d50c18a64ec557ac8044ce10cc3d8059df394e70""",true,304,true,true,1,1129,1128,0,6,12,12,26,,,true,2026-07-15T04:38:46.101Z,304,10,"""05813c603c51bc8bc766d72a598d5a3461d46796""",true,304,true,false,,0,0,0,,,1,0
222,2026-07-15T04:38:55.325Z,2220,777,17352,node,2026-07-15T03:50:49.6682453Z,"""C:\Program Files\nodejs\node.exe"" ""D:\typhoon boss radar\node_modules\next\dist\server\lib\start-server.js""",1088446464,1140019200,409,45,,false,2026-07-15T04:36:56.124Z,200,51,"""7e19ae108db3a60610e46642d50c18a64ec557ac8044ce10cc3d8059df394e70""",true,304,true,true,1,1129,1128,0,6,12,12,26,,,true,2026-07-15T04:38:56.091Z,304,10,"""05813c603c51bc8bc766d72a598d5a3461d46796""",true,304,true,false,,0,0,0,,,1,0
223,2026-07-15T04:39:05.325Z,2230,773,17352,node,2026-07-15T03:50:49.6682453Z,"""C:\Program Files\nodejs\node.exe"" ""D:\typhoon boss radar\node_modules\next\dist\server\lib\start-server.js""",1088450560,1140019200,409,45,,false,2026-07-15T04:36:56.124Z,200,51,"""7e19ae108db3a60610e46642d50c18a64ec557ac8044ce10cc3d8059df394e70""",true,304,true,true,1,1129,1128,0,6,12,12,26,,,true,2026-07-15T04:39:06.087Z,304,10,"""05813c603c51bc8bc766d72a598d5a3461d46796""",true,304,true,false,,0,0,0,,,1,0
224,2026-07-15T04:39:15.318Z,2240,768,17352,node,2026-07-15T03:50:49.6682453Z,"""C:\Program Files\nodejs\node.exe"" ""D:\typhoon boss radar\node_modules\next\dist\server\lib\start-server.js""",1088466944,1140019200,409,45,,false,2026-07-15T04:36:56.124Z,200,51,"""7e19ae108db3a60610e46642d50c18a64ec557ac8044ce10cc3d8059df394e70""",true,304,true,true,1,1129,1128,0,6,12,12,26,,,true,2026-07-15T04:39:16.076Z,304,10,"""05813c603c51bc8bc766d72a598d5a3461d46796""",true,304,true,false,,0,0,0,,,1,0
225,2026-07-15T04:39:25.317Z,2250,785,17352,node,2026-07-15T03:50:49.6682453Z,"""C:\Program Files\nodejs\node.exe"" ""D:\typhoon boss radar\node_modules\next\dist\server\lib\start-server.js""",1088544768,1140084736,409,45,,false,2026-07-15T04:36:56.124Z,200,51,"""7e19ae108db3a60610e46642d50c18a64ec557ac8044ce10cc3d8059df394e70""",true,304,true,true,1,1129,1128,0,6,12,12,26,,,true,2026-07-15T04:39:26.086Z,304,16,"""05813c603c51bc8bc766d72a598d5a3461d46796""",true,304,true,false,,0,0,0,,,1,0
226,2026-07-15T04:39:35.311Z,2260,778,17352,node,2026-07-15T03:50:49.6682453Z,"""C:\Program Files\nodejs\node.exe"" ""D:\typhoon boss radar\node_modules\next\dist\server\lib\start-server.js""",1082093568,1133137920,409,45,,false,2026-07-15T04:36:56.124Z,200,51,"""7e19ae108db3a60610e46642d50c18a64ec557ac8044ce10cc3d8059df394e70""",true,304,true,true,1,1129,1128,0,6,12,12,26,,,true,2026-07-15T04:39:36.079Z,304,10,"""05813c603c51bc8bc766d72a598d5a3461d46796""",true,304,true,false,,0,0,0,,,1,0
227,2026-07-15T04:39:45.322Z,2270,773,17352,node,2026-07-15T03:50:49.6682453Z,"""C:\Program Files\nodejs\node.exe"" ""D:\typhoon boss radar\node_modules\next\dist\server\lib\start-server.js""",1082093568,1133137920,409,45,,false,2026-07-15T04:36:56.124Z,200,51,"""7e19ae108db3a60610e46642d50c18a64ec557ac8044ce10cc3d8059df394e70""",true,304,true,true,1,1129,1128,0,6,12,12,26,,,true,2026-07-15T04:39:46.086Z,304,10,"""05813c603c51bc8bc766d72a598d5a3461d46796""",true,304,true,false,,0,0,0,,,1,0
228,2026-07-15T04:39:55.324Z,2280,752,17352,node,2026-07-15T03:50:49.6682453Z,"""C:\Program Files\nodejs\node.exe"" ""D:\typhoon boss radar\node_modules\next\dist\server\lib\start-server.js""",1082355712,1133404160,409,45,,false,2026-07-15T04:36:56.124Z,200,51,"""7e19ae108db3a60610e46642d50c18a64ec557ac8044ce10cc3d8059df394e70""",true,304,true,true,1,1129,1128,0,6,12,12,26,,,true,2026-07-15T04:39:56.065Z,304,10,"""05813c603c51bc8bc766d72a598d5a3461d46796""",true,304,true,false,,0,0,0,,,1,0
229,2026-07-15T04:40:05.324Z,2290,748,17352,node,2026-07-15T03:50:49.6682453Z,"""C:\Program Files\nodejs\node.exe"" ""D:\typhoon boss radar\node_modules\next\dist\server\lib\start-server.js""",1082355712,1133404160,409,45,,false,2026-07-15T04:36:56.124Z,200,51,"""7e19ae108db3a60610e46642d50c18a64ec557ac8044ce10cc3d8059df394e70""",true,304,true,true,1,1129,1128,0,6,12,12,26,,,true,2026-07-15T04:40:06.060Z,304,11,"""05813c603c51bc8bc766d72a598d5a3461d46796""",true,304,true,false,,0,0,0,,,1,0
230,2026-07-15T04:40:15.325Z,2300,780,17352,node,2026-07-15T03:50:49.6682453Z,"""C:\Program Files\nodejs\node.exe"" ""D:\typhoon boss radar\node_modules\next\dist\server\lib\start-server.js""",1082363904,1133404160,409,45,,false,2026-07-15T04:36:56.124Z,200,51,"""7e19ae108db3a60610e46642d50c18a64ec557ac8044ce10cc3d8059df394e70""",true,304,true,true,1,1129,1128,0,6,12,12,26,,,true,2026-07-15T04:40:16.094Z,304,10,"""05813c603c51bc8bc766d72a598d5a3461d46796""",true,304,true,false,,0,0,0,,,1,0
231,2026-07-15T04:40:25.310Z,2310,772,17352,node,2026-07-15T03:50:49.6682453Z,"""C:\Program Files\nodejs\node.exe"" ""D:\typhoon boss radar\node_modules\next\dist\server\lib\start-server.js""",1082888192,1133936640,409,45,,false,2026-07-15T04:36:56.124Z,200,51,"""7e19ae108db3a60610e46642d50c18a64ec557ac8044ce10cc3d8059df394e70""",true,304,true,true,1,1129,1128,0,6,12,12,26,,,true,2026-07-15T04:40:26.072Z,304,10,"""05813c603c51bc8bc766d72a598d5a3461d46796""",true,304,true,false,,0,0,0,,,1,0
232,2026-07-15T04:40:35.311Z,2320,796,17352,node,2026-07-15T03:50:49.6682453Z,"""C:\Program Files\nodejs\node.exe"" ""D:\typhoon boss radar\node_modules\next\dist\server\lib\start-server.js""",1082888192,1133936640,409,45,,false,2026-07-15T04:36:56.124Z,200,51,"""7e19ae108db3a60610e46642d50c18a64ec557ac8044ce10cc3d8059df394e70""",true,304,true,true,1,1129,1128,0,6,12,12,26,,,true,2026-07-15T04:40:36.097Z,304,10,"""05813c603c51bc8bc766d72a598d5a3461d46796""",true,304,true,false,,0,0,0,,,1,0
233,2026-07-15T04:40:45.318Z,2330,763,17352,node,2026-07-15T03:50:49.6682453Z,"""C:\Program Files\nodejs\node.exe"" ""D:\typhoon boss radar\node_modules\next\dist\server\lib\start-server.js""",1082888192,1133936640,409,45,,false,2026-07-15T04:36:56.124Z,200,51,"""7e19ae108db3a60610e46642d50c18a64ec557ac8044ce10cc3d8059df394e70""",true,304,true,true,1,1129,1128,0,6,12,12,26,,,true,2026-07-15T04:40:46.070Z,304,10,"""05813c603c51bc8bc766d72a598d5a3461d46796""",true,304,true,false,,0,0,0,,,1,0
234,2026-07-15T04:40:55.317Z,2340,765,17352,node,2026-07-15T03:50:49.6682453Z,"""C:\Program Files\nodejs\node.exe"" ""D:\typhoon boss radar\node_modules\next\dist\server\lib\start-server.js""",1082888192,1133936640,409,45,,false,2026-07-15T04:36:56.124Z,200,51,"""7e19ae108db3a60610e46642d50c18a64ec557ac8044ce10cc3d8059df394e70""",true,304,true,true,1,1129,1128,0,6,12,12,26,,,true,2026-07-15T04:40:56.072Z,304,10,"""05813c603c51bc8bc766d72a598d5a3461d46796""",true,304,true,false,,0,0,0,,,1,0
235,2026-07-15T04:41:05.316Z,2350,761,17352,node,2026-07-15T03:50:49.6682453Z,"""C:\Program Files\nodejs\node.exe"" ""D:\typhoon boss radar\node_modules\next\dist\server\lib\start-server.js""",1082888192,1133936640,409,45,,false,2026-07-15T04:36:56.124Z,200,51,"""7e19ae108db3a60610e46642d50c18a64ec557ac8044ce10cc3d8059df394e70""",true,304,true,true,1,1129,1128,0,6,12,12,26,,,true,2026-07-15T04:41:06.067Z,304,11,"""05813c603c51bc8bc766d72a598d5a3461d46796""",true,304,true,false,,0,0,0,,,1,0
236,2026-07-15T04:41:15.324Z,2360,807,17352,node,2026-07-15T03:50:49.6682453Z,"""C:\Program Files\nodejs\node.exe"" ""D:\typhoon boss radar\node_modules\next\dist\server\lib\start-server.js""",1083871232,1134931968,409,45,,false,2026-07-15T04:36:56.124Z,200,51,"""7e19ae108db3a60610e46642d50c18a64ec557ac8044ce10cc3d8059df394e70""",true,304,true,true,1,1129,1128,0,6,12,12,26,,,true,2026-07-15T04:41:16.102Z,200,29,"""793902d5e6ce2db28443b927ac7bac23aa0d27c6""",true,304,true,true,,0,0,0,,,1,0
237,2026-07-15T04:41:25.314Z,2370,795,17352,node,2026-07-15T03:50:49.6682453Z,"""C:\Program Files\nodejs\node.exe"" ""D:\typhoon boss radar\node_modules\next\dist\server\lib\start-server.js""",1083871232,1134931968,409,45,,false,2026-07-15T04:36:56.124Z,200,51,"""7e19ae108db3a60610e46642d50c18a64ec557ac8044ce10cc3d8059df394e70""",true,304,true,true,1,1129,1128,0,6,12,12,26,,,true,2026-07-15T04:41:26.099Z,304,9,"""793902d5e6ce2db28443b927ac7bac23aa0d27c6""",true,304,true,false,,0,0,0,,,1,0
238,2026-07-15T04:41:35.323Z,2380,785,17352,node,2026-07-15T03:50:49.6682453Z,"""C:\Program Files\nodejs\node.exe"" ""D:\typhoon boss radar\node_modules\next\dist\server\lib\start-server.js""",1083871232,1134931968,409,45,,false,2026-07-15T04:36:56.124Z,200,51,"""7e19ae108db3a60610e46642d50c18a64ec557ac8044ce10cc3d8059df394e70""",true,304,true,true,1,1129,1128,0,6,12,12,26,,,true,2026-07-15T04:41:36.099Z,304,9,"""793902d5e6ce2db28443b927ac7bac23aa0d27c6""",true,304,true,false,,0,0,0,,,1,0
239,2026-07-15T04:41:45.325Z,2390,863,17352,node,2026-07-15T03:50:49.6682453Z,"""C:\Program Files\nodejs\node.exe"" ""D:\typhoon boss radar\node_modules\next\dist\server\lib\start-server.js""",1083871232,1134931968,409,45,,false,2026-07-15T04:36:56.124Z,200,51,"""7e19ae108db3a60610e46642d50c18a64ec557ac8044ce10cc3d8059df394e70""",true,304,true,true,1,1129,1128,0,6,12,12,26,,,true,2026-07-15T04:41:46.178Z,304,10,"""793902d5e6ce2db28443b927ac7bac23aa0d27c6""",true,304,true,false,,0,0,0,,,1,0
240,2026-07-15T04:41:55.315Z,2400,891,17352,node,2026-07-15T03:50:49.6682453Z,"""C:\Program Files\nodejs\node.exe"" ""D:\typhoon boss radar\node_modules\next\dist\server\lib\start-server.js""",1083871232,1134931968,409,45,,true,2026-07-15T04:41:56.143Z,200,51,"""3cd8f382f30954aad6ea2698700d1dd2691d9fb37ea3a586d1553b75d76d0d1a""",true,304,true,true,1,1126,1125,0,6,12,12,26,,,true,2026-07-15T04:41:56.198Z,304,8,"""793902d5e6ce2db28443b927ac7bac23aa0d27c6""",true,304,true,false,,0,0,0,,,1,0
241,2026-07-15T04:42:05.312Z,2410,870,17352,node,2026-07-15T03:50:49.6682453Z,"""C:\Program Files\nodejs\node.exe"" ""D:\typhoon boss radar\node_modules\next\dist\server\lib\start-server.js""",1090326528,1141477376,409,45,,false,2026-07-15T04:41:56.143Z,200,51,"""3cd8f382f30954aad6ea2698700d1dd2691d9fb37ea3a586d1553b75d76d0d1a""",true,304,true,true,1,1126,1125,0,6,12,12,26,,,true,2026-07-15T04:42:06.172Z,304,9,"""793902d5e6ce2db28443b927ac7bac23aa0d27c6""",true,304,true,false,,0,0,0,,,1,0
242,2026-07-15T04:42:15.317Z,2420,817,17352,node,2026-07-15T03:50:49.6682453Z,"""C:\Program Files\nodejs\node.exe"" ""D:\typhoon boss radar\node_modules\next\dist\server\lib\start-server.js""",1092227072,1143386112,409,45,,false,2026-07-15T04:41:56.143Z,200,51,"""3cd8f382f30954aad6ea2698700d1dd2691d9fb37ea3a586d1553b75d76d0d1a""",true,304,true,true,1,1126,1125,0,6,12,12,26,,,true,2026-07-15T04:42:16.125Z,304,9,"""793902d5e6ce2db28443b927ac7bac23aa0d27c6""",true,304,true,false,,0,0,0,,,1,0
243,2026-07-15T04:42:25.312Z,2430,934,17352,node,2026-07-15T03:50:49.6682453Z,"""C:\Program Files\nodejs\node.exe"" ""D:\typhoon boss radar\node_modules\next\dist\server\lib\start-server.js""",1090674688,1141805056,409,45,,false,2026-07-15T04:41:56.143Z,200,51,"""3cd8f382f30954aad6ea2698700d1dd2691d9fb37ea3a586d1553b75d76d0d1a""",true,304,true,true,1,1126,1125,0,6,12,12,26,,,true,2026-07-15T04:42:26.237Z,304,10,"""793902d5e6ce2db28443b927ac7bac23aa0d27c6""",true,304,true,false,,0,0,0,,,1,0
244,2026-07-15T04:42:35.310Z,2440,792,17352,node,2026-07-15T03:50:49.6682453Z,"""C:\Program Files\nodejs\node.exe"" ""D:\typhoon boss radar\node_modules\next\dist\server\lib\start-server.js""",1090674688,1141805056,409,45,,false,2026-07-15T04:41:56.143Z,200,51,"""3cd8f382f30954aad6ea2698700d1dd2691d9fb37ea3a586d1553b75d76d0d1a""",true,304,true,true,1,1126,1125,0,6,12,12,26,,,true,2026-07-15T04:42:36.091Z,304,11,"""793902d5e6ce2db28443b927ac7bac23aa0d27c6""",true,304,true,false,,0,0,0,,,1,0
245,2026-07-15T04:42:45.312Z,2450,806,17352,node,2026-07-15T03:50:49.6682453Z,"""C:\Program Files\nodejs\node.exe"" ""D:\typhoon boss radar\node_modules\next\dist\server\lib\start-server.js""",1090674688,1141805056,409,45,,false,2026-07-15T04:41:56.143Z,200,51,"""3cd8f382f30954aad6ea2698700d1dd2691d9fb37ea3a586d1553b75d76d0d1a""",true,304,true,true,1,1126,1125,0,6,12,12,26,,,true,2026-07-15T04:42:46.107Z,304,10,"""793902d5e6ce2db28443b927ac7bac23aa0d27c6""",true,304,true,false,,0,0,0,,,1,0
246,2026-07-15T04:42:55.312Z,2460,843,17352,node,2026-07-15T03:50:49.6682453Z,"""C:\Program Files\nodejs\node.exe"" ""D:\typhoon boss radar\node_modules\next\dist\server\lib\start-server.js""",1090678784,1141805056,409,45,,false,2026-07-15T04:41:56.143Z,200,51,"""3cd8f382f30954aad6ea2698700d1dd2691d9fb37ea3a586d1553b75d76d0d1a""",true,304,true,true,1,1126,1125,0,6,12,12,26,,,true,2026-07-15T04:42:56.145Z,304,10,"""793902d5e6ce2db28443b927ac7bac23aa0d27c6""",true,304,true,false,,0,0,0,,,1,0
247,2026-07-15T04:43:05.324Z,2470,832,17352,node,2026-07-15T03:50:49.6682453Z,"""C:\Program Files\nodejs\node.exe"" ""D:\typhoon boss radar\node_modules\next\dist\server\lib\start-server.js""",1090678784,1141805056,409,45,,false,2026-07-15T04:41:56.143Z,200,51,"""3cd8f382f30954aad6ea2698700d1dd2691d9fb37ea3a586d1553b75d76d0d1a""",true,304,true,true,1,1126,1125,0,6,12,12,26,,,true,2026-07-15T04:43:06.145Z,304,10,"""793902d5e6ce2db28443b927ac7bac23aa0d27c6""",true,304,true,false,,0,0,0,,,1,0
248,2026-07-15T04:43:15.314Z,2480,781,17352,node,2026-07-15T03:50:49.6682453Z,"""C:\Program Files\nodejs\node.exe"" ""D:\typhoon boss radar\node_modules\next\dist\server\lib\start-server.js""",1090678784,1141805056,409,45,,false,2026-07-15T04:41:56.143Z,200,51,"""3cd8f382f30954aad6ea2698700d1dd2691d9fb37ea3a586d1553b75d76d0d1a""",true,304,true,true,1,1126,1125,0,6,12,12,26,,,true,2026-07-15T04:43:16.084Z,304,10,"""793902d5e6ce2db28443b927ac7bac23aa0d27c6""",true,304,true,false,,0,0,0,,,1,0
249,2026-07-15T04:43:25.311Z,2490,811,17352,node,2026-07-15T03:50:49.6682453Z,"""C:\Program Files\nodejs\node.exe"" ""D:\typhoon boss radar\node_modules\next\dist\server\lib\start-server.js""",1090678784,1141805056,409,45,,false,2026-07-15T04:41:56.143Z,200,51,"""3cd8f382f30954aad6ea2698700d1dd2691d9fb37ea3a586d1553b75d76d0d1a""",true,304,true,true,1,1126,1125,0,6,12,12,26,,,true,2026-07-15T04:43:26.113Z,304,10,"""793902d5e6ce2db28443b927ac7bac23aa0d27c6""",true,304,true,false,,0,0,0,,,1,0
250,2026-07-15T04:43:35.311Z,2500,776,17352,node,2026-07-15T03:50:49.6682453Z,"""C:\Program Files\nodejs\node.exe"" ""D:\typhoon boss radar\node_modules\next\dist\server\lib\start-server.js""",1090678784,1141805056,409,45,,false,2026-07-15T04:41:56.143Z,200,51,"""3cd8f382f30954aad6ea2698700d1dd2691d9fb37ea3a586d1553b75d76d0d1a""",true,304,true,true,1,1126,1125,0,6,12,12,26,,,true,2026-07-15T04:43:36.078Z,304,9,"""793902d5e6ce2db28443b927ac7bac23aa0d27c6""",true,304,true,false,,0,0,0,,,1,0
251,2026-07-15T04:43:45.314Z,2510,781,17352,node,2026-07-15T03:50:49.6682453Z,"""C:\Program Files\nodejs\node.exe"" ""D:\typhoon boss radar\node_modules\next\dist\server\lib\start-server.js""",1090678784,1141805056,409,45,,false,2026-07-15T04:41:56.143Z,200,51,"""3cd8f382f30954aad6ea2698700d1dd2691d9fb37ea3a586d1553b75d76d0d1a""",true,304,true,true,1,1126,1125,0,6,12,12,26,,,true,2026-07-15T04:43:46.085Z,304,10,"""793902d5e6ce2db28443b927ac7bac23aa0d27c6""",true,304,true,false,,0,0,0,,,1,0
252,2026-07-15T04:43:55.318Z,2520,819,17352,node,2026-07-15T03:50:49.6682453Z,"""C:\Program Files\nodejs\node.exe"" ""D:\typhoon boss radar\node_modules\next\dist\server\lib\start-server.js""",1090678784,1141805056,409,45,,false,2026-07-15T04:41:56.143Z,200,51,"""3cd8f382f30954aad6ea2698700d1dd2691d9fb37ea3a586d1553b75d76d0d1a""",true,304,true,true,1,1126,1125,0,6,12,12,26,,,true,2026-07-15T04:43:56.127Z,304,10,"""793902d5e6ce2db28443b927ac7bac23aa0d27c6""",true,304,true,false,,0,0,0,,,1,0
253,2026-07-15T04:44:05.324Z,2530,841,17352,node,2026-07-15T03:50:49.6682453Z,"""C:\Program Files\nodejs\node.exe"" ""D:\typhoon boss radar\node_modules\next\dist\server\lib\start-server.js""",1090744320,1141870592,409,45,,false,2026-07-15T04:41:56.143Z,200,51,"""3cd8f382f30954aad6ea2698700d1dd2691d9fb37ea3a586d1553b75d76d0d1a""",true,304,true,true,1,1126,1125,0,6,12,12,26,,,true,2026-07-15T04:44:06.155Z,304,10,"""793902d5e6ce2db28443b927ac7bac23aa0d27c6""",true,304,true,false,,0,0,0,,,1,0
254,2026-07-15T04:44:15.324Z,2540,805,17352,node,2026-07-15T03:50:49.6682453Z,"""C:\Program Files\nodejs\node.exe"" ""D:\typhoon boss radar\node_modules\next\dist\server\lib\start-server.js""",1090744320,1141870592,409,45,,false,2026-07-15T04:41:56.143Z,200,51,"""3cd8f382f30954aad6ea2698700d1dd2691d9fb37ea3a586d1553b75d76d0d1a""",true,304,true,true,1,1126,1125,0,6,12,12,26,,,true,2026-07-15T04:44:16.119Z,304,10,"""793902d5e6ce2db28443b927ac7bac23aa0d27c6""",true,304,true,false,,0,0,0,,,1,0
255,2026-07-15T04:44:25.320Z,2550,791,17352,node,2026-07-15T03:50:49.6682453Z,"""C:\Program Files\nodejs\node.exe"" ""D:\typhoon boss radar\node_modules\next\dist\server\lib\start-server.js""",1090744320,1141870592,409,45,,false,2026-07-15T04:41:56.143Z,200,51,"""3cd8f382f30954aad6ea2698700d1dd2691d9fb37ea3a586d1553b75d76d0d1a""",true,304,true,true,1,1126,1125,0,6,12,12,26,,,true,2026-07-15T04:44:26.100Z,304,10,"""793902d5e6ce2db28443b927ac7bac23aa0d27c6""",true,304,true,false,,0,0,0,,,1,0
256,2026-07-15T04:44:35.310Z,2560,793,17352,node,2026-07-15T03:50:49.6682453Z,"""C:\Program Files\nodejs\node.exe"" ""D:\typhoon boss radar\node_modules\next\dist\server\lib\start-server.js""",1090752512,1141870592,409,45,,false,2026-07-15T04:41:56.143Z,200,51,"""3cd8f382f30954aad6ea2698700d1dd2691d9fb37ea3a586d1553b75d76d0d1a""",true,304,true,true,1,1126,1125,0,6,12,12,26,,,true,2026-07-15T04:44:36.093Z,304,10,"""793902d5e6ce2db28443b927ac7bac23aa0d27c6""",true,304,true,false,,0,0,0,,,1,0
257,2026-07-15T04:44:45.323Z,2570,759,17352,node,2026-07-15T03:50:49.6682453Z,"""C:\Program Files\nodejs\node.exe"" ""D:\typhoon boss radar\node_modules\next\dist\server\lib\start-server.js""",1090752512,1141870592,409,45,,false,2026-07-15T04:41:56.143Z,200,51,"""3cd8f382f30954aad6ea2698700d1dd2691d9fb37ea3a586d1553b75d76d0d1a""",true,304,true,true,1,1126,1125,0,6,12,12,26,,,true,2026-07-15T04:44:46.072Z,304,10,"""793902d5e6ce2db28443b927ac7bac23aa0d27c6""",true,304,true,false,,0,0,0,,,1,0
258,2026-07-15T04:44:55.318Z,2580,807,17352,node,2026-07-15T03:50:49.6682453Z,"""C:\Program Files\nodejs\node.exe"" ""D:\typhoon boss radar\node_modules\next\dist\server\lib\start-server.js""",1090764800,1141870592,409,45,,false,2026-07-15T04:41:56.143Z,200,51,"""3cd8f382f30954aad6ea2698700d1dd2691d9fb37ea3a586d1553b75d76d0d1a""",true,304,true,true,1,1126,1125,0,6,12,12,26,,,true,2026-07-15T04:44:56.115Z,304,10,"""793902d5e6ce2db28443b927ac7bac23aa0d27c6""",true,304,true,false,,0,0,0,,,1,0
259,2026-07-15T04:45:05.321Z,2590,763,17352,node,2026-07-15T03:50:49.6682453Z,"""C:\Program Files\nodejs\node.exe"" ""D:\typhoon boss radar\node_modules\next\dist\server\lib\start-server.js""",1090850816,1141960704,409,45,,false,2026-07-15T04:41:56.143Z,200,51,"""3cd8f382f30954aad6ea2698700d1dd2691d9fb37ea3a586d1553b75d76d0d1a""",true,304,true,true,1,1126,1125,0,6,12,12,26,,,true,2026-07-15T04:45:06.074Z,304,10,"""793902d5e6ce2db28443b927ac7bac23aa0d27c6""",true,304,true,false,,0,0,0,,,1,0
260,2026-07-15T04:45:15.318Z,2600,749,17352,node,2026-07-15T03:50:49.6682453Z,"""C:\Program Files\nodejs\node.exe"" ""D:\typhoon boss radar\node_modules\next\dist\server\lib\start-server.js""",1090863104,1141960704,409,45,,false,2026-07-15T04:41:56.143Z,200,51,"""3cd8f382f30954aad6ea2698700d1dd2691d9fb37ea3a586d1553b75d76d0d1a""",true,304,true,true,1,1126,1125,0,6,12,12,26,,,true,2026-07-15T04:45:16.056Z,304,11,"""793902d5e6ce2db28443b927ac7bac23aa0d27c6""",true,304,true,false,,0,0,0,,,1,0
261,2026-07-15T04:45:25.319Z,2610,789,17352,node,2026-07-15T03:50:49.6682453Z,"""C:\Program Files\nodejs\node.exe"" ""D:\typhoon boss radar\node_modules\next\dist\server\lib\start-server.js""",1094598656,1145712640,409,45,,false,2026-07-15T04:41:56.143Z,200,51,"""3cd8f382f30954aad6ea2698700d1dd2691d9fb37ea3a586d1553b75d76d0d1a""",true,304,true,true,1,1126,1125,0,6,12,12,26,,,true,2026-07-15T04:45:26.087Z,200,20,"""55aeda1cf6270a881deb7a2cab0f207f12db397f""",true,304,true,true,,0,0,0,,,1,0
262,2026-07-15T04:45:35.317Z,2620,825,17352,node,2026-07-15T03:50:49.6682453Z,"""C:\Program Files\nodejs\node.exe"" ""D:\typhoon boss radar\node_modules\next\dist\server\lib\start-server.js""",1094598656,1145712640,409,45,,false,2026-07-15T04:41:56.143Z,200,51,"""3cd8f382f30954aad6ea2698700d1dd2691d9fb37ea3a586d1553b75d76d0d1a""",true,304,true,true,1,1126,1125,0,6,12,12,26,,,true,2026-07-15T04:45:36.132Z,304,10,"""55aeda1cf6270a881deb7a2cab0f207f12db397f""",true,304,true,false,,0,0,0,,,1,0
263,2026-07-15T04:45:45.323Z,2630,749,17352,node,2026-07-15T03:50:49.6682453Z,"""C:\Program Files\nodejs\node.exe"" ""D:\typhoon boss radar\node_modules\next\dist\server\lib\start-server.js""",1094664192,1145778176,409,45,,false,2026-07-15T04:41:56.143Z,200,51,"""3cd8f382f30954aad6ea2698700d1dd2691d9fb37ea3a586d1553b75d76d0d1a""",true,304,true,true,1,1126,1125,0,6,12,12,26,,,true,2026-07-15T04:45:46.061Z,304,10,"""55aeda1cf6270a881deb7a2cab0f207f12db397f""",true,304,true,false,,0,0,0,,,1,0
264,2026-07-15T04:45:55.311Z,2640,795,17352,node,2026-07-15T03:50:49.6682453Z,"""C:\Program Files\nodejs\node.exe"" ""D:\typhoon boss radar\node_modules\next\dist\server\lib\start-server.js""",1094664192,1145778176,409,45,,false,2026-07-15T04:41:56.143Z,200,51,"""3cd8f382f30954aad6ea2698700d1dd2691d9fb37ea3a586d1553b75d76d0d1a""",true,304,true,true,1,1126,1125,0,6,12,12,26,,,true,2026-07-15T04:45:56.095Z,304,10,"""55aeda1cf6270a881deb7a2cab0f207f12db397f""",true,304,true,false,,0,0,0,,,1,0
265,2026-07-15T04:46:05.324Z,2650,821,17352,node,2026-07-15T03:50:49.6682453Z,"""C:\Program Files\nodejs\node.exe"" ""D:\typhoon boss radar\node_modules\next\dist\server\lib\start-server.js""",1094664192,1145778176,409,45,,false,2026-07-15T04:41:56.143Z,200,51,"""3cd8f382f30954aad6ea2698700d1dd2691d9fb37ea3a586d1553b75d76d0d1a""",true,304,true,true,1,1126,1125,0,6,12,12,26,,,true,2026-07-15T04:46:06.125Z,304,20,"""55aeda1cf6270a881deb7a2cab0f207f12db397f""",true,304,true,false,,0,0,0,,,1,0
266,2026-07-15T04:46:15.310Z,2660,783,17352,node,2026-07-15T03:50:49.6682453Z,"""C:\Program Files\nodejs\node.exe"" ""D:\typhoon boss radar\node_modules\next\dist\server\lib\start-server.js""",1082200064,1133133824,409,45,,false,2026-07-15T04:41:56.143Z,200,51,"""3cd8f382f30954aad6ea2698700d1dd2691d9fb37ea3a586d1553b75d76d0d1a""",true,304,true,true,1,1126,1125,0,6,12,12,26,,,true,2026-07-15T04:46:16.084Z,304,10,"""55aeda1cf6270a881deb7a2cab0f207f12db397f""",true,304,true,false,,0,0,0,,,1,0
267,2026-07-15T04:46:25.316Z,2670,766,17352,node,2026-07-15T03:50:49.6682453Z,"""C:\Program Files\nodejs\node.exe"" ""D:\typhoon boss radar\node_modules\next\dist\server\lib\start-server.js""",1082200064,1133133824,409,45,,false,2026-07-15T04:41:56.143Z,200,51,"""3cd8f382f30954aad6ea2698700d1dd2691d9fb37ea3a586d1553b75d76d0d1a""",true,304,true,true,1,1126,1125,0,6,12,12,26,,,true,2026-07-15T04:46:26.072Z,304,10,"""55aeda1cf6270a881deb7a2cab0f207f12db397f""",true,304,true,false,,0,0,0,,,1,0
268,2026-07-15T04:46:35.320Z,2680,773,17352,node,2026-07-15T03:50:49.6682453Z,"""C:\Program Files\nodejs\node.exe"" ""D:\typhoon boss radar\node_modules\next\dist\server\lib\start-server.js""",1082462208,1133404160,409,45,,false,2026-07-15T04:41:56.143Z,200,51,"""3cd8f382f30954aad6ea2698700d1dd2691d9fb37ea3a586d1553b75d76d0d1a""",true,304,true,true,1,1126,1125,0,6,12,12,26,,,true,2026-07-15T04:46:36.083Z,304,10,"""55aeda1cf6270a881deb7a2cab0f207f12db397f""",true,304,true,false,,0,0,0,,,1,0
269,2026-07-15T04:46:45.316Z,2690,790,17352,node,2026-07-15T03:50:49.6682453Z,"""C:\Program Files\nodejs\node.exe"" ""D:\typhoon boss radar\node_modules\next\dist\server\lib\start-server.js""",1082462208,1133563904,409,45,,false,2026-07-15T04:41:56.143Z,200,51,"""3cd8f382f30954aad6ea2698700d1dd2691d9fb37ea3a586d1553b75d76d0d1a""",true,304,true,true,1,1126,1125,0,6,12,12,26,,,true,2026-07-15T04:46:46.096Z,304,10,"""55aeda1cf6270a881deb7a2cab0f207f12db397f""",true,304,true,false,,0,0,0,,,1,0
270,2026-07-15T04:46:55.319Z,2700,794,17352,node,2026-07-15T03:50:49.6682453Z,"""C:\Program Files\nodejs\node.exe"" ""D:\typhoon boss radar\node_modules\next\dist\server\lib\start-server.js""",1082462208,1133563904,409,45,,true,2026-07-15T04:46:56.049Z,200,51,"""75f6d8fae05eb6741438f60e383c623e92f3e3904ce12fa23c8271a92ca4e8ff""",true,304,true,true,1,1135,1134,0,6,12,12,26,,,true,2026-07-15T04:46:56.105Z,304,8,"""55aeda1cf6270a881deb7a2cab0f207f12db397f""",true,304,true,false,,0,0,0,,,1,0
271,2026-07-15T04:47:05.318Z,2710,800,17352,node,2026-07-15T03:50:49.6682453Z,"""C:\Program Files\nodejs\node.exe"" ""D:\typhoon boss radar\node_modules\next\dist\server\lib\start-server.js""",1090142208,1141350400,409,45,,false,2026-07-15T04:46:56.049Z,200,51,"""75f6d8fae05eb6741438f60e383c623e92f3e3904ce12fa23c8271a92ca4e8ff""",true,304,true,true,1,1135,1134,0,6,12,12,26,,,true,2026-07-15T04:47:06.109Z,304,9,"""55aeda1cf6270a881deb7a2cab0f207f12db397f""",true,304,true,false,,0,0,0,,,1,0
272,2026-07-15T04:47:15.322Z,2720,753,17352,node,2026-07-15T03:50:49.6682453Z,"""C:\Program Files\nodejs\node.exe"" ""D:\typhoon boss radar\node_modules\next\dist\server\lib\start-server.js""",1090142208,1141350400,409,45,,false,2026-07-15T04:46:56.049Z,200,51,"""75f6d8fae05eb6741438f60e383c623e92f3e3904ce12fa23c8271a92ca4e8ff""",true,304,true,true,1,1135,1134,0,6,12,12,26,,,true,2026-07-15T04:47:16.066Z,304,9,"""55aeda1cf6270a881deb7a2cab0f207f12db397f""",true,304,true,false,,0,0,0,,,1,0
273,2026-07-15T04:47:25.311Z,2730,747,17352,node,2026-07-15T03:50:49.6682453Z,"""C:\Program Files\nodejs\node.exe"" ""D:\typhoon boss radar\node_modules\next\dist\server\lib\start-server.js""",1088577536,1139773440,409,45,,false,2026-07-15T04:46:56.049Z,200,51,"""75f6d8fae05eb6741438f60e383c623e92f3e3904ce12fa23c8271a92ca4e8ff""",true,304,true,true,1,1135,1134,0,6,12,12,26,,,true,2026-07-15T04:47:26.048Z,304,10,"""55aeda1cf6270a881deb7a2cab0f207f12db397f""",true,304,true,false,,0,0,0,,,1,0
274,2026-07-15T04:47:35.314Z,2740,768,17352,node,2026-07-15T03:50:49.6682453Z,"""C:\Program Files\nodejs\node.exe"" ""D:\typhoon boss radar\node_modules\next\dist\server\lib\start-server.js""",1089560576,1140764672,409,45,,false,2026-07-15T04:46:56.049Z,200,51,"""75f6d8fae05eb6741438f60e383c623e92f3e3904ce12fa23c8271a92ca4e8ff""",true,304,true,true,1,1135,1134,0,6,12,12,26,,,true,2026-07-15T04:47:36.072Z,304,9,"""55aeda1cf6270a881deb7a2cab0f207f12db397f""",true,304,true,false,,0,0,0,,,1,0
275,2026-07-15T04:47:45.312Z,2750,778,17352,node,2026-07-15T03:50:49.6682453Z,"""C:\Program Files\nodejs\node.exe"" ""D:\typhoon boss radar\node_modules\next\dist\server\lib\start-server.js""",1089560576,1140764672,409,45,,false,2026-07-15T04:46:56.049Z,200,51,"""75f6d8fae05eb6741438f60e383c623e92f3e3904ce12fa23c8271a92ca4e8ff""",true,304,true,true,1,1135,1134,0,6,12,12,26,,,true,2026-07-15T04:47:46.081Z,304,9,"""55aeda1cf6270a881deb7a2cab0f207f12db397f""",true,304,true,false,,0,0,0,,,1,0
276,2026-07-15T04:47:55.316Z,2760,805,17352,node,2026-07-15T03:50:49.6682453Z,"""C:\Program Files\nodejs\node.exe"" ""D:\typhoon boss radar\node_modules\next\dist\server\lib\start-server.js""",1089560576,1140764672,409,45,,false,2026-07-15T04:46:56.049Z,200,51,"""75f6d8fae05eb6741438f60e383c623e92f3e3904ce12fa23c8271a92ca4e8ff""",true,304,true,true,1,1135,1134,0,6,12,12,26,,,true,2026-07-15T04:47:56.110Z,304,10,"""55aeda1cf6270a881deb7a2cab0f207f12db397f""",true,304,true,false,,0,0,0,,,1,0
277,2026-07-15T04:48:05.323Z,2770,854,17352,node,2026-07-15T03:50:49.6682453Z,"""C:\Program Files\nodejs\node.exe"" ""D:\typhoon boss radar\node_modules\next\dist\server\lib\start-server.js""",1089560576,1140764672,409,45,,false,2026-07-15T04:46:56.049Z,200,51,"""75f6d8fae05eb6741438f60e383c623e92f3e3904ce12fa23c8271a92ca4e8ff""",true,304,true,true,1,1135,1134,0,6,12,12,26,,,true,2026-07-15T04:48:06.167Z,304,10,"""55aeda1cf6270a881deb7a2cab0f207f12db397f""",true,304,true,false,,0,0,0,,,1,0
278,2026-07-15T04:48:15.317Z,2780,773,17352,node,2026-07-15T03:50:49.6682453Z,"""C:\Program Files\nodejs\node.exe"" ""D:\typhoon boss radar\node_modules\next\dist\server\lib\start-server.js""",1089560576,1140764672,409,45,,false,2026-07-15T04:46:56.049Z,200,51,"""75f6d8fae05eb6741438f60e383c623e92f3e3904ce12fa23c8271a92ca4e8ff""",true,304,true,true,1,1135,1134,0,6,12,12,26,,,true,2026-07-15T04:48:16.080Z,304,10,"""55aeda1cf6270a881deb7a2cab0f207f12db397f""",true,304,true,false,,0,0,0,,,1,0
279,2026-07-15T04:48:25.323Z,2790,757,17352,node,2026-07-15T03:50:49.6682453Z,"""C:\Program Files\nodejs\node.exe"" ""D:\typhoon boss radar\node_modules\next\dist\server\lib\start-server.js""",1089601536,1140764672,409,45,,false,2026-07-15T04:46:56.049Z,200,51,"""75f6d8fae05eb6741438f60e383c623e92f3e3904ce12fa23c8271a92ca4e8ff""",true,304,true,true,1,1135,1134,0,6,12,12,26,,,true,2026-07-15T04:48:26.071Z,304,9,"""55aeda1cf6270a881deb7a2cab0f207f12db397f""",true,304,true,false,,0,0,0,,,1,0
280,2026-07-15T04:48:35.319Z,2800,812,17352,node,2026-07-15T03:50:49.6682453Z,"""C:\Program Files\nodejs\node.exe"" ""D:\typhoon boss radar\node_modules\next\dist\server\lib\start-server.js""",1089601536,1140764672,409,45,,false,2026-07-15T04:46:56.049Z,200,51,"""75f6d8fae05eb6741438f60e383c623e92f3e3904ce12fa23c8271a92ca4e8ff""",true,304,true,true,1,1135,1134,0,6,12,12,26,,,true,2026-07-15T04:48:36.121Z,304,10,"""55aeda1cf6270a881deb7a2cab0f207f12db397f""",true,304,true,false,,0,0,0,,,1,0
281,2026-07-15T04:48:45.316Z,2810,774,17352,node,2026-07-15T03:50:49.6682453Z,"""C:\Program Files\nodejs\node.exe"" ""D:\typhoon boss radar\node_modules\next\dist\server\lib\start-server.js""",1089609728,1140764672,409,45,,false,2026-07-15T04:46:56.049Z,200,51,"""75f6d8fae05eb6741438f60e383c623e92f3e3904ce12fa23c8271a92ca4e8ff""",true,304,true,true,1,1135,1134,0,6,12,12,26,,,true,2026-07-15T04:48:46.080Z,304,10,"""55aeda1cf6270a881deb7a2cab0f207f12db397f""",true,304,true,false,,0,0,0,,,1,0
282,2026-07-15T04:48:55.311Z,2820,840,17352,node,2026-07-15T03:50:49.6682453Z,"""C:\Program Files\nodejs\node.exe"" ""D:\typhoon boss radar\node_modules\next\dist\server\lib\start-server.js""",1089609728,1140764672,409,45,,false,2026-07-15T04:46:56.049Z,200,51,"""75f6d8fae05eb6741438f60e383c623e92f3e3904ce12fa23c8271a92ca4e8ff""",true,304,true,true,1,1135,1134,0,6,12,12,26,,,true,2026-07-15T04:48:56.141Z,304,10,"""55aeda1cf6270a881deb7a2cab0f207f12db397f""",true,304,true,false,,0,0,0,,,1,0
283,2026-07-15T04:49:05.318Z,2830,846,17352,node,2026-07-15T03:50:49.6682453Z,"""C:\Program Files\nodejs\node.exe"" ""D:\typhoon boss radar\node_modules\next\dist\server\lib\start-server.js""",1091510272,1142677504,409,45,,false,2026-07-15T04:46:56.049Z,200,51,"""75f6d8fae05eb6741438f60e383c623e92f3e3904ce12fa23c8271a92ca4e8ff""",true,304,true,true,1,1135,1134,0,6,12,12,26,,,true,2026-07-15T04:49:06.154Z,304,10,"""55aeda1cf6270a881deb7a2cab0f207f12db397f""",true,304,true,false,,0,0,0,,,1,0
284,2026-07-15T04:49:15.316Z,2840,788,17352,node,2026-07-15T03:50:49.6682453Z,"""C:\Program Files\nodejs\node.exe"" ""D:\typhoon boss radar\node_modules\next\dist\server\lib\start-server.js""",1091510272,1142677504,409,45,,false,2026-07-15T04:46:56.049Z,200,51,"""75f6d8fae05eb6741438f60e383c623e92f3e3904ce12fa23c8271a92ca4e8ff""",true,304,true,true,1,1135,1134,0,6,12,12,26,,,true,2026-07-15T04:49:16.093Z,304,11,"""55aeda1cf6270a881deb7a2cab0f207f12db397f""",true,304,true,false,,0,0,0,,,1,0
285,2026-07-15T04:49:25.325Z,2850,814,17352,node,2026-07-15T03:50:49.6682453Z,"""C:\Program Files\nodejs\node.exe"" ""D:\typhoon boss radar\node_modules\next\dist\server\lib\start-server.js""",1091510272,1142677504,409,45,,false,2026-07-15T04:46:56.049Z,200,51,"""75f6d8fae05eb6741438f60e383c623e92f3e3904ce12fa23c8271a92ca4e8ff""",true,304,true,true,1,1135,1134,0,6,12,12,26,,,true,2026-07-15T04:49:26.111Z,200,28,"""a9c7c878181f1dc3fb2d44706b9c7161fdc1c385""",true,304,true,true,,0,0,0,,,1,0
286,2026-07-15T04:49:35.319Z,2860,889,17352,node,2026-07-15T03:50:49.6682453Z,"""C:\Program Files\nodejs\node.exe"" ""D:\typhoon boss radar\node_modules\next\dist\server\lib\start-server.js""",1091514368,1142677504,409,45,,false,2026-07-15T04:46:56.049Z,200,51,"""75f6d8fae05eb6741438f60e383c623e92f3e3904ce12fa23c8271a92ca4e8ff""",true,304,true,true,1,1135,1134,0,6,12,12,26,,,true,2026-07-15T04:49:36.198Z,304,11,"""a9c7c878181f1dc3fb2d44706b9c7161fdc1c385""",true,304,true,false,,0,0,0,,,1,0
287,2026-07-15T04:49:45.321Z,2870,775,17352,node,2026-07-15T03:50:49.6682453Z,"""C:\Program Files\nodejs\node.exe"" ""D:\typhoon boss radar\node_modules\next\dist\server\lib\start-server.js""",1091514368,1142677504,409,45,,false,2026-07-15T04:46:56.049Z,200,51,"""75f6d8fae05eb6741438f60e383c623e92f3e3904ce12fa23c8271a92ca4e8ff""",true,304,true,true,1,1135,1134,0,6,12,12,26,,,true,2026-07-15T04:49:46.086Z,304,10,"""a9c7c878181f1dc3fb2d44706b9c7161fdc1c385""",true,304,true,false,,0,0,0,,,1,0
288,2026-07-15T04:49:55.310Z,2880,790,17352,node,2026-07-15T03:50:49.6682453Z,"""C:\Program Files\nodejs\node.exe"" ""D:\typhoon boss radar\node_modules\next\dist\server\lib\start-server.js""",1091579904,1142743040,409,45,,false,2026-07-15T04:46:56.049Z,200,51,"""75f6d8fae05eb6741438f60e383c623e92f3e3904ce12fa23c8271a92ca4e8ff""",true,304,true,true,1,1135,1134,0,6,12,12,26,,,true,2026-07-15T04:49:56.091Z,304,9,"""a9c7c878181f1dc3fb2d44706b9c7161fdc1c385""",true,304,true,false,,0,0,0,,,1,0
289,2026-07-15T04:50:05.312Z,2890,749,17352,node,2026-07-15T03:50:49.6682453Z,"""C:\Program Files\nodejs\node.exe"" ""D:\typhoon boss radar\node_modules\next\dist\server\lib\start-server.js""",1091584000,1142743040,409,45,,false,2026-07-15T04:46:56.049Z,200,51,"""75f6d8fae05eb6741438f60e383c623e92f3e3904ce12fa23c8271a92ca4e8ff""",true,304,true,true,1,1135,1134,0,6,12,12,26,,,true,2026-07-15T04:50:06.051Z,304,10,"""a9c7c878181f1dc3fb2d44706b9c7161fdc1c385""",true,304,true,false,,0,0,0,,,1,0
290,2026-07-15T04:50:15.314Z,2900,766,17352,node,2026-07-15T03:50:49.6682453Z,"""C:\Program Files\nodejs\node.exe"" ""D:\typhoon boss radar\node_modules\next\dist\server\lib\start-server.js""",1091584000,1142743040,409,45,,false,2026-07-15T04:46:56.049Z,200,51,"""75f6d8fae05eb6741438f60e383c623e92f3e3904ce12fa23c8271a92ca4e8ff""",true,304,true,true,1,1135,1134,0,6,12,12,26,,,true,2026-07-15T04:50:16.069Z,304,10,"""a9c7c878181f1dc3fb2d44706b9c7161fdc1c385""",true,304,true,false,,0,0,0,,,1,0
291,2026-07-15T04:50:25.315Z,2910,805,17352,node,2026-07-15T03:50:49.6682453Z,"""C:\Program Files\nodejs\node.exe"" ""D:\typhoon boss radar\node_modules\next\dist\server\lib\start-server.js""",1091584000,1142743040,409,45,,false,2026-07-15T04:46:56.049Z,200,51,"""75f6d8fae05eb6741438f60e383c623e92f3e3904ce12fa23c8271a92ca4e8ff""",true,304,true,true,1,1135,1134,0,6,12,12,26,,,true,2026-07-15T04:50:26.110Z,304,10,"""a9c7c878181f1dc3fb2d44706b9c7161fdc1c385""",true,304,true,false,,0,0,0,,,1,0
292,2026-07-15T04:50:35.314Z,2920,746,17352,node,2026-07-15T03:50:49.6682453Z,"""C:\Program Files\nodejs\node.exe"" ""D:\typhoon boss radar\node_modules\next\dist\server\lib\start-server.js""",1091588096,1142743040,409,45,,false,2026-07-15T04:46:56.049Z,200,51,"""75f6d8fae05eb6741438f60e383c623e92f3e3904ce12fa23c8271a92ca4e8ff""",true,304,true,true,1,1135,1134,0,6,12,12,26,,,true,2026-07-15T04:50:36.050Z,304,10,"""a9c7c878181f1dc3fb2d44706b9c7161fdc1c385""",true,304,true,false,,0,0,0,,,1,0
293,2026-07-15T04:50:45.319Z,2930,745,17352,node,2026-07-15T03:50:49.6682453Z,"""C:\Program Files\nodejs\node.exe"" ""D:\typhoon boss radar\node_modules\next\dist\server\lib\start-server.js""",1091653632,1142808576,409,45,,false,2026-07-15T04:46:56.049Z,200,51,"""75f6d8fae05eb6741438f60e383c623e92f3e3904ce12fa23c8271a92ca4e8ff""",true,304,true,true,1,1135,1134,0,6,12,12,26,,,true,2026-07-15T04:50:46.054Z,304,10,"""a9c7c878181f1dc3fb2d44706b9c7161fdc1c385""",true,304,true,false,,0,0,0,,,1,0
294,2026-07-15T04:50:55.321Z,2940,754,17352,node,2026-07-15T03:50:49.6682453Z,"""C:\Program Files\nodejs\node.exe"" ""D:\typhoon boss radar\node_modules\next\dist\server\lib\start-server.js""",1091653632,1142808576,409,45,,false,2026-07-15T04:46:56.049Z,200,51,"""75f6d8fae05eb6741438f60e383c623e92f3e3904ce12fa23c8271a92ca4e8ff""",true,304,true,true,1,1135,1134,0,6,12,12,26,,,true,2026-07-15T04:50:56.065Z,304,10,"""a9c7c878181f1dc3fb2d44706b9c7161fdc1c385""",true,304,true,false,,0,0,0,,,1,0
295,2026-07-15T04:51:05.325Z,2950,809,17352,node,2026-07-15T03:50:49.6682453Z,"""C:\Program Files\nodejs\node.exe"" ""D:\typhoon boss radar\node_modules\next\dist\server\lib\start-server.js""",1091653632,1142808576,409,45,,false,2026-07-15T04:46:56.049Z,200,51,"""75f6d8fae05eb6741438f60e383c623e92f3e3904ce12fa23c8271a92ca4e8ff""",true,304,true,true,1,1135,1134,0,6,12,12,26,,,true,2026-07-15T04:51:06.124Z,304,10,"""a9c7c878181f1dc3fb2d44706b9c7161fdc1c385""",true,304,true,false,,0,0,0,,,1,0
296,2026-07-15T04:51:15.315Z,2960,741,17352,node,2026-07-15T03:50:49.6682453Z,"""C:\Program Files\nodejs\node.exe"" ""D:\typhoon boss radar\node_modules\next\dist\server\lib\start-server.js""",1091653632,1142808576,409,45,,false,2026-07-15T04:46:56.049Z,200,51,"""75f6d8fae05eb6741438f60e383c623e92f3e3904ce12fa23c8271a92ca4e8ff""",true,304,true,true,1,1135,1134,0,6,12,12,26,,,true,2026-07-15T04:51:16.046Z,304,10,"""a9c7c878181f1dc3fb2d44706b9c7161fdc1c385""",true,304,true,false,,0,0,0,,,1,0
297,2026-07-15T04:51:25.323Z,2970,765,17352,node,2026-07-15T03:50:49.6682453Z,"""C:\Program Files\nodejs\node.exe"" ""D:\typhoon boss radar\node_modules\next\dist\server\lib\start-server.js""",1091657728,1142808576,409,45,,false,2026-07-15T04:46:56.049Z,200,51,"""75f6d8fae05eb6741438f60e383c623e92f3e3904ce12fa23c8271a92ca4e8ff""",true,304,true,true,1,1135,1134,0,6,12,12,26,,,true,2026-07-15T04:51:26.077Z,304,11,"""a9c7c878181f1dc3fb2d44706b9c7161fdc1c385""",true,304,true,false,,0,0,0,,,1,0
298,2026-07-15T04:51:35.313Z,2980,738,17352,node,2026-07-15T03:50:49.6682453Z,"""C:\Program Files\nodejs\node.exe"" ""D:\typhoon boss radar\node_modules\next\dist\server\lib\start-server.js""",1091674112,1142808576,409,45,,false,2026-07-15T04:46:56.049Z,200,51,"""75f6d8fae05eb6741438f60e383c623e92f3e3904ce12fa23c8271a92ca4e8ff""",true,304,true,true,1,1135,1134,0,6,12,12,26,,,true,2026-07-15T04:51:36.039Z,304,11,"""a9c7c878181f1dc3fb2d44706b9c7161fdc1c385""",true,304,true,false,,0,0,0,,,1,0
299,2026-07-15T04:51:45.321Z,2990,797,17352,node,2026-07-15T03:50:49.6682453Z,"""C:\Program Files\nodejs\node.exe"" ""D:\typhoon boss radar\node_modules\next\dist\server\lib\start-server.js""",1091751936,1142874112,409,45,,false,2026-07-15T04:46:56.049Z,200,51,"""75f6d8fae05eb6741438f60e383c623e92f3e3904ce12fa23c8271a92ca4e8ff""",true,304,true,true,1,1135,1134,0,6,12,12,26,,,true,2026-07-15T04:51:46.108Z,304,10,"""a9c7c878181f1dc3fb2d44706b9c7161fdc1c385""",true,304,true,false,,0,0,0,,,1,0
300,2026-07-15T04:51:55.314Z,3000,845,17352,node,2026-07-15T03:50:49.6682453Z,"""C:\Program Files\nodejs\node.exe"" ""D:\typhoon boss radar\node_modules\next\dist\server\lib\start-server.js""",1091756032,1142874112,409,45,,true,2026-07-15T04:51:56.089Z,200,54,"""ce73883c676bd454783741372d1b4711286cc8248d23ec4c5953e64301d26451""",true,304,true,true,1,1139,1138,0,6,12,12,26,,,true,2026-07-15T04:51:56.148Z,304,10,"""a9c7c878181f1dc3fb2d44706b9c7161fdc1c385""",true,304,true,false,,0,0,0,,,1,0
301,2026-07-15T04:52:05.315Z,3010,777,17352,node,2026-07-15T03:50:49.6682453Z,"""C:\Program Files\nodejs\node.exe"" ""D:\typhoon boss radar\node_modules\next\dist\server\lib\start-server.js""",1087664128,1138593792,409,45,,false,2026-07-15T04:51:56.089Z,200,54,"""ce73883c676bd454783741372d1b4711286cc8248d23ec4c5953e64301d26451""",true,304,true,true,1,1139,1138,0,6,12,12,26,,,true,2026-07-15T04:52:06.082Z,304,10,"""a9c7c878181f1dc3fb2d44706b9c7161fdc1c385""",true,304,true,false,,0,0,0,,,1,0
302,2026-07-15T04:52:15.315Z,3020,733,17352,node,2026-07-15T03:50:49.6682453Z,"""C:\Program Files\nodejs\node.exe"" ""D:\typhoon boss radar\node_modules\next\dist\server\lib\start-server.js""",1087729664,1138659328,409,45,,false,2026-07-15T04:51:56.089Z,200,54,"""ce73883c676bd454783741372d1b4711286cc8248d23ec4c5953e64301d26451""",true,304,true,true,1,1139,1138,0,6,12,12,26,,,true,2026-07-15T04:52:16.039Z,304,9,"""a9c7c878181f1dc3fb2d44706b9c7161fdc1c385""",true,304,true,false,,0,0,0,,,1,0
303,2026-07-15T04:52:25.311Z,3030,810,17352,node,2026-07-15T03:50:49.6682453Z,"""C:\Program Files\nodejs\node.exe"" ""D:\typhoon boss radar\node_modules\next\dist\server\lib\start-server.js""",1087729664,1138659328,409,45,,false,2026-07-15T04:51:56.089Z,200,54,"""ce73883c676bd454783741372d1b4711286cc8248d23ec4c5953e64301d26451""",true,304,true,true,1,1139,1138,0,6,12,12,26,,,true,2026-07-15T04:52:26.112Z,304,9,"""a9c7c878181f1dc3fb2d44706b9c7161fdc1c385""",true,304,true,false,,0,0,0,,,1,0
304,2026-07-15T04:52:35.314Z,3040,820,17352,node,2026-07-15T03:50:49.6682453Z,"""C:\Program Files\nodejs\node.exe"" ""D:\typhoon boss radar\node_modules\next\dist\server\lib\start-server.js""",1088253952,1139187712,409,45,,false,2026-07-15T04:51:56.089Z,200,54,"""ce73883c676bd454783741372d1b4711286cc8248d23ec4c5953e64301d26451""",true,304,true,true,1,1139,1138,0,6,12,12,26,,,true,2026-07-15T04:52:36.125Z,304,10,"""a9c7c878181f1dc3fb2d44706b9c7161fdc1c385""",true,304,true,false,,0,0,0,,,1,0
305,2026-07-15T04:52:45.317Z,3050,778,17352,node,2026-07-15T03:50:49.6682453Z,"""C:\Program Files\nodejs\node.exe"" ""D:\typhoon boss radar\node_modules\next\dist\server\lib\start-server.js""",1088253952,1139187712,409,45,,false,2026-07-15T04:51:56.089Z,200,54,"""ce73883c676bd454783741372d1b4711286cc8248d23ec4c5953e64301d26451""",true,304,true,true,1,1139,1138,0,6,12,12,26,,,true,2026-07-15T04:52:46.085Z,304,10,"""a9c7c878181f1dc3fb2d44706b9c7161fdc1c385""",true,304,true,false,,0,0,0,,,1,0
306,2026-07-15T04:52:55.311Z,3060,795,17352,node,2026-07-15T03:50:49.6682453Z,"""C:\Program Files\nodejs\node.exe"" ""D:\typhoon boss radar\node_modules\next\dist\server\lib\start-server.js""",1088323584,1139453952,409,45,,false,2026-07-15T04:51:56.089Z,200,54,"""ce73883c676bd454783741372d1b4711286cc8248d23ec4c5953e64301d26451""",true,304,true,true,1,1139,1138,0,6,12,12,26,,,true,2026-07-15T04:52:56.096Z,304,10,"""a9c7c878181f1dc3fb2d44706b9c7161fdc1c385""",true,304,true,false,,0,0,0,,,1,0
307,2026-07-15T04:53:05.321Z,3070,794,17352,node,2026-07-15T03:50:49.6682453Z,"""C:\Program Files\nodejs\node.exe"" ""D:\typhoon boss radar\node_modules\next\dist\server\lib\start-server.js""",1088335872,1139453952,409,45,,false,2026-07-15T04:51:56.089Z,200,54,"""ce73883c676bd454783741372d1b4711286cc8248d23ec4c5953e64301d26451""",true,304,true,true,1,1139,1138,0,6,12,12,26,,,true,2026-07-15T04:53:06.105Z,304,11,"""a9c7c878181f1dc3fb2d44706b9c7161fdc1c385""",true,304,true,false,,0,0,0,,,1,0
308,2026-07-15T04:53:15.322Z,3080,754,17352,node,2026-07-15T03:50:49.6682453Z,"""C:\Program Files\nodejs\node.exe"" ""D:\typhoon boss radar\node_modules\next\dist\server\lib\start-server.js""",1088401408,1139519488,409,45,,false,2026-07-15T04:51:56.089Z,200,54,"""ce73883c676bd454783741372d1b4711286cc8248d23ec4c5953e64301d26451""",true,304,true,true,1,1139,1138,0,6,12,12,26,,,true,2026-07-15T04:53:16.065Z,304,10,"""a9c7c878181f1dc3fb2d44706b9c7161fdc1c385""",true,304,true,false,,0,0,0,,,1,0
309,2026-07-15T04:53:25.322Z,3090,763,17352,node,2026-07-15T03:50:49.6682453Z,"""C:\Program Files\nodejs\node.exe"" ""D:\typhoon boss radar\node_modules\next\dist\server\lib\start-server.js""",1089396736,1140506624,409,45,,false,2026-07-15T04:51:56.089Z,200,54,"""ce73883c676bd454783741372d1b4711286cc8248d23ec4c5953e64301d26451""",true,304,true,true,1,1139,1138,0,6,12,12,26,,,true,2026-07-15T04:53:26.074Z,304,11,"""a9c7c878181f1dc3fb2d44706b9c7161fdc1c385""",true,304,true,false,,0,0,0,,,1,0
310,2026-07-15T04:53:35.319Z,3100,802,17352,node,2026-07-15T03:50:49.6682453Z,"""C:\Program Files\nodejs\node.exe"" ""D:\typhoon boss radar\node_modules\next\dist\server\lib\start-server.js""",1089396736,1140506624,409,45,,false,2026-07-15T04:51:56.089Z,200,54,"""ce73883c676bd454783741372d1b4711286cc8248d23ec4c5953e64301d26451""",true,304,true,true,1,1139,1138,0,6,12,12,26,,,true,2026-07-15T04:53:36.092Z,200,29,"""9d582a3c53e2f985bf930271becc1d9613f5a6fb""",true,304,true,true,,0,0,0,,,1,0
311,2026-07-15T04:53:45.311Z,3110,791,17352,node,2026-07-15T03:50:49.6682453Z,"""C:\Program Files\nodejs\node.exe"" ""D:\typhoon boss radar\node_modules\next\dist\server\lib\start-server.js""",1089433600,1140506624,409,45,,false,2026-07-15T04:51:56.089Z,200,54,"""ce73883c676bd454783741372d1b4711286cc8248d23ec4c5953e64301d26451""",true,304,true,true,1,1139,1138,0,6,12,12,26,,,true,2026-07-15T04:53:46.092Z,304,10,"""9d582a3c53e2f985bf930271becc1d9613f5a6fb""",true,304,true,false,,0,0,0,,,1,0
312,2026-07-15T04:53:55.322Z,3120,789,17352,node,2026-07-15T03:50:49.6682453Z,"""C:\Program Files\nodejs\node.exe"" ""D:\typhoon boss radar\node_modules\next\dist\server\lib\start-server.js""",1089499136,1140572160,409,45,,false,2026-07-15T04:51:56.089Z,200,54,"""ce73883c676bd454783741372d1b4711286cc8248d23ec4c5953e64301d26451""",true,304,true,true,1,1139,1138,0,6,12,12,26,,,true,2026-07-15T04:53:56.101Z,304,10,"""9d582a3c53e2f985bf930271becc1d9613f5a6fb""",true,304,true,false,,0,0,0,,,1,0
313,2026-07-15T04:54:05.313Z,3130,784,17352,node,2026-07-15T03:50:49.6682453Z,"""C:\Program Files\nodejs\node.exe"" ""D:\typhoon boss radar\node_modules\next\dist\server\lib\start-server.js""",1089523712,1140572160,409,45,,false,2026-07-15T04:51:56.089Z,200,54,"""ce73883c676bd454783741372d1b4711286cc8248d23ec4c5953e64301d26451""",true,304,true,true,1,1139,1138,0,6,12,12,26,,,true,2026-07-15T04:54:06.087Z,304,10,"""9d582a3c53e2f985bf930271becc1d9613f5a6fb""",true,304,true,false,,0,0,0,,,1,0
314,2026-07-15T04:54:15.311Z,3140,790,17352,node,2026-07-15T03:50:49.6682453Z,"""C:\Program Files\nodejs\node.exe"" ""D:\typhoon boss radar\node_modules\next\dist\server\lib\start-server.js""",1089531904,1140572160,409,45,,false,2026-07-15T04:51:56.089Z,200,54,"""ce73883c676bd454783741372d1b4711286cc8248d23ec4c5953e64301d26451""",true,304,true,true,1,1139,1138,0,6,12,12,26,,,true,2026-07-15T04:54:16.091Z,304,10,"""9d582a3c53e2f985bf930271becc1d9613f5a6fb""",true,304,true,false,,0,0,0,,,1,0
315,2026-07-15T04:54:25.316Z,3150,785,17352,node,2026-07-15T03:50:49.6682453Z,"""C:\Program Files\nodejs\node.exe"" ""D:\typhoon boss radar\node_modules\next\dist\server\lib\start-server.js""",1089560576,1140572160,409,45,,false,2026-07-15T04:51:56.089Z,200,54,"""ce73883c676bd454783741372d1b4711286cc8248d23ec4c5953e64301d26451""",true,304,true,true,1,1139,1138,0,6,12,12,26,,,true,2026-07-15T04:54:26.091Z,304,10,"""9d582a3c53e2f985bf930271becc1d9613f5a6fb""",true,304,true,false,,0,0,0,,,1,0
316,2026-07-15T04:54:35.319Z,3160,801,17352,node,2026-07-15T03:50:49.6682453Z,"""C:\Program Files\nodejs\node.exe"" ""D:\typhoon boss radar\node_modules\next\dist\server\lib\start-server.js""",1089560576,1140572160,409,45,,false,2026-07-15T04:51:56.089Z,200,54,"""ce73883c676bd454783741372d1b4711286cc8248d23ec4c5953e64301d26451""",true,304,true,true,1,1139,1138,0,6,12,12,26,,,true,2026-07-15T04:54:36.109Z,304,10,"""9d582a3c53e2f985bf930271becc1d9613f5a6fb""",true,304,true,false,,0,0,0,,,1,0
317,2026-07-15T04:54:45.311Z,3170,761,17352,node,2026-07-15T03:50:49.6682453Z,"""C:\Program Files\nodejs\node.exe"" ""D:\typhoon boss radar\node_modules\next\dist\server\lib\start-server.js""",1089630208,1140641792,409,45,,false,2026-07-15T04:51:56.089Z,200,54,"""ce73883c676bd454783741372d1b4711286cc8248d23ec4c5953e64301d26451""",true,304,true,true,1,1139,1138,0,6,12,12,26,,,true,2026-07-15T04:54:46.060Z,304,11,"""9d582a3c53e2f985bf930271becc1d9613f5a6fb""",true,304,true,false,,0,0,0,,,1,0
318,2026-07-15T04:54:55.324Z,3180,800,17352,node,2026-07-15T03:50:49.6682453Z,"""C:\Program Files\nodejs\node.exe"" ""D:\typhoon boss radar\node_modules\next\dist\server\lib\start-server.js""",1091604480,1142550528,409,45,,false,2026-07-15T04:51:56.089Z,200,54,"""ce73883c676bd454783741372d1b4711286cc8248d23ec4c5953e64301d26451""",true,304,true,true,1,1139,1138,0,6,12,12,26,,,true,2026-07-15T04:54:56.114Z,304,10,"""9d582a3c53e2f985bf930271becc1d9613f5a6fb""",true,304,true,false,,0,0,0,,,1,0
319,2026-07-15T04:55:05.318Z,3190,789,17352,node,2026-07-15T03:50:49.6682453Z,"""C:\Program Files\nodejs\node.exe"" ""D:\typhoon boss radar\node_modules\next\dist\server\lib\start-server.js""",1091604480,1142550528,409,45,,false,2026-07-15T04:51:56.089Z,200,54,"""ce73883c676bd454783741372d1b4711286cc8248d23ec4c5953e64301d26451""",true,304,true,true,1,1139,1138,0,6,12,12,26,,,true,2026-07-15T04:55:06.096Z,304,11,"""9d582a3c53e2f985bf930271becc1d9613f5a6fb""",true,304,true,false,,0,0,0,,,1,0
320,2026-07-15T04:55:15.316Z,3200,779,17352,node,2026-07-15T03:50:49.6682453Z,"""C:\Program Files\nodejs\node.exe"" ""D:\typhoon boss radar\node_modules\next\dist\server\lib\start-server.js""",1091637248,1142579200,409,45,,false,2026-07-15T04:51:56.089Z,200,54,"""ce73883c676bd454783741372d1b4711286cc8248d23ec4c5953e64301d26451""",true,304,true,true,1,1139,1138,0,6,12,12,26,,,true,2026-07-15T04:55:16.085Z,304,10,"""9d582a3c53e2f985bf930271becc1d9613f5a6fb""",true,304,true,false,,0,0,0,,,1,0
321,2026-07-15T04:55:25.313Z,3210,825,17352,node,2026-07-15T03:50:49.6682453Z,"""C:\Program Files\nodejs\node.exe"" ""D:\typhoon boss radar\node_modules\next\dist\server\lib\start-server.js""",1091637248,1142579200,409,45,,false,2026-07-15T04:51:56.089Z,200,54,"""ce73883c676bd454783741372d1b4711286cc8248d23ec4c5953e64301d26451""",true,304,true,true,1,1139,1138,0,6,12,12,26,,,true,2026-07-15T04:55:26.129Z,304,10,"""9d582a3c53e2f985bf930271becc1d9613f5a6fb""",true,304,true,false,,0,0,0,,,1,0
322,2026-07-15T04:55:35.322Z,3220,761,17352,node,2026-07-15T03:50:49.6682453Z,"""C:\Program Files\nodejs\node.exe"" ""D:\typhoon boss radar\node_modules\next\dist\server\lib\start-server.js""",1091637248,1142579200,409,45,,false,2026-07-15T04:51:56.089Z,200,54,"""ce73883c676bd454783741372d1b4711286cc8248d23ec4c5953e64301d26451""",true,304,true,true,1,1139,1138,0,6,12,12,26,,,true,2026-07-15T04:55:36.073Z,304,10,"""9d582a3c53e2f985bf930271becc1d9613f5a6fb""",true,304,true,false,,0,0,0,,,1,0
323,2026-07-15T04:55:45.316Z,3230,792,17352,node,2026-07-15T03:50:49.6682453Z,"""C:\Program Files\nodejs\node.exe"" ""D:\typhoon boss radar\node_modules\next\dist\server\lib\start-server.js""",1091706880,1142644736,409,45,,false,2026-07-15T04:51:56.089Z,200,54,"""ce73883c676bd454783741372d1b4711286cc8248d23ec4c5953e64301d26451""",true,304,true,true,1,1139,1138,0,6,12,12,26,,,true,2026-07-15T04:55:46.097Z,304,10,"""9d582a3c53e2f985bf930271becc1d9613f5a6fb""",true,304,true,false,,0,0,0,,,1,0
324,2026-07-15T04:55:55.317Z,3240,790,17352,node,2026-07-15T03:50:49.6682453Z,"""C:\Program Files\nodejs\node.exe"" ""D:\typhoon boss radar\node_modules\next\dist\server\lib\start-server.js""",1091706880,1142644736,409,45,,false,2026-07-15T04:51:56.089Z,200,54,"""ce73883c676bd454783741372d1b4711286cc8248d23ec4c5953e64301d26451""",true,304,true,true,1,1139,1138,0,6,12,12,26,,,true,2026-07-15T04:55:56.096Z,304,11,"""9d582a3c53e2f985bf930271becc1d9613f5a6fb""",true,304,true,false,,0,0,0,,,1,0
325,2026-07-15T04:56:05.324Z,3250,822,17352,node,2026-07-15T03:50:49.6682453Z,"""C:\Program Files\nodejs\node.exe"" ""D:\typhoon boss radar\node_modules\next\dist\server\lib\start-server.js""",1091706880,1142644736,409,45,,false,2026-07-15T04:51:56.089Z,200,54,"""ce73883c676bd454783741372d1b4711286cc8248d23ec4c5953e64301d26451""",true,304,true,true,1,1139,1138,0,6,12,12,26,,,true,2026-07-15T04:56:06.137Z,304,10,"""9d582a3c53e2f985bf930271becc1d9613f5a6fb""",true,304,true,false,,0,0,0,,,1,0
326,2026-07-15T04:56:15.310Z,3260,749,17352,node,2026-07-15T03:50:49.6682453Z,"""C:\Program Files\nodejs\node.exe"" ""D:\typhoon boss radar\node_modules\next\dist\server\lib\start-server.js""",1091706880,1142644736,409,45,,false,2026-07-15T04:51:56.089Z,200,54,"""ce73883c676bd454783741372d1b4711286cc8248d23ec4c5953e64301d26451""",true,304,true,true,1,1139,1138,0,6,12,12,26,,,true,2026-07-15T04:56:16.048Z,304,11,"""9d582a3c53e2f985bf930271becc1d9613f5a6fb""",true,304,true,false,,0,0,0,,,1,0
327,2026-07-15T04:56:25.310Z,3270,793,17352,node,2026-07-15T03:50:49.6682453Z,"""C:\Program Files\nodejs\node.exe"" ""D:\typhoon boss radar\node_modules\next\dist\server\lib\start-server.js""",1091706880,1142644736,409,45,,false,2026-07-15T04:51:56.089Z,200,54,"""ce73883c676bd454783741372d1b4711286cc8248d23ec4c5953e64301d26451""",true,304,true,true,1,1139,1138,0,6,12,12,26,,,true,2026-07-15T04:56:26.094Z,304,10,"""9d582a3c53e2f985bf930271becc1d9613f5a6fb""",true,304,true,false,,0,0,0,,,1,0
328,2026-07-15T04:56:35.322Z,3280,837,17352,node,2026-07-15T03:50:49.6682453Z,"""C:\Program Files\nodejs\node.exe"" ""D:\typhoon boss radar\node_modules\next\dist\server\lib\start-server.js""",1091776512,1142714368,409,45,,false,2026-07-15T04:51:56.089Z,200,54,"""ce73883c676bd454783741372d1b4711286cc8248d23ec4c5953e64301d26451""",true,304,true,true,1,1139,1138,0,6,12,12,26,,,true,2026-07-15T04:56:36.147Z,304,11,"""9d582a3c53e2f985bf930271becc1d9613f5a6fb""",true,304,true,false,,0,0,0,,,1,0
329,2026-07-15T04:56:45.319Z,3290,810,17352,node,2026-07-15T03:50:49.6682453Z,"""C:\Program Files\nodejs\node.exe"" ""D:\typhoon boss radar\node_modules\next\dist\server\lib\start-server.js""",1091776512,1142714368,409,45,,false,2026-07-15T04:51:56.089Z,200,54,"""ce73883c676bd454783741372d1b4711286cc8248d23ec4c5953e64301d26451""",true,304,true,true,1,1139,1138,0,6,12,12,26,,,true,2026-07-15T04:56:46.119Z,304,10,"""9d582a3c53e2f985bf930271becc1d9613f5a6fb""",true,304,true,false,,0,0,0,,,1,0
330,2026-07-15T04:56:55.326Z,3300,842,17352,node,2026-07-15T03:50:49.6682453Z,"""C:\Program Files\nodejs\node.exe"" ""D:\typhoon boss radar\node_modules\next\dist\server\lib\start-server.js""",1091776512,1142714368,409,45,,true,2026-07-15T04:56:56.105Z,200,50,"""ce296a9cafa04bbf0b6f7d6f07bd69db125cec7e284dcfd460ff3b8b26bb76c4""",true,304,true,true,1,1145,1144,0,6,12,12,26,,,true,2026-07-15T04:56:56.159Z,304,9,"""9d582a3c53e2f985bf930271becc1d9613f5a6fb""",true,304,true,false,,0,0,0,,,1,0
331,2026-07-15T04:57:05.325Z,3310,859,17352,node,2026-07-15T03:50:49.6682453Z,"""C:\Program Files\nodejs\node.exe"" ""D:\typhoon boss radar\node_modules\next\dist\server\lib\start-server.js""",1099563008,1150193664,409,45,,false,2026-07-15T04:56:56.105Z,200,50,"""ce296a9cafa04bbf0b6f7d6f07bd69db125cec7e284dcfd460ff3b8b26bb76c4""",true,304,true,true,1,1145,1144,0,6,12,12,26,,,true,2026-07-15T04:57:06.174Z,304,10,"""9d582a3c53e2f985bf930271becc1d9613f5a6fb""",true,304,true,false,,0,0,0,,,1,0
332,2026-07-15T04:57:15.317Z,3320,793,17352,node,2026-07-15T03:50:49.6682453Z,"""C:\Program Files\nodejs\node.exe"" ""D:\typhoon boss radar\node_modules\next\dist\server\lib\start-server.js""",1100619776,1150193664,409,45,,false,2026-07-15T04:56:56.105Z,200,50,"""ce296a9cafa04bbf0b6f7d6f07bd69db125cec7e284dcfd460ff3b8b26bb76c4""",true,304,true,true,1,1145,1144,0,6,12,12,26,,,true,2026-07-15T04:57:16.100Z,304,10,"""9d582a3c53e2f985bf930271becc1d9613f5a6fb""",true,304,true,false,,0,0,0,,,1,0
333,2026-07-15T04:57:25.322Z,3330,775,17352,node,2026-07-15T03:50:49.6682453Z,"""C:\Program Files\nodejs\node.exe"" ""D:\typhoon boss radar\node_modules\next\dist\server\lib\start-server.js""",1101549568,1148542976,409,45,,false,2026-07-15T04:56:56.105Z,200,50,"""ce296a9cafa04bbf0b6f7d6f07bd69db125cec7e284dcfd460ff3b8b26bb76c4""",true,304,true,true,1,1145,1144,0,6,12,12,26,,,true,2026-07-15T04:57:26.086Z,304,10,"""9d582a3c53e2f985bf930271becc1d9613f5a6fb""",true,304,true,false,,0,0,0,,,1,0
334,2026-07-15T04:57:35.311Z,3340,783,17352,node,2026-07-15T03:50:49.6682453Z,"""C:\Program Files\nodejs\node.exe"" ""D:\typhoon boss radar\node_modules\next\dist\server\lib\start-server.js""",1101787136,1148542976,409,45,,false,2026-07-15T04:56:56.105Z,200,50,"""ce296a9cafa04bbf0b6f7d6f07bd69db125cec7e284dcfd460ff3b8b26bb76c4""",true,304,true,true,1,1145,1144,0,6,12,12,26,,,true,2026-07-15T04:57:36.064Z,200,29,"""7a0354575313beafb52d084e926d61c12740d99c""",true,304,true,true,,0,0,0,,,1,0
335,2026-07-15T04:57:45.310Z,3350,796,17352,node,2026-07-15T03:50:49.6682453Z,"""C:\Program Files\nodejs\node.exe"" ""D:\typhoon boss radar\node_modules\next\dist\server\lib\start-server.js""",1105588224,1152356352,409,45,,false,2026-07-15T04:56:56.105Z,200,50,"""ce296a9cafa04bbf0b6f7d6f07bd69db125cec7e284dcfd460ff3b8b26bb76c4""",true,304,true,true,1,1145,1144,0,6,12,12,26,,,true,2026-07-15T04:57:46.095Z,304,10,"""7a0354575313beafb52d084e926d61c12740d99c""",true,304,true,false,,0,0,0,,,1,0
336,2026-07-15T04:57:55.313Z,3360,755,17352,node,2026-07-15T03:50:49.6682453Z,"""C:\Program Files\nodejs\node.exe"" ""D:\typhoon boss radar\node_modules\next\dist\server\lib\start-server.js""",1105588224,1152356352,409,45,,false,2026-07-15T04:56:56.105Z,200,50,"""ce296a9cafa04bbf0b6f7d6f07bd69db125cec7e284dcfd460ff3b8b26bb76c4""",true,304,true,true,1,1145,1144,0,6,12,12,26,,,true,2026-07-15T04:57:56.058Z,304,10,"""7a0354575313beafb52d084e926d61c12740d99c""",true,304,true,false,,0,0,0,,,1,0
337,2026-07-15T04:58:05.310Z,3370,766,17352,node,2026-07-15T03:50:49.6682453Z,"""C:\Program Files\nodejs\node.exe"" ""D:\typhoon boss radar\node_modules\next\dist\server\lib\start-server.js""",1105653760,1152356352,409,45,,false,2026-07-15T04:56:56.105Z,200,50,"""ce296a9cafa04bbf0b6f7d6f07bd69db125cec7e284dcfd460ff3b8b26bb76c4""",true,304,true,true,1,1145,1144,0,6,12,12,26,,,true,2026-07-15T04:58:06.065Z,304,11,"""7a0354575313beafb52d084e926d61c12740d99c""",true,304,true,false,,0,0,0,,,1,0
338,2026-07-15T04:58:15.321Z,3380,781,17352,node,2026-07-15T03:50:49.6682453Z,"""C:\Program Files\nodejs\node.exe"" ""D:\typhoon boss radar\node_modules\next\dist\server\lib\start-server.js""",1105653760,1152356352,409,45,,false,2026-07-15T04:56:56.105Z,200,50,"""ce296a9cafa04bbf0b6f7d6f07bd69db125cec7e284dcfd460ff3b8b26bb76c4""",true,304,true,true,1,1145,1144,0,6,12,12,26,,,true,2026-07-15T04:58:16.092Z,304,10,"""7a0354575313beafb52d084e926d61c12740d99c""",true,304,true,false,,0,0,0,,,1,0
339,2026-07-15T04:58:25.324Z,3390,807,17352,node,2026-07-15T03:50:49.6682453Z,"""C:\Program Files\nodejs\node.exe"" ""D:\typhoon boss radar\node_modules\next\dist\server\lib\start-server.js""",1105653760,1152356352,409,45,,false,2026-07-15T04:56:56.105Z,200,50,"""ce296a9cafa04bbf0b6f7d6f07bd69db125cec7e284dcfd460ff3b8b26bb76c4""",true,304,true,true,1,1145,1144,0,6,12,12,26,,,true,2026-07-15T04:58:26.121Z,304,10,"""7a0354575313beafb52d084e926d61c12740d99c""",true,304,true,false,,0,0,0,,,1,0
340,2026-07-15T04:58:35.310Z,3400,793,17352,node,2026-07-15T03:50:49.6682453Z,"""C:\Program Files\nodejs\node.exe"" ""D:\typhoon boss radar\node_modules\next\dist\server\lib\start-server.js""",1105653760,1152356352,409,45,,false,2026-07-15T04:56:56.105Z,200,50,"""ce296a9cafa04bbf0b6f7d6f07bd69db125cec7e284dcfd460ff3b8b26bb76c4""",true,304,true,true,1,1145,1144,0,6,12,12,26,,,true,2026-07-15T04:58:36.093Z,304,10,"""7a0354575313beafb52d084e926d61c12740d99c""",true,304,true,false,,0,0,0,,,1,0
341,2026-07-15T04:58:45.323Z,3410,809,17352,node,2026-07-15T03:50:49.6682453Z,"""C:\Program Files\nodejs\node.exe"" ""D:\typhoon boss radar\node_modules\next\dist\server\lib\start-server.js""",1105719296,1152421888,409,45,,false,2026-07-15T04:56:56.105Z,200,50,"""ce296a9cafa04bbf0b6f7d6f07bd69db125cec7e284dcfd460ff3b8b26bb76c4""",true,304,true,true,1,1145,1144,0,6,12,12,26,,,true,2026-07-15T04:58:46.122Z,304,10,"""7a0354575313beafb52d084e926d61c12740d99c""",true,304,true,false,,0,0,0,,,1,0
342,2026-07-15T04:58:55.324Z,3420,751,17352,node,2026-07-15T03:50:49.6682453Z,"""C:\Program Files\nodejs\node.exe"" ""D:\typhoon boss radar\node_modules\next\dist\server\lib\start-server.js""",1105719296,1152421888,409,45,,false,2026-07-15T04:56:56.105Z,200,50,"""ce296a9cafa04bbf0b6f7d6f07bd69db125cec7e284dcfd460ff3b8b26bb76c4""",true,304,true,true,1,1145,1144,0,6,12,12,26,,,true,2026-07-15T04:58:56.065Z,304,10,"""7a0354575313beafb52d084e926d61c12740d99c""",true,304,true,false,,0,0,0,,,1,0
343,2026-07-15T04:59:05.323Z,3430,804,17352,node,2026-07-15T03:50:49.6682453Z,"""C:\Program Files\nodejs\node.exe"" ""D:\typhoon boss radar\node_modules\next\dist\server\lib\start-server.js""",1089003520,1135521792,409,45,,false,2026-07-15T04:56:56.105Z,200,50,"""ce296a9cafa04bbf0b6f7d6f07bd69db125cec7e284dcfd460ff3b8b26bb76c4""",true,304,true,true,1,1145,1144,0,6,12,12,26,,,true,2026-07-15T04:59:06.116Z,304,11,"""7a0354575313beafb52d084e926d61c12740d99c""",true,304,true,false,,0,0,0,,,1,0
344,2026-07-15T04:59:15.325Z,3440,748,17352,node,2026-07-15T03:50:49.6682453Z,"""C:\Program Files\nodejs\node.exe"" ""D:\typhoon boss radar\node_modules\next\dist\server\lib\start-server.js""",1089003520,1136238592,409,45,,false,2026-07-15T04:56:56.105Z,200,50,"""ce296a9cafa04bbf0b6f7d6f07bd69db125cec7e284dcfd460ff3b8b26bb76c4""",true,304,true,true,1,1145,1144,0,6,12,12,26,,,true,2026-07-15T04:59:16.063Z,304,11,"""7a0354575313beafb52d084e926d61c12740d99c""",true,304,true,false,,0,0,0,,,1,0
345,2026-07-15T04:59:25.324Z,3450,829,17352,node,2026-07-15T03:50:49.6682453Z,"""C:\Program Files\nodejs\node.exe"" ""D:\typhoon boss radar\node_modules\next\dist\server\lib\start-server.js""",1089003520,1136238592,409,45,,false,2026-07-15T04:56:56.105Z,200,50,"""ce296a9cafa04bbf0b6f7d6f07bd69db125cec7e284dcfd460ff3b8b26bb76c4""",true,304,true,true,1,1145,1144,0,6,12,12,26,,,true,2026-07-15T04:59:26.142Z,304,10,"""7a0354575313beafb52d084e926d61c12740d99c""",true,304,true,false,,0,0,0,,,1,0
346,2026-07-15T04:59:35.316Z,3460,768,17352,node,2026-07-15T03:50:49.6682453Z,"""C:\Program Files\nodejs\node.exe"" ""D:\typhoon boss radar\node_modules\next\dist\server\lib\start-server.js""",1089265664,1136508928,409,45,,false,2026-07-15T04:56:56.105Z,200,50,"""ce296a9cafa04bbf0b6f7d6f07bd69db125cec7e284dcfd460ff3b8b26bb76c4""",true,304,true,true,1,1145,1144,0,6,12,12,26,,,true,2026-07-15T04:59:36.074Z,304,10,"""7a0354575313beafb52d084e926d61c12740d99c""",true,304,true,false,,0,0,0,,,1,0
347,2026-07-15T04:59:45.325Z,3470,813,17352,node,2026-07-15T03:50:49.6682453Z,"""C:\Program Files\nodejs\node.exe"" ""D:\typhoon boss radar\node_modules\next\dist\server\lib\start-server.js""",1089265664,1136508928,409,45,,false,2026-07-15T04:56:56.105Z,200,50,"""ce296a9cafa04bbf0b6f7d6f07bd69db125cec7e284dcfd460ff3b8b26bb76c4""",true,304,true,true,1,1145,1144,0,6,12,12,26,,,true,2026-07-15T04:59:46.128Z,304,10,"""7a0354575313beafb52d084e926d61c12740d99c""",true,304,true,false,,0,0,0,,,1,0
348,2026-07-15T04:59:55.315Z,3480,783,17352,node,2026-07-15T03:50:49.6682453Z,"""C:\Program Files\nodejs\node.exe"" ""D:\typhoon boss radar\node_modules\next\dist\server\lib\start-server.js""",1089789952,1137041408,409,45,,false,2026-07-15T04:56:56.105Z,200,50,"""ce296a9cafa04bbf0b6f7d6f07bd69db125cec7e284dcfd460ff3b8b26bb76c4""",true,304,true,true,1,1145,1144,0,6,12,12,26,,,true,2026-07-15T04:59:56.088Z,304,10,"""7a0354575313beafb52d084e926d61c12740d99c""",true,304,true,false,,0,0,0,,,1,0
349,2026-07-15T05:00:05.312Z,3490,736,17352,node,2026-07-15T03:50:49.6682453Z,"""C:\Program Files\nodejs\node.exe"" ""D:\typhoon boss radar\node_modules\next\dist\server\lib\start-server.js""",1089789952,1137041408,416,45,,false,2026-07-15T04:56:56.105Z,200,50,"""ce296a9cafa04bbf0b6f7d6f07bd69db125cec7e284dcfd460ff3b8b26bb76c4""",true,304,true,true,1,1145,1144,0,6,12,12,26,,,true,2026-07-15T05:00:06.037Z,304,10,"""7a0354575313beafb52d084e926d61c12740d99c""",true,304,true,false,,0,0,0,,,1,0
350,2026-07-15T05:00:15.317Z,3500,748,17352,node,2026-07-15T03:50:49.6682453Z,"""C:\Program Files\nodejs\node.exe"" ""D:\typhoon boss radar\node_modules\next\dist\server\lib\start-server.js""",1089789952,1137041408,416,45,,false,2026-07-15T04:56:56.105Z,200,50,"""ce296a9cafa04bbf0b6f7d6f07bd69db125cec7e284dcfd460ff3b8b26bb76c4""",true,304,true,true,1,1145,1144,0,6,12,12,26,,,true,2026-07-15T05:00:16.055Z,304,10,"""7a0354575313beafb52d084e926d61c12740d99c""",true,304,true,false,,0,0,0,,,1,0
351,2026-07-15T05:00:25.318Z,3510,786,17352,node,2026-07-15T03:50:49.6682453Z,"""C:\Program Files\nodejs\node.exe"" ""D:\typhoon boss radar\node_modules\next\dist\server\lib\start-server.js""",1089789952,1137041408,409,45,,false,2026-07-15T04:56:56.105Z,200,50,"""ce296a9cafa04bbf0b6f7d6f07bd69db125cec7e284dcfd460ff3b8b26bb76c4""",true,304,true,true,1,1145,1144,0,6,12,12,26,,,true,2026-07-15T05:00:26.094Z,304,10,"""7a0354575313beafb52d084e926d61c12740d99c""",true,304,true,false,,0,0,0,,,1,0
352,2026-07-15T05:00:35.325Z,3520,753,17352,node,2026-07-15T03:50:49.6682453Z,"""C:\Program Files\nodejs\node.exe"" ""D:\typhoon boss radar\node_modules\next\dist\server\lib\start-server.js""",1089789952,1137041408,409,45,,false,2026-07-15T04:56:56.105Z,200,50,"""ce296a9cafa04bbf0b6f7d6f07bd69db125cec7e284dcfd460ff3b8b26bb76c4""",true,304,true,true,1,1145,1144,0,6,12,12,26,,,true,2026-07-15T05:00:36.068Z,304,10,"""7a0354575313beafb52d084e926d61c12740d99c""",true,304,true,false,,0,0,0,,,1,0
353,2026-07-15T05:00:45.325Z,3530,790,17352,node,2026-07-15T03:50:49.6682453Z,"""C:\Program Files\nodejs\node.exe"" ""D:\typhoon boss radar\node_modules\next\dist\server\lib\start-server.js""",1090772992,1138028544,409,45,,false,2026-07-15T04:56:56.105Z,200,50,"""ce296a9cafa04bbf0b6f7d6f07bd69db125cec7e284dcfd460ff3b8b26bb76c4""",true,304,true,true,1,1145,1144,0,6,12,12,26,,,true,2026-07-15T05:00:46.105Z,304,10,"""7a0354575313beafb52d084e926d61c12740d99c""",true,304,true,false,,0,0,0,,,1,0
354,2026-07-15T05:00:55.314Z,3540,733,17352,node,2026-07-15T03:50:49.6682453Z,"""C:\Program Files\nodejs\node.exe"" ""D:\typhoon boss radar\node_modules\next\dist\server\lib\start-server.js""",1090772992,1138028544,409,45,,false,2026-07-15T04:56:56.105Z,200,50,"""ce296a9cafa04bbf0b6f7d6f07bd69db125cec7e284dcfd460ff3b8b26bb76c4""",true,304,true,true,1,1145,1144,0,6,12,12,26,,,true,2026-07-15T05:00:56.037Z,304,10,"""7a0354575313beafb52d084e926d61c12740d99c""",true,304,true,false,,0,0,0,,,1,0
355,2026-07-15T05:01:05.320Z,3550,776,17352,node,2026-07-15T03:50:49.6682453Z,"""C:\Program Files\nodejs\node.exe"" ""D:\typhoon boss radar\node_modules\next\dist\server\lib\start-server.js""",1090772992,1138028544,409,45,,false,2026-07-15T04:56:56.105Z,200,50,"""ce296a9cafa04bbf0b6f7d6f07bd69db125cec7e284dcfd460ff3b8b26bb76c4""",true,304,true,true,1,1145,1144,0,6,12,12,26,,,true,2026-07-15T05:01:06.086Z,304,10,"""7a0354575313beafb52d084e926d61c12740d99c""",true,304,true,false,,0,0,0,,,1,0
356,2026-07-15T05:01:15.312Z,3560,750,17352,node,2026-07-15T03:50:49.6682453Z,"""C:\Program Files\nodejs\node.exe"" ""D:\typhoon boss radar\node_modules\next\dist\server\lib\start-server.js""",1090772992,1138028544,409,45,,false,2026-07-15T04:56:56.105Z,200,50,"""ce296a9cafa04bbf0b6f7d6f07bd69db125cec7e284dcfd460ff3b8b26bb76c4""",true,304,true,true,1,1145,1144,0,6,12,12,26,,,true,2026-07-15T05:01:16.052Z,304,10,"""7a0354575313beafb52d084e926d61c12740d99c""",true,304,true,false,,0,0,0,,,1,0
357,2026-07-15T05:01:25.313Z,3570,742,17352,node,2026-07-15T03:50:49.6682453Z,"""C:\Program Files\nodejs\node.exe"" ""D:\typhoon boss radar\node_modules\next\dist\server\lib\start-server.js""",1090772992,1138028544,409,45,,false,2026-07-15T04:56:56.105Z,200,50,"""ce296a9cafa04bbf0b6f7d6f07bd69db125cec7e284dcfd460ff3b8b26bb76c4""",true,304,true,true,1,1145,1144,0,6,12,12,26,,,true,2026-07-15T05:01:26.045Z,304,10,"""7a0354575313beafb52d084e926d61c12740d99c""",true,304,true,false,,0,0,0,,,1,0
358,2026-07-15T05:01:35.318Z,3580,789,17352,node,2026-07-15T03:50:49.6682453Z,"""C:\Program Files\nodejs\node.exe"" ""D:\typhoon boss radar\node_modules\next\dist\server\lib\start-server.js""",1090772992,1138028544,409,45,,false,2026-07-15T04:56:56.105Z,200,50,"""ce296a9cafa04bbf0b6f7d6f07bd69db125cec7e284dcfd460ff3b8b26bb76c4""",true,304,true,true,1,1145,1144,0,6,12,12,26,,,true,2026-07-15T05:01:36.074Z,304,33,"""7a0354575313beafb52d084e926d61c12740d99c""",true,304,true,false,,0,0,0,,,1,0
359,2026-07-15T05:01:45.315Z,3590,779,17352,node,2026-07-15T03:50:49.6682453Z,"""C:\Program Files\nodejs\node.exe"" ""D:\typhoon boss radar\node_modules\next\dist\server\lib\start-server.js""",1090772992,1138028544,409,45,,false,2026-07-15T04:56:56.105Z,200,50,"""ce296a9cafa04bbf0b6f7d6f07bd69db125cec7e284dcfd460ff3b8b26bb76c4""",true,304,true,true,1,1145,1144,0,6,12,12,26,,,true,2026-07-15T05:01:46.064Z,200,30,"""71a459edac31e95dfa2afc9c82fd03278f378aab""",true,304,true,true,,0,0,0,,,1,0
360,2026-07-15T05:01:55.319Z,3600,828,17352,node,2026-07-15T03:50:49.6682453Z,"""C:\Program Files\nodejs\node.exe"" ""D:\typhoon boss radar\node_modules\next\dist\server\lib\start-server.js""",1090772992,1138028544,409,45,,true,2026-07-15T05:01:56.083Z,200,52,"""0a84434e834348b3f35a6038f2edfde1935fd4f588260804a78737733cb1c8aa""",true,304,true,true,1,1149,1148,0,6,12,12,26,,,true,2026-07-15T05:01:56.139Z,304,8,"""71a459edac31e95dfa2afc9c82fd03278f378aab""",true,304,true,false,,0,0,0,,,1,0
361,2026-07-15T05:02:05.324Z,3610,746,17352,node,2026-07-15T03:50:49.6682453Z,"""C:\Program Files\nodejs\node.exe"" ""D:\typhoon boss radar\node_modules\next\dist\server\lib\start-server.js""",1101795328,1147645952,409,45,,false,2026-07-15T05:01:56.083Z,200,52,"""0a84434e834348b3f35a6038f2edfde1935fd4f588260804a78737733cb1c8aa""",true,304,true,true,1,1149,1148,0,6,12,12,26,,,true,2026-07-15T05:02:06.061Z,304,9,"""71a459edac31e95dfa2afc9c82fd03278f378aab""",true,304,true,false,,0,0,0,,,1,0
362,2026-07-15T05:02:15.324Z,3620,745,17352,node,2026-07-15T03:50:49.6682453Z,"""C:\Program Files\nodejs\node.exe"" ""D:\typhoon boss radar\node_modules\next\dist\server\lib\start-server.js""",1102675968,1147711488,409,45,,false,2026-07-15T05:01:56.083Z,200,52,"""0a84434e834348b3f35a6038f2edfde1935fd4f588260804a78737733cb1c8aa""",true,304,true,true,1,1149,1148,0,6,12,12,26,,,true,2026-07-15T05:02:16.061Z,304,9,"""71a459edac31e95dfa2afc9c82fd03278f378aab""",true,304,true,false,,0,0,0,,,1,0
363,2026-07-15T05:02:25.312Z,3630,804,17352,node,2026-07-15T03:50:49.6682453Z,"""C:\Program Files\nodejs\node.exe"" ""D:\typhoon boss radar\node_modules\next\dist\server\lib\start-server.js""",1101824000,1146077184,409,45,,false,2026-07-15T05:01:56.083Z,200,52,"""0a84434e834348b3f35a6038f2edfde1935fd4f588260804a78737733cb1c8aa""",true,304,true,true,1,1149,1148,0,6,12,12,26,,,true,2026-07-15T05:02:26.106Z,304,10,"""71a459edac31e95dfa2afc9c82fd03278f378aab""",true,304,true,false,,0,0,0,,,1,0
364,2026-07-15T05:02:35.322Z,3640,764,17352,node,2026-07-15T03:50:49.6682453Z,"""C:\Program Files\nodejs\node.exe"" ""D:\typhoon boss radar\node_modules\next\dist\server\lib\start-server.js""",1101824000,1146077184,409,45,,false,2026-07-15T05:01:56.083Z,200,52,"""0a84434e834348b3f35a6038f2edfde1935fd4f588260804a78737733cb1c8aa""",true,304,true,true,1,1149,1148,0,6,12,12,26,,,true,2026-07-15T05:02:36.076Z,304,11,"""71a459edac31e95dfa2afc9c82fd03278f378aab""",true,304,true,false,,0,0,0,,,1,0
365,2026-07-15T05:02:45.324Z,3650,792,17352,node,2026-07-15T03:50:49.6682453Z,"""C:\Program Files\nodejs\node.exe"" ""D:\typhoon boss radar\node_modules\next\dist\server\lib\start-server.js""",1101824000,1146077184,409,45,,false,2026-07-15T05:01:56.083Z,200,52,"""0a84434e834348b3f35a6038f2edfde1935fd4f588260804a78737733cb1c8aa""",true,304,true,true,1,1149,1148,0,6,12,12,26,,,true,2026-07-15T05:02:46.106Z,304,10,"""71a459edac31e95dfa2afc9c82fd03278f378aab""",true,304,true,false,,0,0,0,,,1,0
366,2026-07-15T05:02:55.321Z,3660,763,17352,node,2026-07-15T03:50:49.6682453Z,"""C:\Program Files\nodejs\node.exe"" ""D:\typhoon boss radar\node_modules\next\dist\server\lib\start-server.js""",1101824000,1146077184,409,45,,false,2026-07-15T05:01:56.083Z,200,52,"""0a84434e834348b3f35a6038f2edfde1935fd4f588260804a78737733cb1c8aa""",true,304,true,true,1,1149,1148,0,6,12,12,26,,,true,2026-07-15T05:02:56.074Z,304,11,"""71a459edac31e95dfa2afc9c82fd03278f378aab""",true,304,true,false,,0,0,0,,,1,0
367,2026-07-15T05:03:05.311Z,3670,740,17352,node,2026-07-15T03:50:49.6682453Z,"""C:\Program Files\nodejs\node.exe"" ""D:\typhoon boss radar\node_modules\next\dist\server\lib\start-server.js""",1101889536,1146142720,409,45,,false,2026-07-15T05:01:56.083Z,200,52,"""0a84434e834348b3f35a6038f2edfde1935fd4f588260804a78737733cb1c8aa""",true,304,true,true,1,1149,1148,0,6,12,12,26,,,true,2026-07-15T05:03:06.042Z,304,10,"""71a459edac31e95dfa2afc9c82fd03278f378aab""",true,304,true,false,,0,0,0,,,1,0
368,2026-07-15T05:03:15.320Z,3680,773,17352,node,2026-07-15T03:50:49.6682453Z,"""C:\Program Files\nodejs\node.exe"" ""D:\typhoon boss radar\node_modules\next\dist\server\lib\start-server.js""",1101889536,1146142720,409,45,,false,2026-07-15T05:01:56.083Z,200,52,"""0a84434e834348b3f35a6038f2edfde1935fd4f588260804a78737733cb1c8aa""",true,304,true,true,1,1149,1148,0,6,12,12,26,,,true,2026-07-15T05:03:16.082Z,304,11,"""71a459edac31e95dfa2afc9c82fd03278f378aab""",true,304,true,false,,0,0,0,,,1,0
369,2026-07-15T05:03:25.321Z,3690,793,17352,node,2026-07-15T03:50:49.6682453Z,"""C:\Program Files\nodejs\node.exe"" ""D:\typhoon boss radar\node_modules\next\dist\server\lib\start-server.js""",1101901824,1146142720,409,45,,false,2026-07-15T05:01:56.083Z,200,52,"""0a84434e834348b3f35a6038f2edfde1935fd4f588260804a78737733cb1c8aa""",true,304,true,true,1,1149,1148,0,6,12,12,26,,,true,2026-07-15T05:03:26.104Z,304,10,"""71a459edac31e95dfa2afc9c82fd03278f378aab""",true,304,true,false,,0,0,0,,,1,0
370,2026-07-15T05:03:35.312Z,3700,754,17352,node,2026-07-15T03:50:49.6682453Z,"""C:\Program Files\nodejs\node.exe"" ""D:\typhoon boss radar\node_modules\next\dist\server\lib\start-server.js""",1101901824,1146142720,409,45,,false,2026-07-15T05:01:56.083Z,200,52,"""0a84434e834348b3f35a6038f2edfde1935fd4f588260804a78737733cb1c8aa""",true,304,true,true,1,1149,1148,0,6,12,12,26,,,true,2026-07-15T05:03:36.057Z,304,10,"""71a459edac31e95dfa2afc9c82fd03278f378aab""",true,304,true,false,,0,0,0,,,1,0
371,2026-07-15T05:03:45.323Z,3710,758,17352,node,2026-07-15T03:50:49.6682453Z,"""C:\Program Files\nodejs\node.exe"" ""D:\typhoon boss radar\node_modules\next\dist\server\lib\start-server.js""",1101901824,1146142720,409,45,,false,2026-07-15T05:01:56.083Z,200,52,"""0a84434e834348b3f35a6038f2edfde1935fd4f588260804a78737733cb1c8aa""",true,304,true,true,1,1149,1148,0,6,12,12,26,,,true,2026-07-15T05:03:46.071Z,304,10,"""71a459edac31e95dfa2afc9c82fd03278f378aab""",true,304,true,false,,0,0,0,,,1,0
372,2026-07-15T05:03:55.312Z,3720,788,17352,node,2026-07-15T03:50:49.6682453Z,"""C:\Program Files\nodejs\node.exe"" ""D:\typhoon boss radar\node_modules\next\dist\server\lib\start-server.js""",1101967360,1146208256,409,45,,false,2026-07-15T05:01:56.083Z,200,52,"""0a84434e834348b3f35a6038f2edfde1935fd4f588260804a78737733cb1c8aa""",true,304,true,true,1,1149,1148,0,6,12,12,26,,,true,2026-07-15T05:03:56.089Z,304,10,"""71a459edac31e95dfa2afc9c82fd03278f378aab""",true,304,true,false,,0,0,0,,,1,0
373,2026-07-15T05:04:05.322Z,3730,806,17352,node,2026-07-15T03:50:49.6682453Z,"""C:\Program Files\nodejs\node.exe"" ""D:\typhoon boss radar\node_modules\next\dist\server\lib\start-server.js""",1101967360,1146208256,409,45,,false,2026-07-15T05:01:56.083Z,200,52,"""0a84434e834348b3f35a6038f2edfde1935fd4f588260804a78737733cb1c8aa""",true,304,true,true,1,1149,1148,0,6,12,12,26,,,true,2026-07-15T05:04:06.118Z,304,9,"""71a459edac31e95dfa2afc9c82fd03278f378aab""",true,304,true,false,,0,0,0,,,1,0
374,2026-07-15T05:04:15.311Z,3740,757,17352,node,2026-07-15T03:50:49.6682453Z,"""C:\Program Files\nodejs\node.exe"" ""D:\typhoon boss radar\node_modules\next\dist\server\lib\start-server.js""",1101967360,1146208256,409,45,,false,2026-07-15T05:01:56.083Z,200,52,"""0a84434e834348b3f35a6038f2edfde1935fd4f588260804a78737733cb1c8aa""",true,304,true,true,1,1149,1148,0,6,12,12,26,,,true,2026-07-15T05:04:16.059Z,304,9,"""71a459edac31e95dfa2afc9c82fd03278f378aab""",true,304,true,false,,0,0,0,,,1,0
375,2026-07-15T05:04:25.320Z,3750,758,17352,node,2026-07-15T03:50:49.6682453Z,"""C:\Program Files\nodejs\node.exe"" ""D:\typhoon boss radar\node_modules\next\dist\server\lib\start-server.js""",1101967360,1146208256,409,45,,false,2026-07-15T05:01:56.083Z,200,52,"""0a84434e834348b3f35a6038f2edfde1935fd4f588260804a78737733cb1c8aa""",true,304,true,true,1,1149,1148,0,6,12,12,26,,,true,2026-07-15T05:04:26.069Z,304,10,"""71a459edac31e95dfa2afc9c82fd03278f378aab""",true,304,true,false,,0,0,0,,,1,0
376,2026-07-15T05:04:35.319Z,3760,760,17352,node,2026-07-15T03:50:49.6682453Z,"""C:\Program Files\nodejs\node.exe"" ""D:\typhoon boss radar\node_modules\next\dist\server\lib\start-server.js""",1101967360,1146208256,409,45,,false,2026-07-15T05:01:56.083Z,200,52,"""0a84434e834348b3f35a6038f2edfde1935fd4f588260804a78737733cb1c8aa""",true,304,true,true,1,1149,1148,0,6,12,12,26,,,true,2026-07-15T05:04:36.069Z,304,10,"""71a459edac31e95dfa2afc9c82fd03278f378aab""",true,304,true,false,,0,0,0,,,1,0
377,2026-07-15T05:04:45.323Z,3770,747,17352,node,2026-07-15T03:50:49.6682453Z,"""C:\Program Files\nodejs\node.exe"" ""D:\typhoon boss radar\node_modules\next\dist\server\lib\start-server.js""",1101967360,1146208256,409,45,,false,2026-07-15T05:01:56.083Z,200,52,"""0a84434e834348b3f35a6038f2edfde1935fd4f588260804a78737733cb1c8aa""",true,304,true,true,1,1149,1148,0,6,12,12,26,,,true,2026-07-15T05:04:46.060Z,304,10,"""71a459edac31e95dfa2afc9c82fd03278f378aab""",true,304,true,false,,0,0,0,,,1,0
378,2026-07-15T05:04:55.320Z,3780,741,17352,node,2026-07-15T03:50:49.6682453Z,"""C:\Program Files\nodejs\node.exe"" ""D:\typhoon boss radar\node_modules\next\dist\server\lib\start-server.js""",1102032896,1146273792,409,45,,false,2026-07-15T05:01:56.083Z,200,52,"""0a84434e834348b3f35a6038f2edfde1935fd4f588260804a78737733cb1c8aa""",true,304,true,true,1,1149,1148,0,6,12,12,26,,,true,2026-07-15T05:04:56.051Z,304,11,"""71a459edac31e95dfa2afc9c82fd03278f378aab""",true,304,true,false,,0,0,0,,,1,0
379,2026-07-15T05:05:05.316Z,3790,755,17352,node,2026-07-15T03:50:49.6682453Z,"""C:\Program Files\nodejs\node.exe"" ""D:\typhoon boss radar\node_modules\next\dist\server\lib\start-server.js""",1105707008,1150025728,409,45,,false,2026-07-15T05:01:56.083Z,200,52,"""0a84434e834348b3f35a6038f2edfde1935fd4f588260804a78737733cb1c8aa""",true,304,true,true,1,1149,1148,0,6,12,12,26,,,true,2026-07-15T05:05:06.061Z,304,10,"""71a459edac31e95dfa2afc9c82fd03278f378aab""",true,304,true,false,,0,0,0,,,1,0
380,2026-07-15T05:05:15.318Z,3800,729,17352,node,2026-07-15T03:50:49.6682453Z,"""C:\Program Files\nodejs\node.exe"" ""D:\typhoon boss radar\node_modules\next\dist\server\lib\start-server.js""",1105715200,1150025728,409,45,,false,2026-07-15T05:01:56.083Z,200,52,"""0a84434e834348b3f35a6038f2edfde1935fd4f588260804a78737733cb1c8aa""",true,304,true,true,1,1149,1148,0,6,12,12,26,,,true,2026-07-15T05:05:16.038Z,304,10,"""71a459edac31e95dfa2afc9c82fd03278f378aab""",true,304,true,false,,0,0,0,,,1,0
381,2026-07-15T05:05:25.312Z,3810,748,17352,node,2026-07-15T03:50:49.6682453Z,"""C:\Program Files\nodejs\node.exe"" ""D:\typhoon boss radar\node_modules\next\dist\server\lib\start-server.js""",1105715200,1150025728,409,45,,false,2026-07-15T05:01:56.083Z,200,52,"""0a84434e834348b3f35a6038f2edfde1935fd4f588260804a78737733cb1c8aa""",true,304,true,true,1,1149,1148,0,6,12,12,26,,,true,2026-07-15T05:05:26.050Z,304,10,"""71a459edac31e95dfa2afc9c82fd03278f378aab""",true,304,true,false,,0,0,0,,,1,0
382,2026-07-15T05:05:35.310Z,3820,746,17352,node,2026-07-15T03:50:49.6682453Z,"""C:\Program Files\nodejs\node.exe"" ""D:\typhoon boss radar\node_modules\next\dist\server\lib\start-server.js""",1105715200,1150025728,409,45,,false,2026-07-15T05:01:56.083Z,200,52,"""0a84434e834348b3f35a6038f2edfde1935fd4f588260804a78737733cb1c8aa""",true,304,true,true,1,1149,1148,0,6,12,12,26,,,true,2026-07-15T05:05:36.046Z,304,11,"""71a459edac31e95dfa2afc9c82fd03278f378aab""",true,304,true,false,,0,0,0,,,1,0
383,2026-07-15T05:05:45.310Z,3830,752,17352,node,2026-07-15T03:50:49.6682453Z,"""C:\Program Files\nodejs\node.exe"" ""D:\typhoon boss radar\node_modules\next\dist\server\lib\start-server.js""",1105780736,1150091264,409,45,,false,2026-07-15T05:01:56.083Z,200,52,"""0a84434e834348b3f35a6038f2edfde1935fd4f588260804a78737733cb1c8aa""",true,304,true,true,1,1149,1148,0,6,12,12,26,,,true,2026-07-15T05:05:46.052Z,304,11,"""71a459edac31e95dfa2afc9c82fd03278f378aab""",true,304,true,false,,0,0,0,,,1,0
384,2026-07-15T05:05:55.317Z,3840,781,17352,node,2026-07-15T03:50:49.6682453Z,"""C:\Program Files\nodejs\node.exe"" ""D:\typhoon boss radar\node_modules\next\dist\server\lib\start-server.js""",1132167168,1174454272,409,45,,false,2026-07-15T05:01:56.083Z,200,52,"""0a84434e834348b3f35a6038f2edfde1935fd4f588260804a78737733cb1c8aa""",true,304,true,true,1,1149,1148,0,6,12,12,26,,,true,2026-07-15T05:05:56.070Z,200,27,"""9d25965efa228d221a770301172b03ed5966dabc""",true,304,true,true,,0,0,0,,,1,0
385,2026-07-15T05:06:05.316Z,3850,763,17352,node,2026-07-15T03:50:49.6682453Z,"""C:\Program Files\nodejs\node.exe"" ""D:\typhoon boss radar\node_modules\next\dist\server\lib\start-server.js""",1132265472,1174466560,409,45,,false,2026-07-15T05:01:56.083Z,200,52,"""0a84434e834348b3f35a6038f2edfde1935fd4f588260804a78737733cb1c8aa""",true,304,true,true,1,1149,1148,0,6,12,12,26,,,true,2026-07-15T05:06:06.071Z,304,9,"""9d25965efa228d221a770301172b03ed5966dabc""",true,304,true,false,,0,0,0,,,1,0
386,2026-07-15T05:06:15.310Z,3860,701,17352,node,2026-07-15T03:50:49.6682453Z,"""C:\Program Files\nodejs\node.exe"" ""D:\typhoon boss radar\node_modules\next\dist\server\lib\start-server.js""",1132527616,1174736896,409,45,,false,2026-07-15T05:01:56.083Z,200,52,"""0a84434e834348b3f35a6038f2edfde1935fd4f588260804a78737733cb1c8aa""",true,304,true,true,1,1149,1148,0,6,12,12,26,,,true,2026-07-15T05:06:16.003Z,304,9,"""9d25965efa228d221a770301172b03ed5966dabc""",true,304,true,false,,0,0,0,,,1,0
387,2026-07-15T05:06:25.316Z,3870,703,17352,node,2026-07-15T03:50:49.6682453Z,"""C:\Program Files\nodejs\node.exe"" ""D:\typhoon boss radar\node_modules\next\dist\server\lib\start-server.js""",1132527616,1174736896,409,45,,false,2026-07-15T05:01:56.083Z,200,52,"""0a84434e834348b3f35a6038f2edfde1935fd4f588260804a78737733cb1c8aa""",true,304,true,true,1,1149,1148,0,6,12,12,26,,,true,2026-07-15T05:06:26.010Z,304,9,"""9d25965efa228d221a770301172b03ed5966dabc""",true,304,true,false,,0,0,0,,,1,0
388,2026-07-15T05:06:35.318Z,3880,772,17352,node,2026-07-15T03:50:49.6682453Z,"""C:\Program Files\nodejs\node.exe"" ""D:\typhoon boss radar\node_modules\next\dist\server\lib\start-server.js""",1133056000,1175273472,409,45,,false,2026-07-15T05:01:56.083Z,200,52,"""0a84434e834348b3f35a6038f2edfde1935fd4f588260804a78737733cb1c8aa""",true,304,true,true,1,1149,1148,0,6,12,12,26,,,true,2026-07-15T05:06:36.079Z,304,11,"""9d25965efa228d221a770301172b03ed5966dabc""",true,304,true,false,,0,0,0,,,1,0
389,2026-07-15T05:06:45.318Z,3890,757,17352,node,2026-07-15T03:50:49.6682453Z,"""C:\Program Files\nodejs\node.exe"" ""D:\typhoon boss radar\node_modules\next\dist\server\lib\start-server.js""",1132089344,1174286336,409,45,,false,2026-07-15T05:01:56.083Z,200,52,"""0a84434e834348b3f35a6038f2edfde1935fd4f588260804a78737733cb1c8aa""",true,304,true,true,1,1149,1148,0,6,12,12,26,,,true,2026-07-15T05:06:46.066Z,304,9,"""9d25965efa228d221a770301172b03ed5966dabc""",true,304,true,false,,0,0,0,,,1,0
390,2026-07-15T05:06:55.318Z,3900,783,17352,node,2026-07-15T03:50:49.6682453Z,"""C:\Program Files\nodejs\node.exe"" ""D:\typhoon boss radar\node_modules\next\dist\server\lib\start-server.js""",1132089344,1174286336,409,45,,true,2026-07-15T05:06:56.024Z,200,42,"""c7e0da1b5e634a8e5296ebb7cc90b0322af557a2aa1b1c6ab633e79026f3b527""",true,304,true,true,1,1151,1150,0,6,12,12,26,,,true,2026-07-15T05:06:56.090Z,304,11,"""9d25965efa228d221a770301172b03ed5966dabc""",true,304,true,false,,0,0,0,,,1,0
391,2026-07-15T05:07:05.315Z,3910,731,17352,node,2026-07-15T03:50:49.6682453Z,"""C:\Program Files\nodejs\node.exe"" ""D:\typhoon boss radar\node_modules\next\dist\server\lib\start-server.js""",1108189184,1150005248,409,45,,false,2026-07-15T05:06:56.024Z,200,42,"""c7e0da1b5e634a8e5296ebb7cc90b0322af557a2aa1b1c6ab633e79026f3b527""",true,304,true,true,1,1151,1150,0,6,12,12,26,,,true,2026-07-15T05:07:06.036Z,304,10,"""9d25965efa228d221a770301172b03ed5966dabc""",true,304,true,false,,0,0,0,,,1,0
392,2026-07-15T05:07:15.311Z,3920,762,17352,node,2026-07-15T03:50:49.6682453Z,"""C:\Program Files\nodejs\node.exe"" ""D:\typhoon boss radar\node_modules\next\dist\server\lib\start-server.js""",1108189184,1150005248,409,45,,false,2026-07-15T05:06:56.024Z,200,42,"""c7e0da1b5e634a8e5296ebb7cc90b0322af557a2aa1b1c6ab633e79026f3b527""",true,304,true,true,1,1151,1150,0,6,12,12,26,,,true,2026-07-15T05:07:16.065Z,304,9,"""9d25965efa228d221a770301172b03ed5966dabc""",true,304,true,false,,0,0,0,,,1,0
393,2026-07-15T05:07:25.320Z,3930,745,17352,node,2026-07-15T03:50:49.6682453Z,"""C:\Program Files\nodejs\node.exe"" ""D:\typhoon boss radar\node_modules\next\dist\server\lib\start-server.js""",1108451328,1150275584,409,45,,false,2026-07-15T05:06:56.024Z,200,42,"""c7e0da1b5e634a8e5296ebb7cc90b0322af557a2aa1b1c6ab633e79026f3b527""",true,304,true,true,1,1151,1150,0,6,12,12,26,,,true,2026-07-15T05:07:26.057Z,304,9,"""9d25965efa228d221a770301172b03ed5966dabc""",true,304,true,false,,0,0,0,,,1,0
394,2026-07-15T05:07:35.312Z,3940,740,17352,node,2026-07-15T03:50:49.6682453Z,"""C:\Program Files\nodejs\node.exe"" ""D:\typhoon boss radar\node_modules\next\dist\server\lib\start-server.js""",1108451328,1150275584,409,45,,false,2026-07-15T05:06:56.024Z,200,42,"""c7e0da1b5e634a8e5296ebb7cc90b0322af557a2aa1b1c6ab633e79026f3b527""",true,304,true,true,1,1151,1150,0,6,12,12,26,,,true,2026-07-15T05:07:36.043Z,304,9,"""9d25965efa228d221a770301172b03ed5966dabc""",true,304,true,false,,0,0,0,,,1,0
395,2026-07-15T05:07:45.313Z,3950,756,17352,node,2026-07-15T03:50:49.6682453Z,"""C:\Program Files\nodejs\node.exe"" ""D:\typhoon boss radar\node_modules\next\dist\server\lib\start-server.js""",1108451328,1150275584,409,45,,false,2026-07-15T05:06:56.024Z,200,42,"""c7e0da1b5e634a8e5296ebb7cc90b0322af557a2aa1b1c6ab633e79026f3b527""",true,304,true,true,1,1151,1150,0,6,12,12,26,,,true,2026-07-15T05:07:46.060Z,304,9,"""9d25965efa228d221a770301172b03ed5966dabc""",true,304,true,false,,0,0,0,,,1,0
396,2026-07-15T05:07:55.323Z,3960,741,17352,node,2026-07-15T03:50:49.6682453Z,"""C:\Program Files\nodejs\node.exe"" ""D:\typhoon boss radar\node_modules\next\dist\server\lib\start-server.js""",1108975616,1150803968,409,45,,false,2026-07-15T05:06:56.024Z,200,42,"""c7e0da1b5e634a8e5296ebb7cc90b0322af557a2aa1b1c6ab633e79026f3b527""",true,304,true,true,1,1151,1150,0,6,12,12,26,,,true,2026-07-15T05:07:56.055Z,304,9,"""9d25965efa228d221a770301172b03ed5966dabc""",true,304,true,false,,0,0,0,,,1,0
397,2026-07-15T05:08:05.318Z,3970,743,17352,node,2026-07-15T03:50:49.6682453Z,"""C:\Program Files\nodejs\node.exe"" ""D:\typhoon boss radar\node_modules\next\dist\server\lib\start-server.js""",1108975616,1150803968,409,45,,false,2026-07-15T05:06:56.024Z,200,42,"""c7e0da1b5e634a8e5296ebb7cc90b0322af557a2aa1b1c6ab633e79026f3b527""",true,304,true,true,1,1151,1150,0,6,12,12,26,,,true,2026-07-15T05:08:06.051Z,304,11,"""9d25965efa228d221a770301172b03ed5966dabc""",true,304,true,false,,0,0,0,,,1,0
398,2026-07-15T05:08:15.310Z,3980,762,17352,node,2026-07-15T03:50:49.6682453Z,"""C:\Program Files\nodejs\node.exe"" ""D:\typhoon boss radar\node_modules\next\dist\server\lib\start-server.js""",1108975616,1150803968,409,45,,false,2026-07-15T05:06:56.024Z,200,42,"""c7e0da1b5e634a8e5296ebb7cc90b0322af557a2aa1b1c6ab633e79026f3b527""",true,304,true,true,1,1151,1150,0,6,12,12,26,,,true,2026-07-15T05:08:16.062Z,304,10,"""9d25965efa228d221a770301172b03ed5966dabc""",true,304,true,false,,0,0,0,,,1,0
399,2026-07-15T05:08:25.317Z,3990,742,17352,node,2026-07-15T03:50:49.6682453Z,"""C:\Program Files\nodejs\node.exe"" ""D:\typhoon boss radar\node_modules\next\dist\server\lib\start-server.js""",1108975616,1150803968,409,45,,false,2026-07-15T05:06:56.024Z,200,42,"""c7e0da1b5e634a8e5296ebb7cc90b0322af557a2aa1b1c6ab633e79026f3b527""",true,304,true,true,1,1151,1150,0,6,12,12,26,,,true,2026-07-15T05:08:26.050Z,304,9,"""9d25965efa228d221a770301172b03ed5966dabc""",true,304,true,false,,0,0,0,,,1,0
400,2026-07-15T05:08:35.322Z,4000,751,17352,node,2026-07-15T03:50:49.6682453Z,"""C:\Program Files\nodejs\node.exe"" ""D:\typhoon boss radar\node_modules\next\dist\server\lib\start-server.js""",1108975616,1150803968,409,45,,false,2026-07-15T05:06:56.024Z,200,42,"""c7e0da1b5e634a8e5296ebb7cc90b0322af557a2aa1b1c6ab633e79026f3b527""",true,304,true,true,1,1151,1150,0,6,12,12,26,,,true,2026-07-15T05:08:36.062Z,304,11,"""9d25965efa228d221a770301172b03ed5966dabc""",true,304,true,false,,0,0,0,,,1,0
401,2026-07-15T05:08:45.317Z,4010,724,17352,node,2026-07-15T03:50:49.6682453Z,"""C:\Program Files\nodejs\node.exe"" ""D:\typhoon boss radar\node_modules\next\dist\server\lib\start-server.js""",1109966848,1151799296,409,45,,false,2026-07-15T05:06:56.024Z,200,42,"""c7e0da1b5e634a8e5296ebb7cc90b0322af557a2aa1b1c6ab633e79026f3b527""",true,304,true,true,1,1151,1150,0,6,12,12,26,,,true,2026-07-15T05:08:46.033Z,304,9,"""9d25965efa228d221a770301172b03ed5966dabc""",true,304,true,false,,0,0,0,,,1,0
402,2026-07-15T05:08:55.319Z,4020,744,17352,node,2026-07-15T03:50:49.6682453Z,"""C:\Program Files\nodejs\node.exe"" ""D:\typhoon boss radar\node_modules\next\dist\server\lib\start-server.js""",1109966848,1151799296,409,45,,false,2026-07-15T05:06:56.024Z,200,42,"""c7e0da1b5e634a8e5296ebb7cc90b0322af557a2aa1b1c6ab633e79026f3b527""",true,304,true,true,1,1151,1150,0,6,12,12,26,,,true,2026-07-15T05:08:56.052Z,304,10,"""9d25965efa228d221a770301172b03ed5966dabc""",true,304,true,false,,0,0,0,,,1,0
403,2026-07-15T05:09:05.310Z,4030,714,17352,node,2026-07-15T03:50:49.6682453Z,"""C:\Program Files\nodejs\node.exe"" ""D:\typhoon boss radar\node_modules\next\dist\server\lib\start-server.js""",1109975040,1151799296,409,45,,false,2026-07-15T05:06:56.024Z,200,42,"""c7e0da1b5e634a8e5296ebb7cc90b0322af557a2aa1b1c6ab633e79026f3b527""",true,304,true,true,1,1151,1150,0,6,12,12,26,,,true,2026-07-15T05:09:06.016Z,304,9,"""9d25965efa228d221a770301172b03ed5966dabc""",true,304,true,false,,0,0,0,,,1,0
404,2026-07-15T05:09:15.311Z,4040,714,17352,node,2026-07-15T03:50:49.6682453Z,"""C:\Program Files\nodejs\node.exe"" ""D:\typhoon boss radar\node_modules\next\dist\server\lib\start-server.js""",1109975040,1151799296,409,45,,false,2026-07-15T05:06:56.024Z,200,42,"""c7e0da1b5e634a8e5296ebb7cc90b0322af557a2aa1b1c6ab633e79026f3b527""",true,304,true,true,1,1151,1150,0,6,12,12,26,,,true,2026-07-15T05:09:16.014Z,304,10,"""9d25965efa228d221a770301172b03ed5966dabc""",true,304,true,false,,0,0,0,,,1,0
405,2026-07-15T05:09:25.318Z,4050,753,17352,node,2026-07-15T03:50:49.6682453Z,"""C:\Program Files\nodejs\node.exe"" ""D:\typhoon boss radar\node_modules\next\dist\server\lib\start-server.js""",1109975040,1151799296,409,45,,false,2026-07-15T05:06:56.024Z,200,42,"""c7e0da1b5e634a8e5296ebb7cc90b0322af557a2aa1b1c6ab633e79026f3b527""",true,304,true,true,1,1151,1150,0,6,12,12,26,,,true,2026-07-15T05:09:26.060Z,304,10,"""9d25965efa228d221a770301172b03ed5966dabc""",true,304,true,false,,0,0,0,,,1,0
406,2026-07-15T05:09:35.325Z,4060,702,17352,node,2026-07-15T03:50:49.6682453Z,"""C:\Program Files\nodejs\node.exe"" ""D:\typhoon boss radar\node_modules\next\dist\server\lib\start-server.js""",1109975040,1151799296,409,45,,false,2026-07-15T05:06:56.024Z,200,42,"""c7e0da1b5e634a8e5296ebb7cc90b0322af557a2aa1b1c6ab633e79026f3b527""",true,304,true,true,1,1151,1150,0,6,12,12,26,,,true,2026-07-15T05:09:36.016Z,304,10,"""9d25965efa228d221a770301172b03ed5966dabc""",true,304,true,false,,0,0,0,,,1,0
407,2026-07-15T05:09:45.314Z,4070,739,17352,node,2026-07-15T03:50:49.6682453Z,"""C:\Program Files\nodejs\node.exe"" ""D:\typhoon boss radar\node_modules\next\dist\server\lib\start-server.js""",1109975040,1151799296,409,45,,false,2026-07-15T05:06:56.024Z,200,42,"""c7e0da1b5e634a8e5296ebb7cc90b0322af557a2aa1b1c6ab633e79026f3b527""",true,304,true,true,1,1151,1150,0,6,12,12,26,,,true,2026-07-15T05:09:46.042Z,304,11,"""9d25965efa228d221a770301172b03ed5966dabc""",true,304,true,false,,0,0,0,,,1,0
408,2026-07-15T05:09:55.317Z,4080,748,17352,node,2026-07-15T03:50:49.6682453Z,"""C:\Program Files\nodejs\node.exe"" ""D:\typhoon boss radar\node_modules\next\dist\server\lib\start-server.js""",1109975040,1151799296,409,45,,false,2026-07-15T05:06:56.024Z,200,42,"""c7e0da1b5e634a8e5296ebb7cc90b0322af557a2aa1b1c6ab633e79026f3b527""",true,304,true,true,1,1151,1150,0,6,12,12,26,,,true,2026-07-15T05:09:56.055Z,304,10,"""9d25965efa228d221a770301172b03ed5966dabc""",true,304,true,false,,0,0,0,,,1,0
409,2026-07-15T05:10:05.320Z,4090,779,17352,node,2026-07-15T03:50:49.6682453Z,"""C:\Program Files\nodejs\node.exe"" ""D:\typhoon boss radar\node_modules\next\dist\server\lib\start-server.js""",1109975040,1151799296,409,45,,false,2026-07-15T05:06:56.024Z,200,42,"""c7e0da1b5e634a8e5296ebb7cc90b0322af557a2aa1b1c6ab633e79026f3b527""",true,304,true,true,1,1151,1150,0,6,12,12,26,,,true,2026-07-15T05:10:06.070Z,200,29,"""8957aa24018b5cf60733c9877e3958e270fe2ca0""",true,304,true,true,,0,0,0,,,1,0
410,2026-07-15T05:10:15.324Z,4100,746,17352,node,2026-07-15T03:50:49.6682453Z,"""C:\Program Files\nodejs\node.exe"" ""D:\typhoon boss radar\node_modules\next\dist\server\lib\start-server.js""",1111941120,1153777664,409,45,,false,2026-07-15T05:06:56.024Z,200,42,"""c7e0da1b5e634a8e5296ebb7cc90b0322af557a2aa1b1c6ab633e79026f3b527""",true,304,true,true,1,1151,1150,0,6,12,12,26,,,true,2026-07-15T05:10:16.060Z,304,10,"""8957aa24018b5cf60733c9877e3958e270fe2ca0""",true,304,true,false,,0,0,0,,,1,0
411,2026-07-15T05:10:25.318Z,4110,741,17352,node,2026-07-15T03:50:49.6682453Z,"""C:\Program Files\nodejs\node.exe"" ""D:\typhoon boss radar\node_modules\next\dist\server\lib\start-server.js""",1111941120,1153777664,409,45,,false,2026-07-15T05:06:56.024Z,200,42,"""c7e0da1b5e634a8e5296ebb7cc90b0322af557a2aa1b1c6ab633e79026f3b527""",true,304,true,true,1,1151,1150,0,6,12,12,26,,,true,2026-07-15T05:10:26.050Z,304,10,"""8957aa24018b5cf60733c9877e3958e270fe2ca0""",true,304,true,false,,0,0,0,,,1,0
412,2026-07-15T05:10:35.315Z,4120,729,17352,node,2026-07-15T03:50:49.6682453Z,"""C:\Program Files\nodejs\node.exe"" ""D:\typhoon boss radar\node_modules\next\dist\server\lib\start-server.js""",1111941120,1153777664,409,45,,false,2026-07-15T05:06:56.024Z,200,42,"""c7e0da1b5e634a8e5296ebb7cc90b0322af557a2aa1b1c6ab633e79026f3b527""",true,304,true,true,1,1151,1150,0,6,12,12,26,,,true,2026-07-15T05:10:36.034Z,304,11,"""8957aa24018b5cf60733c9877e3958e270fe2ca0""",true,304,true,false,,0,0,0,,,1,0
413,2026-07-15T05:10:45.316Z,4130,732,17352,node,2026-07-15T03:50:49.6682453Z,"""C:\Program Files\nodejs\node.exe"" ""D:\typhoon boss radar\node_modules\next\dist\server\lib\start-server.js""",1111941120,1153777664,409,45,,false,2026-07-15T05:06:56.024Z,200,42,"""c7e0da1b5e634a8e5296ebb7cc90b0322af557a2aa1b1c6ab633e79026f3b527""",true,304,true,true,1,1151,1150,0,6,12,12,26,,,true,2026-07-15T05:10:46.038Z,304,10,"""8957aa24018b5cf60733c9877e3958e270fe2ca0""",true,304,true,false,,0,0,0,,,1,0
414,2026-07-15T05:10:55.315Z,4140,794,17352,node,2026-07-15T03:50:49.6682453Z,"""C:\Program Files\nodejs\node.exe"" ""D:\typhoon boss radar\node_modules\next\dist\server\lib\start-server.js""",1111945216,1153781760,409,45,,false,2026-07-15T05:06:56.024Z,200,42,"""c7e0da1b5e634a8e5296ebb7cc90b0322af557a2aa1b1c6ab633e79026f3b527""",true,304,true,true,1,1151,1150,0,6,12,12,26,,,true,2026-07-15T05:10:56.098Z,304,10,"""8957aa24018b5cf60733c9877e3958e270fe2ca0""",true,304,true,false,,0,0,0,,,1,0
415,2026-07-15T05:11:05.321Z,4150,775,17352,node,2026-07-15T03:50:49.6682453Z,"""C:\Program Files\nodejs\node.exe"" ""D:\typhoon boss radar\node_modules\next\dist\server\lib\start-server.js""",1112014848,1153847296,409,45,,false,2026-07-15T05:06:56.024Z,200,42,"""c7e0da1b5e634a8e5296ebb7cc90b0322af557a2aa1b1c6ab633e79026f3b527""",true,304,true,true,1,1151,1150,0,6,12,12,26,,,true,2026-07-15T05:11:06.086Z,304,10,"""8957aa24018b5cf60733c9877e3958e270fe2ca0""",true,304,true,false,,0,0,0,,,1,0
416,2026-07-15T05:11:15.322Z,4160,795,17352,node,2026-07-15T03:50:49.6682453Z,"""C:\Program Files\nodejs\node.exe"" ""D:\typhoon boss radar\node_modules\next\dist\server\lib\start-server.js""",1112014848,1153847296,409,45,,false,2026-07-15T05:06:56.024Z,200,42,"""c7e0da1b5e634a8e5296ebb7cc90b0322af557a2aa1b1c6ab633e79026f3b527""",true,304,true,true,1,1151,1150,0,6,12,12,26,,,true,2026-07-15T05:11:16.107Z,304,10,"""8957aa24018b5cf60733c9877e3958e270fe2ca0""",true,304,true,false,,0,0,0,,,1,0
417,2026-07-15T05:11:25.321Z,4170,777,17352,node,2026-07-15T03:50:49.6682453Z,"""C:\Program Files\nodejs\node.exe"" ""D:\typhoon boss radar\node_modules\next\dist\server\lib\start-server.js""",1112014848,1153847296,409,45,,false,2026-07-15T05:06:56.024Z,200,42,"""c7e0da1b5e634a8e5296ebb7cc90b0322af557a2aa1b1c6ab633e79026f3b527""",true,304,true,true,1,1151,1150,0,6,12,12,26,,,true,2026-07-15T05:11:26.088Z,304,10,"""8957aa24018b5cf60733c9877e3958e270fe2ca0""",true,304,true,false,,0,0,0,,,1,0
418,2026-07-15T05:11:35.310Z,4180,812,17352,node,2026-07-15T03:50:49.6682453Z,"""C:\Program Files\nodejs\node.exe"" ""D:\typhoon boss radar\node_modules\next\dist\server\lib\start-server.js""",1112014848,1153847296,409,45,,false,2026-07-15T05:06:56.024Z,200,42,"""c7e0da1b5e634a8e5296ebb7cc90b0322af557a2aa1b1c6ab633e79026f3b527""",true,304,true,true,1,1151,1150,0,6,12,12,26,,,true,2026-07-15T05:11:36.112Z,304,10,"""8957aa24018b5cf60733c9877e3958e270fe2ca0""",true,304,true,false,,0,0,0,,,1,0
419,2026-07-15T05:11:45.311Z,4190,823,17352,node,2026-07-15T03:50:49.6682453Z,"""C:\Program Files\nodejs\node.exe"" ""D:\typhoon boss radar\node_modules\next\dist\server\lib\start-server.js""",1112018944,1153847296,409,45,,false,2026-07-15T05:06:56.024Z,200,42,"""c7e0da1b5e634a8e5296ebb7cc90b0322af557a2aa1b1c6ab633e79026f3b527""",true,304,true,true,1,1151,1150,0,6,12,12,26,,,true,2026-07-15T05:11:46.124Z,304,10,"""8957aa24018b5cf60733c9877e3958e270fe2ca0""",true,304,true,false,,0,0,0,,,1,0
420,2026-07-15T05:11:55.311Z,4200,831,17352,node,2026-07-15T03:50:49.6682453Z,"""C:\Program Files\nodejs\node.exe"" ""D:\typhoon boss radar\node_modules\next\dist\server\lib\start-server.js""",1112084480,1153912832,409,45,,true,2026-07-15T05:11:56.078Z,200,52,"""df2d91c59a0b7d74253ddee1a2910581025529979fac97e51f7ac5486d7c0f61""",true,304,true,true,1,1150,1149,0,6,12,12,26,,,true,2026-07-15T05:11:56.134Z,304,8,"""8957aa24018b5cf60733c9877e3958e270fe2ca0""",true,304,true,false,,0,0,0,,,1,0
421,2026-07-15T05:12:05.314Z,4210,812,17352,node,2026-07-15T03:50:49.6682453Z,"""C:\Program Files\nodejs\node.exe"" ""D:\typhoon boss radar\node_modules\next\dist\server\lib\start-server.js""",1122459648,1164738560,409,45,,false,2026-07-15T05:11:56.078Z,200,52,"""df2d91c59a0b7d74253ddee1a2910581025529979fac97e51f7ac5486d7c0f61""",true,304,true,true,1,1150,1149,0,6,12,12,26,,,true,2026-07-15T05:12:06.116Z,304,9,"""8957aa24018b5cf60733c9877e3958e270fe2ca0""",true,304,true,false,,0,0,0,,,1,0
422,2026-07-15T05:12:15.311Z,4220,762,17352,node,2026-07-15T03:50:49.6682453Z,"""C:\Program Files\nodejs\node.exe"" ""D:\typhoon boss radar\node_modules\next\dist\server\lib\start-server.js""",1122459648,1164738560,409,45,,false,2026-07-15T05:11:56.078Z,200,52,"""df2d91c59a0b7d74253ddee1a2910581025529979fac97e51f7ac5486d7c0f61""",true,304,true,true,1,1150,1149,0,6,12,12,26,,,true,2026-07-15T05:12:16.063Z,304,11,"""8957aa24018b5cf60733c9877e3958e270fe2ca0""",true,304,true,false,,0,0,0,,,1,0
423,2026-07-15T05:12:25.323Z,4230,781,17352,node,2026-07-15T03:50:49.6682453Z,"""C:\Program Files\nodejs\node.exe"" ""D:\typhoon boss radar\node_modules\next\dist\server\lib\start-server.js""",1117704192,1159794688,409,45,,false,2026-07-15T05:11:56.078Z,200,52,"""df2d91c59a0b7d74253ddee1a2910581025529979fac97e51f7ac5486d7c0f61""",true,304,true,true,1,1150,1149,0,6,12,12,26,,,true,2026-07-15T05:12:26.095Z,304,9,"""8957aa24018b5cf60733c9877e3958e270fe2ca0""",true,304,true,false,,0,0,0,,,1,0
424,2026-07-15T05:12:35.320Z,4240,779,17352,node,2026-07-15T03:50:49.6682453Z,"""C:\Program Files\nodejs\node.exe"" ""D:\typhoon boss radar\node_modules\next\dist\server\lib\start-server.js""",1117769728,1159860224,409,45,,false,2026-07-15T05:11:56.078Z,200,52,"""df2d91c59a0b7d74253ddee1a2910581025529979fac97e51f7ac5486d7c0f61""",true,304,true,true,1,1150,1149,0,6,12,12,26,,,true,2026-07-15T05:12:36.090Z,304,10,"""8957aa24018b5cf60733c9877e3958e270fe2ca0""",true,304,true,false,,0,0,0,,,1,0
425,2026-07-15T05:12:45.319Z,4250,764,17352,node,2026-07-15T03:50:49.6682453Z,"""C:\Program Files\nodejs\node.exe"" ""D:\typhoon boss radar\node_modules\next\dist\server\lib\start-server.js""",1117769728,1159860224,409,45,,false,2026-07-15T05:11:56.078Z,200,52,"""df2d91c59a0b7d74253ddee1a2910581025529979fac97e51f7ac5486d7c0f61""",true,304,true,true,1,1150,1149,0,6,12,12,26,,,true,2026-07-15T05:12:46.071Z,304,11,"""8957aa24018b5cf60733c9877e3958e270fe2ca0""",true,304,true,false,,0,0,0,,,1,0
426,2026-07-15T05:12:55.320Z,4260,773,17352,node,2026-07-15T03:50:49.6682453Z,"""C:\Program Files\nodejs\node.exe"" ""D:\typhoon boss radar\node_modules\next\dist\server\lib\start-server.js""",1121505280,1163612160,409,45,,false,2026-07-15T05:11:56.078Z,200,52,"""df2d91c59a0b7d74253ddee1a2910581025529979fac97e51f7ac5486d7c0f61""",true,304,true,true,1,1150,1149,0,6,12,12,26,,,true,2026-07-15T05:12:56.084Z,304,9,"""8957aa24018b5cf60733c9877e3958e270fe2ca0""",true,304,true,false,,0,0,0,,,1,0
427,2026-07-15T05:13:05.310Z,4270,810,17352,node,2026-07-15T03:50:49.6682453Z,"""C:\Program Files\nodejs\node.exe"" ""D:\typhoon boss radar\node_modules\next\dist\server\lib\start-server.js""",1121505280,1163612160,409,45,,false,2026-07-15T05:11:56.078Z,200,52,"""df2d91c59a0b7d74253ddee1a2910581025529979fac97e51f7ac5486d7c0f61""",true,304,true,true,1,1150,1149,0,6,12,12,26,,,true,2026-07-15T05:13:06.111Z,304,10,"""8957aa24018b5cf60733c9877e3958e270fe2ca0""",true,304,true,false,,0,0,0,,,1,0
428,2026-07-15T05:13:15.311Z,4280,763,17352,node,2026-07-15T03:50:49.6682453Z,"""C:\Program Files\nodejs\node.exe"" ""D:\typhoon boss radar\node_modules\next\dist\server\lib\start-server.js""",1121505280,1163612160,409,45,,false,2026-07-15T05:11:56.078Z,200,52,"""df2d91c59a0b7d74253ddee1a2910581025529979fac97e51f7ac5486d7c0f61""",true,304,true,true,1,1150,1149,0,6,12,12,26,,,true,2026-07-15T05:13:16.064Z,304,9,"""8957aa24018b5cf60733c9877e3958e270fe2ca0""",true,304,true,false,,0,0,0,,,1,0
429,2026-07-15T05:13:25.313Z,4290,808,17352,node,2026-07-15T03:50:49.6682453Z,"""C:\Program Files\nodejs\node.exe"" ""D:\typhoon boss radar\node_modules\next\dist\server\lib\start-server.js""",1121570816,1163677696,409,45,,false,2026-07-15T05:11:56.078Z,200,52,"""df2d91c59a0b7d74253ddee1a2910581025529979fac97e51f7ac5486d7c0f61""",true,304,true,true,1,1150,1149,0,6,12,12,26,,,true,2026-07-15T05:13:26.110Z,304,11,"""8957aa24018b5cf60733c9877e3958e270fe2ca0""",true,304,true,false,,0,0,0,,,1,0
430,2026-07-15T05:13:35.320Z,4300,777,17352,node,2026-07-15T03:50:49.6682453Z,"""C:\Program Files\nodejs\node.exe"" ""D:\typhoon boss radar\node_modules\next\dist\server\lib\start-server.js""",1121595392,1163702272,409,45,,false,2026-07-15T05:11:56.078Z,200,52,"""df2d91c59a0b7d74253ddee1a2910581025529979fac97e51f7ac5486d7c0f61""",true,304,true,true,1,1150,1149,0,6,12,12,26,,,true,2026-07-15T05:13:36.088Z,304,9,"""8957aa24018b5cf60733c9877e3958e270fe2ca0""",true,304,true,false,,0,0,0,,,1,0
431,2026-07-15T05:13:45.318Z,4310,770,17352,node,2026-07-15T03:50:49.6682453Z,"""C:\Program Files\nodejs\node.exe"" ""D:\typhoon boss radar\node_modules\next\dist\server\lib\start-server.js""",1121595392,1163702272,409,45,,false,2026-07-15T05:11:56.078Z,200,52,"""df2d91c59a0b7d74253ddee1a2910581025529979fac97e51f7ac5486d7c0f61""",true,304,true,true,1,1150,1149,0,6,12,12,26,,,true,2026-07-15T05:13:46.079Z,304,9,"""8957aa24018b5cf60733c9877e3958e270fe2ca0""",true,304,true,false,,0,0,0,,,1,0
432,2026-07-15T05:13:55.310Z,4320,810,17352,node,2026-07-15T03:50:49.6682453Z,"""C:\Program Files\nodejs\node.exe"" ""D:\typhoon boss radar\node_modules\next\dist\server\lib\start-server.js""",1121595392,1163702272,409,45,,false,2026-07-15T05:11:56.078Z,200,52,"""df2d91c59a0b7d74253ddee1a2910581025529979fac97e51f7ac5486d7c0f61""",true,304,true,true,1,1150,1149,0,6,12,12,26,,,true,2026-07-15T05:13:56.111Z,304,10,"""8957aa24018b5cf60733c9877e3958e270fe2ca0""",true,304,true,false,,0,0,0,,,1,0
433,2026-07-15T05:14:05.311Z,4330,832,17352,node,2026-07-15T03:50:49.6682453Z,"""C:\Program Files\nodejs\node.exe"" ""D:\typhoon boss radar\node_modules\next\dist\server\lib\start-server.js""",1121595392,1163702272,409,45,,false,2026-07-15T05:11:56.078Z,200,52,"""df2d91c59a0b7d74253ddee1a2910581025529979fac97e51f7ac5486d7c0f61""",true,304,true,true,1,1150,1149,0,6,12,12,26,,,true,2026-07-15T05:14:06.112Z,200,32,"""ab8c9dac4223381be0d6adffeb1d6c0924e2982f""",true,304,true,true,,0,0,0,,,1,0
434,2026-07-15T05:14:15.323Z,4340,728,17352,node,2026-07-15T03:50:49.6682453Z,"""C:\Program Files\nodejs\node.exe"" ""D:\typhoon boss radar\node_modules\next\dist\server\lib\start-server.js""",1114279936,1156096000,409,45,,false,2026-07-15T05:11:56.078Z,200,52,"""df2d91c59a0b7d74253ddee1a2910581025529979fac97e51f7ac5486d7c0f61""",true,304,true,true,1,1150,1149,0,6,12,12,26,,,true,2026-07-15T05:14:16.040Z,304,11,"""ab8c9dac4223381be0d6adffeb1d6c0924e2982f""",true,304,true,false,,0,0,0,,,1,0
435,2026-07-15T05:14:25.316Z,4350,727,17352,node,2026-07-15T03:50:49.6682453Z,"""C:\Program Files\nodejs\node.exe"" ""D:\typhoon boss radar\node_modules\next\dist\server\lib\start-server.js""",1114279936,1156096000,409,45,,false,2026-07-15T05:11:56.078Z,200,52,"""df2d91c59a0b7d74253ddee1a2910581025529979fac97e51f7ac5486d7c0f61""",true,304,true,true,1,1150,1149,0,6,12,12,26,,,true,2026-07-15T05:14:26.033Z,304,10,"""ab8c9dac4223381be0d6adffeb1d6c0924e2982f""",true,304,true,false,,0,0,0,,,1,0
436,2026-07-15T05:14:35.310Z,4360,745,17352,node,2026-07-15T03:50:49.6682453Z,"""C:\Program Files\nodejs\node.exe"" ""D:\typhoon boss radar\node_modules\next\dist\server\lib\start-server.js""",1114542080,1156366336,409,45,,false,2026-07-15T05:11:56.078Z,200,52,"""df2d91c59a0b7d74253ddee1a2910581025529979fac97e51f7ac5486d7c0f61""",true,304,true,true,1,1150,1149,0,6,12,12,26,,,true,2026-07-15T05:14:36.046Z,304,9,"""ab8c9dac4223381be0d6adffeb1d6c0924e2982f""",true,304,true,false,,0,0,0,,,1,0
437,2026-07-15T05:14:45.323Z,4370,822,17352,node,2026-07-15T03:50:49.6682453Z,"""C:\Program Files\nodejs\node.exe"" ""D:\typhoon boss radar\node_modules\next\dist\server\lib\start-server.js""",1114542080,1156366336,409,45,,false,2026-07-15T05:11:56.078Z,200,52,"""df2d91c59a0b7d74253ddee1a2910581025529979fac97e51f7ac5486d7c0f61""",true,304,true,true,1,1150,1149,0,6,12,12,26,,,true,2026-07-15T05:14:46.135Z,304,10,"""ab8c9dac4223381be0d6adffeb1d6c0924e2982f""",true,304,true,false,,0,0,0,,,1,0
438,2026-07-15T05:14:55.320Z,4380,706,17352,node,2026-07-15T03:50:49.6682453Z,"""C:\Program Files\nodejs\node.exe"" ""D:\typhoon boss radar\node_modules\next\dist\server\lib\start-server.js""",1115066368,1156902912,409,45,,false,2026-07-15T05:11:56.078Z,200,52,"""df2d91c59a0b7d74253ddee1a2910581025529979fac97e51f7ac5486d7c0f61""",true,304,true,true,1,1150,1149,0,6,12,12,26,,,true,2026-07-15T05:14:56.015Z,304,10,"""ab8c9dac4223381be0d6adffeb1d6c0924e2982f""",true,304,true,false,,0,0,0,,,1,0
439,2026-07-15T05:15:05.317Z,4390,730,17352,node,2026-07-15T03:50:49.6682453Z,"""C:\Program Files\nodejs\node.exe"" ""D:\typhoon boss radar\node_modules\next\dist\server\lib\start-server.js""",1115136000,1156968448,409,45,,false,2026-07-15T05:11:56.078Z,200,52,"""df2d91c59a0b7d74253ddee1a2910581025529979fac97e51f7ac5486d7c0f61""",true,304,true,true,1,1150,1149,0,6,12,12,26,,,true,2026-07-15T05:15:06.036Z,304,10,"""ab8c9dac4223381be0d6adffeb1d6c0924e2982f""",true,304,true,false,,0,0,0,,,1,0
440,2026-07-15T05:15:15.319Z,4400,763,17352,node,2026-07-15T03:50:49.6682453Z,"""C:\Program Files\nodejs\node.exe"" ""D:\typhoon boss radar\node_modules\next\dist\server\lib\start-server.js""",1115136000,1156968448,409,45,,false,2026-07-15T05:11:56.078Z,200,52,"""df2d91c59a0b7d74253ddee1a2910581025529979fac97e51f7ac5486d7c0f61""",true,304,true,true,1,1150,1149,0,6,12,12,26,,,true,2026-07-15T05:15:16.073Z,304,9,"""ab8c9dac4223381be0d6adffeb1d6c0924e2982f""",true,304,true,false,,0,0,0,,,1,0
441,2026-07-15T05:15:25.313Z,4410,733,17352,node,2026-07-15T03:50:49.6682453Z,"""C:\Program Files\nodejs\node.exe"" ""D:\typhoon boss radar\node_modules\next\dist\server\lib\start-server.js""",1115136000,1156968448,409,45,,false,2026-07-15T05:11:56.078Z,200,52,"""df2d91c59a0b7d74253ddee1a2910581025529979fac97e51f7ac5486d7c0f61""",true,304,true,true,1,1150,1149,0,6,12,12,26,,,true,2026-07-15T05:15:26.035Z,304,11,"""ab8c9dac4223381be0d6adffeb1d6c0924e2982f""",true,304,true,false,,0,0,0,,,1,0
442,2026-07-15T05:15:35.315Z,4420,762,17352,node,2026-07-15T03:50:49.6682453Z,"""C:\Program Files\nodejs\node.exe"" ""D:\typhoon boss radar\node_modules\next\dist\server\lib\start-server.js""",1115148288,1156968448,409,45,,false,2026-07-15T05:11:56.078Z,200,52,"""df2d91c59a0b7d74253ddee1a2910581025529979fac97e51f7ac5486d7c0f61""",true,304,true,true,1,1150,1149,0,6,12,12,26,,,true,2026-07-15T05:15:36.066Z,304,10,"""ab8c9dac4223381be0d6adffeb1d6c0924e2982f""",true,304,true,false,,0,0,0,,,1,0
443,2026-07-15T05:15:45.325Z,4430,798,17352,node,2026-07-15T03:50:49.6682453Z,"""C:\Program Files\nodejs\node.exe"" ""D:\typhoon boss radar\node_modules\next\dist\server\lib\start-server.js""",1116131328,1157959680,409,45,,false,2026-07-15T05:11:56.078Z,200,52,"""df2d91c59a0b7d74253ddee1a2910581025529979fac97e51f7ac5486d7c0f61""",true,304,true,true,1,1150,1149,0,6,12,12,26,,,true,2026-07-15T05:15:46.113Z,304,10,"""ab8c9dac4223381be0d6adffeb1d6c0924e2982f""",true,304,true,false,,0,0,0,,,1,0
444,2026-07-15T05:15:55.315Z,4440,756,17352,node,2026-07-15T03:50:49.6682453Z,"""C:\Program Files\nodejs\node.exe"" ""D:\typhoon boss radar\node_modules\next\dist\server\lib\start-server.js""",1116196864,1158025216,409,45,,false,2026-07-15T05:11:56.078Z,200,52,"""df2d91c59a0b7d74253ddee1a2910581025529979fac97e51f7ac5486d7c0f61""",true,304,true,true,1,1150,1149,0,6,12,12,26,,,true,2026-07-15T05:15:56.060Z,304,10,"""ab8c9dac4223381be0d6adffeb1d6c0924e2982f""",true,304,true,false,,0,0,0,,,1,0
445,2026-07-15T05:16:05.322Z,4450,758,17352,node,2026-07-15T03:50:49.6682453Z,"""C:\Program Files\nodejs\node.exe"" ""D:\typhoon boss radar\node_modules\next\dist\server\lib\start-server.js""",1116200960,1158029312,409,45,,false,2026-07-15T05:11:56.078Z,200,52,"""df2d91c59a0b7d74253ddee1a2910581025529979fac97e51f7ac5486d7c0f61""",true,304,true,true,1,1150,1149,0,6,12,12,26,,,true,2026-07-15T05:16:06.070Z,304,10,"""ab8c9dac4223381be0d6adffeb1d6c0924e2982f""",true,304,true,false,,0,0,0,,,1,0
446,2026-07-15T05:16:15.314Z,4460,755,17352,node,2026-07-15T03:50:49.6682453Z,"""C:\Program Files\nodejs\node.exe"" ""D:\typhoon boss radar\node_modules\next\dist\server\lib\start-server.js""",1116217344,1158295552,409,45,,false,2026-07-15T05:11:56.078Z,200,52,"""df2d91c59a0b7d74253ddee1a2910581025529979fac97e51f7ac5486d7c0f61""",true,304,true,true,1,1150,1149,0,6,12,12,26,,,true,2026-07-15T05:16:16.058Z,304,10,"""ab8c9dac4223381be0d6adffeb1d6c0924e2982f""",true,304,true,false,,0,0,0,,,1,0
447,2026-07-15T05:16:25.324Z,4470,779,17352,node,2026-07-15T03:50:49.6682453Z,"""C:\Program Files\nodejs\node.exe"" ""D:\typhoon boss radar\node_modules\next\dist\server\lib\start-server.js""",1116217344,1158295552,409,45,,false,2026-07-15T05:11:56.078Z,200,52,"""df2d91c59a0b7d74253ddee1a2910581025529979fac97e51f7ac5486d7c0f61""",true,304,true,true,1,1150,1149,0,6,12,12,26,,,true,2026-07-15T05:16:26.092Z,304,10,"""ab8c9dac4223381be0d6adffeb1d6c0924e2982f""",true,304,true,false,,0,0,0,,,1,0
448,2026-07-15T05:16:35.311Z,4480,731,17352,node,2026-07-15T03:50:49.6682453Z,"""C:\Program Files\nodejs\node.exe"" ""D:\typhoon boss radar\node_modules\next\dist\server\lib\start-server.js""",1116221440,1158295552,409,45,,false,2026-07-15T05:11:56.078Z,200,52,"""df2d91c59a0b7d74253ddee1a2910581025529979fac97e51f7ac5486d7c0f61""",true,304,true,true,1,1150,1149,0,6,12,12,26,,,true,2026-07-15T05:16:36.031Z,304,10,"""ab8c9dac4223381be0d6adffeb1d6c0924e2982f""",true,304,true,false,,0,0,0,,,1,0
449,2026-07-15T05:16:45.321Z,4490,745,17352,node,2026-07-15T03:50:49.6682453Z,"""C:\Program Files\nodejs\node.exe"" ""D:\typhoon boss radar\node_modules\next\dist\server\lib\start-server.js""",1116221440,1158295552,409,45,,false,2026-07-15T05:11:56.078Z,200,52,"""df2d91c59a0b7d74253ddee1a2910581025529979fac97e51f7ac5486d7c0f61""",true,304,true,true,1,1150,1149,0,6,12,12,26,,,true,2026-07-15T05:16:46.052Z,304,14,"""ab8c9dac4223381be0d6adffeb1d6c0924e2982f""",true,304,true,false,,0,0,0,,,1,0
450,2026-07-15T05:16:55.314Z,4500,810,17352,node,2026-07-15T03:50:49.6682453Z,"""C:\Program Files\nodejs\node.exe"" ""D:\typhoon boss radar\node_modules\next\dist\server\lib\start-server.js""",1116291072,1158361088,409,45,,true,2026-07-15T05:16:56.059Z,200,52,"""81b0119f0c2c4fbbae8aaf0e48d0b7b9ac15f9f9451557daf61e2609fdf1b592""",true,304,true,true,1,1155,1154,0,6,12,12,26,,,true,2026-07-15T05:16:56.115Z,304,9,"""ab8c9dac4223381be0d6adffeb1d6c0924e2982f""",true,304,true,false,,0,0,0,,,1,0
451,2026-07-15T05:17:05.310Z,4510,754,17352,node,2026-07-15T03:50:49.6682453Z,"""C:\Program Files\nodejs\node.exe"" ""D:\typhoon boss radar\node_modules\next\dist\server\lib\start-server.js""",1128656896,1171095552,409,45,,false,2026-07-15T05:16:56.059Z,200,52,"""81b0119f0c2c4fbbae8aaf0e48d0b7b9ac15f9f9451557daf61e2609fdf1b592""",true,304,true,true,1,1155,1154,0,6,12,12,26,,,true,2026-07-15T05:17:06.055Z,304,9,"""ab8c9dac4223381be0d6adffeb1d6c0924e2982f""",true,304,true,false,,0,0,0,,,1,0
452,2026-07-15T05:17:15.325Z,4520,720,17352,node,2026-07-15T03:50:49.6682453Z,"""C:\Program Files\nodejs\node.exe"" ""D:\typhoon boss radar\node_modules\next\dist\server\lib\start-server.js""",1129439232,1171095552,409,45,,false,2026-07-15T05:16:56.059Z,200,52,"""81b0119f0c2c4fbbae8aaf0e48d0b7b9ac15f9f9451557daf61e2609fdf1b592""",true,304,true,true,1,1155,1154,0,6,12,12,26,,,true,2026-07-15T05:17:16.035Z,304,10,"""ab8c9dac4223381be0d6adffeb1d6c0924e2982f""",true,304,true,false,,0,0,0,,,1,0
453,2026-07-15T05:17:25.314Z,4530,740,17352,node,2026-07-15T03:50:49.6682453Z,"""C:\Program Files\nodejs\node.exe"" ""D:\typhoon boss radar\node_modules\next\dist\server\lib\start-server.js""",1124982784,1166213120,409,45,,false,2026-07-15T05:16:56.059Z,200,52,"""81b0119f0c2c4fbbae8aaf0e48d0b7b9ac15f9f9451557daf61e2609fdf1b592""",true,304,true,true,1,1155,1154,0,6,12,12,26,,,true,2026-07-15T05:17:26.044Z,304,9,"""ab8c9dac4223381be0d6adffeb1d6c0924e2982f""",true,304,true,false,,0,0,0,,,1,0
454,2026-07-15T05:17:35.322Z,4540,756,17352,node,2026-07-15T03:50:49.6682453Z,"""C:\Program Files\nodejs\node.exe"" ""D:\typhoon boss radar\node_modules\next\dist\server\lib\start-server.js""",1124982784,1166213120,409,45,,false,2026-07-15T05:16:56.059Z,200,52,"""81b0119f0c2c4fbbae8aaf0e48d0b7b9ac15f9f9451557daf61e2609fdf1b592""",true,304,true,true,1,1155,1154,0,6,12,12,26,,,true,2026-07-15T05:17:36.068Z,304,9,"""ab8c9dac4223381be0d6adffeb1d6c0924e2982f""",true,304,true,false,,0,0,0,,,1,0
455,2026-07-15T05:17:45.322Z,4550,752,17352,node,2026-07-15T03:50:49.6682453Z,"""C:\Program Files\nodejs\node.exe"" ""D:\typhoon boss radar\node_modules\next\dist\server\lib\start-server.js""",1124995072,1166213120,409,45,,false,2026-07-15T05:16:56.059Z,200,52,"""81b0119f0c2c4fbbae8aaf0e48d0b7b9ac15f9f9451557daf61e2609fdf1b592""",true,304,true,true,1,1155,1154,0,6,12,12,26,,,true,2026-07-15T05:17:46.064Z,304,10,"""ab8c9dac4223381be0d6adffeb1d6c0924e2982f""",true,304,true,false,,0,0,0,,,1,0
456,2026-07-15T05:17:55.317Z,4560,759,17352,node,2026-07-15T03:50:49.6682453Z,"""C:\Program Files\nodejs\node.exe"" ""D:\typhoon boss radar\node_modules\next\dist\server\lib\start-server.js""",1124995072,1166213120,409,45,,false,2026-07-15T05:16:56.059Z,200,52,"""81b0119f0c2c4fbbae8aaf0e48d0b7b9ac15f9f9451557daf61e2609fdf1b592""",true,304,true,true,1,1155,1154,0,6,12,12,26,,,true,2026-07-15T05:17:56.066Z,304,10,"""ab8c9dac4223381be0d6adffeb1d6c0924e2982f""",true,304,true,false,,0,0,0,,,1,0
457,2026-07-15T05:18:05.318Z,4570,831,17352,node,2026-07-15T03:50:49.6682453Z,"""C:\Program Files\nodejs\node.exe"" ""D:\typhoon boss radar\node_modules\next\dist\server\lib\start-server.js""",1124995072,1166213120,409,45,,false,2026-07-15T05:16:56.059Z,200,52,"""81b0119f0c2c4fbbae8aaf0e48d0b7b9ac15f9f9451557daf61e2609fdf1b592""",true,304,true,true,1,1155,1154,0,6,12,12,26,,,true,2026-07-15T05:18:06.138Z,304,10,"""ab8c9dac4223381be0d6adffeb1d6c0924e2982f""",true,304,true,false,,0,0,0,,,1,0
458,2026-07-15T05:18:15.315Z,4580,777,17352,node,2026-07-15T03:50:49.6682453Z,"""C:\Program Files\nodejs\node.exe"" ""D:\typhoon boss radar\node_modules\next\dist\server\lib\start-server.js""",1125060608,1166278656,409,45,,false,2026-07-15T05:16:56.059Z,200,52,"""81b0119f0c2c4fbbae8aaf0e48d0b7b9ac15f9f9451557daf61e2609fdf1b592""",true,304,true,true,1,1155,1154,0,6,12,12,26,,,true,2026-07-15T05:18:16.063Z,200,29,"""f635a5035ea081e8111e341cf9709392e95d5e00""",true,304,true,true,,0,0,0,,,1,0
459,2026-07-15T05:18:25.312Z,4590,749,17352,node,2026-07-15T03:50:49.6682453Z,"""C:\Program Files\nodejs\node.exe"" ""D:\typhoon boss radar\node_modules\next\dist\server\lib\start-server.js""",1125060608,1166278656,409,45,,false,2026-07-15T05:16:56.059Z,200,52,"""81b0119f0c2c4fbbae8aaf0e48d0b7b9ac15f9f9451557daf61e2609fdf1b592""",true,304,true,true,1,1155,1154,0,6,12,12,26,,,true,2026-07-15T05:18:26.052Z,304,9,"""f635a5035ea081e8111e341cf9709392e95d5e00""",true,304,true,false,,0,0,0,,,1,0
460,2026-07-15T05:18:35.321Z,4600,754,17352,node,2026-07-15T03:50:49.6682453Z,"""C:\Program Files\nodejs\node.exe"" ""D:\typhoon boss radar\node_modules\next\dist\server\lib\start-server.js""",1125060608,1166278656,409,45,,false,2026-07-15T05:16:56.059Z,200,52,"""81b0119f0c2c4fbbae8aaf0e48d0b7b9ac15f9f9451557daf61e2609fdf1b592""",true,304,true,true,1,1155,1154,0,6,12,12,26,,,true,2026-07-15T05:18:36.064Z,304,10,"""f635a5035ea081e8111e341cf9709392e95d5e00""",true,304,true,false,,0,0,0,,,1,0
461,2026-07-15T05:18:45.317Z,4610,746,17352,node,2026-07-15T03:50:49.6682453Z,"""C:\Program Files\nodejs\node.exe"" ""D:\typhoon boss radar\node_modules\next\dist\server\lib\start-server.js""",1125126144,1166278656,409,45,,false,2026-07-15T05:16:56.059Z,200,52,"""81b0119f0c2c4fbbae8aaf0e48d0b7b9ac15f9f9451557daf61e2609fdf1b592""",true,304,true,true,1,1155,1154,0,6,12,12,26,,,true,2026-07-15T05:18:46.053Z,304,10,"""f635a5035ea081e8111e341cf9709392e95d5e00""",true,304,true,false,,0,0,0,,,1,0
462,2026-07-15T05:18:55.316Z,4620,714,17352,node,2026-07-15T03:50:49.6682453Z,"""C:\Program Files\nodejs\node.exe"" ""D:\typhoon boss radar\node_modules\next\dist\server\lib\start-server.js""",1125191680,1166344192,409,45,,false,2026-07-15T05:16:56.059Z,200,52,"""81b0119f0c2c4fbbae8aaf0e48d0b7b9ac15f9f9451557daf61e2609fdf1b592""",true,304,true,true,1,1155,1154,0,6,12,12,26,,,true,2026-07-15T05:18:56.021Z,304,9,"""f635a5035ea081e8111e341cf9709392e95d5e00""",true,304,true,false,,0,0,0,,,1,0
463,2026-07-15T05:19:05.313Z,4630,742,17352,node,2026-07-15T03:50:49.6682453Z,"""C:\Program Files\nodejs\node.exe"" ""D:\typhoon boss radar\node_modules\next\dist\server\lib\start-server.js""",1125191680,1166344192,409,45,,false,2026-07-15T05:16:56.059Z,200,52,"""81b0119f0c2c4fbbae8aaf0e48d0b7b9ac15f9f9451557daf61e2609fdf1b592""",true,304,true,true,1,1155,1154,0,6,12,12,26,,,true,2026-07-15T05:19:06.045Z,304,10,"""f635a5035ea081e8111e341cf9709392e95d5e00""",true,304,true,false,,0,0,0,,,1,0
464,2026-07-15T05:19:15.319Z,4640,757,17352,node,2026-07-15T03:50:49.6682453Z,"""C:\Program Files\nodejs\node.exe"" ""D:\typhoon boss radar\node_modules\next\dist\server\lib\start-server.js""",1125191680,1166344192,409,45,,false,2026-07-15T05:16:56.059Z,200,52,"""81b0119f0c2c4fbbae8aaf0e48d0b7b9ac15f9f9451557daf61e2609fdf1b592""",true,304,true,true,1,1155,1154,0,6,12,12,26,,,true,2026-07-15T05:19:16.065Z,304,10,"""f635a5035ea081e8111e341cf9709392e95d5e00""",true,304,true,false,,0,0,0,,,1,0
465,2026-07-15T05:19:25.310Z,4650,729,17352,node,2026-07-15T03:50:49.6682453Z,"""C:\Program Files\nodejs\node.exe"" ""D:\typhoon boss radar\node_modules\next\dist\server\lib\start-server.js""",1125191680,1166344192,409,45,,false,2026-07-15T05:16:56.059Z,200,52,"""81b0119f0c2c4fbbae8aaf0e48d0b7b9ac15f9f9451557daf61e2609fdf1b592""",true,304,true,true,1,1155,1154,0,6,12,12,26,,,true,2026-07-15T05:19:26.029Z,304,10,"""f635a5035ea081e8111e341cf9709392e95d5e00""",true,304,true,false,,0,0,0,,,1,0
466,2026-07-15T05:19:35.310Z,4660,747,17352,node,2026-07-15T03:50:49.6682453Z,"""C:\Program Files\nodejs\node.exe"" ""D:\typhoon boss radar\node_modules\next\dist\server\lib\start-server.js""",1125191680,1166344192,409,45,,false,2026-07-15T05:16:56.059Z,200,52,"""81b0119f0c2c4fbbae8aaf0e48d0b7b9ac15f9f9451557daf61e2609fdf1b592""",true,304,true,true,1,1155,1154,0,6,12,12,26,,,true,2026-07-15T05:19:36.047Z,304,10,"""f635a5035ea081e8111e341cf9709392e95d5e00""",true,304,true,false,,0,0,0,,,1,0
467,2026-07-15T05:19:45.315Z,4670,726,17352,node,2026-07-15T03:50:49.6682453Z,"""C:\Program Files\nodejs\node.exe"" ""D:\typhoon boss radar\node_modules\next\dist\server\lib\start-server.js""",1125191680,1166344192,409,45,,false,2026-07-15T05:16:56.059Z,200,52,"""81b0119f0c2c4fbbae8aaf0e48d0b7b9ac15f9f9451557daf61e2609fdf1b592""",true,304,true,true,1,1155,1154,0,6,12,12,26,,,true,2026-07-15T05:19:46.031Z,304,10,"""f635a5035ea081e8111e341cf9709392e95d5e00""",true,304,true,false,,0,0,0,,,1,0
468,2026-07-15T05:19:55.321Z,4680,775,17352,node,2026-07-15T03:50:49.6682453Z,"""C:\Program Files\nodejs\node.exe"" ""D:\typhoon boss radar\node_modules\next\dist\server\lib\start-server.js""",1125257216,1166409728,409,45,,false,2026-07-15T05:16:56.059Z,200,52,"""81b0119f0c2c4fbbae8aaf0e48d0b7b9ac15f9f9451557daf61e2609fdf1b592""",true,304,true,true,1,1155,1154,0,6,12,12,26,,,true,2026-07-15T05:19:56.085Z,304,11,"""f635a5035ea081e8111e341cf9709392e95d5e00""",true,304,true,false,,0,0,0,,,1,0
469,2026-07-15T05:20:05.320Z,4690,715,17352,node,2026-07-15T03:50:49.6682453Z,"""C:\Program Files\nodejs\node.exe"" ""D:\typhoon boss radar\node_modules\next\dist\server\lib\start-server.js""",1128992768,1170161664,409,45,,false,2026-07-15T05:16:56.059Z,200,52,"""81b0119f0c2c4fbbae8aaf0e48d0b7b9ac15f9f9451557daf61e2609fdf1b592""",true,304,true,true,1,1155,1154,0,6,12,12,26,,,true,2026-07-15T05:20:06.025Z,304,10,"""f635a5035ea081e8111e341cf9709392e95d5e00""",true,304,true,false,,0,0,0,,,1,0
470,2026-07-15T05:20:15.318Z,4700,727,17352,node,2026-07-15T03:50:49.6682453Z,"""C:\Program Files\nodejs\node.exe"" ""D:\typhoon boss radar\node_modules\next\dist\server\lib\start-server.js""",1128992768,1170161664,409,45,,false,2026-07-15T05:16:56.059Z,200,52,"""81b0119f0c2c4fbbae8aaf0e48d0b7b9ac15f9f9451557daf61e2609fdf1b592""",true,304,true,true,1,1155,1154,0,6,12,12,26,,,true,2026-07-15T05:20:16.035Z,304,10,"""f635a5035ea081e8111e341cf9709392e95d5e00""",true,304,true,false,,0,0,0,,,1,0
471,2026-07-15T05:20:25.319Z,4710,732,17352,node,2026-07-15T03:50:49.6682453Z,"""C:\Program Files\nodejs\node.exe"" ""D:\typhoon boss radar\node_modules\next\dist\server\lib\start-server.js""",1128992768,1170161664,409,45,,false,2026-07-15T05:16:56.059Z,200,52,"""81b0119f0c2c4fbbae8aaf0e48d0b7b9ac15f9f9451557daf61e2609fdf1b592""",true,304,true,true,1,1155,1154,0,6,12,12,26,,,true,2026-07-15T05:20:26.041Z,304,10,"""f635a5035ea081e8111e341cf9709392e95d5e00""",true,304,true,false,,0,0,0,,,1,0
472,2026-07-15T05:20:35.314Z,4720,755,17352,node,2026-07-15T03:50:49.6682453Z,"""C:\Program Files\nodejs\node.exe"" ""D:\typhoon boss radar\node_modules\next\dist\server\lib\start-server.js""",1128992768,1170161664,409,45,,false,2026-07-15T05:16:56.059Z,200,52,"""81b0119f0c2c4fbbae8aaf0e48d0b7b9ac15f9f9451557daf61e2609fdf1b592""",true,304,true,true,1,1155,1154,0,6,12,12,26,,,true,2026-07-15T05:20:36.059Z,304,11,"""f635a5035ea081e8111e341cf9709392e95d5e00""",true,304,true,false,,0,0,0,,,1,0
473,2026-07-15T05:20:45.314Z,4730,742,17352,node,2026-07-15T03:50:49.6682453Z,"""C:\Program Files\nodejs\node.exe"" ""D:\typhoon boss radar\node_modules\next\dist\server\lib\start-server.js""",1129058304,1170227200,409,45,,false,2026-07-15T05:16:56.059Z,200,52,"""81b0119f0c2c4fbbae8aaf0e48d0b7b9ac15f9f9451557daf61e2609fdf1b592""",true,304,true,true,1,1155,1154,0,6,12,12,26,,,true,2026-07-15T05:20:46.045Z,304,10,"""f635a5035ea081e8111e341cf9709392e95d5e00""",true,304,true,false,,0,0,0,,,1,0
474,2026-07-15T05:20:55.321Z,4740,773,17352,node,2026-07-15T03:50:49.6682453Z,"""C:\Program Files\nodejs\node.exe"" ""D:\typhoon boss radar\node_modules\next\dist\server\lib\start-server.js""",1129058304,1170227200,409,45,,false,2026-07-15T05:16:56.059Z,200,52,"""81b0119f0c2c4fbbae8aaf0e48d0b7b9ac15f9f9451557daf61e2609fdf1b592""",true,304,true,true,1,1155,1154,0,6,12,12,26,,,true,2026-07-15T05:20:56.084Z,304,10,"""f635a5035ea081e8111e341cf9709392e95d5e00""",true,304,true,false,,0,0,0,,,1,0
475,2026-07-15T05:21:05.312Z,4750,734,17352,node,2026-07-15T03:50:49.6682453Z,"""C:\Program Files\nodejs\node.exe"" ""D:\typhoon boss radar\node_modules\next\dist\server\lib\start-server.js""",1129058304,1170227200,409,45,,false,2026-07-15T05:16:56.059Z,200,52,"""81b0119f0c2c4fbbae8aaf0e48d0b7b9ac15f9f9451557daf61e2609fdf1b592""",true,304,true,true,1,1155,1154,0,6,12,12,26,,,true,2026-07-15T05:21:06.036Z,304,11,"""f635a5035ea081e8111e341cf9709392e95d5e00""",true,304,true,false,,0,0,0,,,1,0
476,2026-07-15T05:21:15.317Z,4760,737,17352,node,2026-07-15T03:50:49.6682453Z,"""C:\Program Files\nodejs\node.exe"" ""D:\typhoon boss radar\node_modules\next\dist\server\lib\start-server.js""",1129066496,1170227200,409,45,,false,2026-07-15T05:16:56.059Z,200,52,"""81b0119f0c2c4fbbae8aaf0e48d0b7b9ac15f9f9451557daf61e2609fdf1b592""",true,304,true,true,1,1155,1154,0,6,12,12,26,,,true,2026-07-15T05:21:16.043Z,304,10,"""f635a5035ea081e8111e341cf9709392e95d5e00""",true,304,true,false,,0,0,0,,,1,0
477,2026-07-15T05:21:25.312Z,4770,787,17352,node,2026-07-15T03:50:49.6682453Z,"""C:\Program Files\nodejs\node.exe"" ""D:\typhoon boss radar\node_modules\next\dist\server\lib\start-server.js""",1129066496,1170227200,409,45,,false,2026-07-15T05:16:56.059Z,200,52,"""81b0119f0c2c4fbbae8aaf0e48d0b7b9ac15f9f9451557daf61e2609fdf1b592""",true,304,true,true,1,1155,1154,0,6,12,12,26,,,true,2026-07-15T05:21:26.085Z,304,13,"""f635a5035ea081e8111e341cf9709392e95d5e00""",true,304,true,false,,0,0,0,,,1,0
478,2026-07-15T05:21:35.314Z,4780,780,17352,node,2026-07-15T03:50:49.6682453Z,"""C:\Program Files\nodejs\node.exe"" ""D:\typhoon boss radar\node_modules\next\dist\server\lib\start-server.js""",1038168064,1079132160,409,45,,false,2026-07-15T05:16:56.059Z,200,52,"""81b0119f0c2c4fbbae8aaf0e48d0b7b9ac15f9f9451557daf61e2609fdf1b592""",true,304,true,true,1,1155,1154,0,6,12,12,26,,,true,2026-07-15T05:21:36.082Z,304,12,"""f635a5035ea081e8111e341cf9709392e95d5e00""",true,304,true,false,,0,0,0,,,1,0
479,2026-07-15T05:21:45.319Z,4790,761,17352,node,2026-07-15T03:50:49.6682453Z,"""C:\Program Files\nodejs\node.exe"" ""D:\typhoon boss radar\node_modules\next\dist\server\lib\start-server.js""",1039441920,1082634240,409,45,,false,2026-07-15T05:16:56.059Z,200,52,"""81b0119f0c2c4fbbae8aaf0e48d0b7b9ac15f9f9451557daf61e2609fdf1b592""",true,304,true,true,1,1155,1154,0,6,12,12,26,,,true,2026-07-15T05:21:46.070Z,304,10,"""f635a5035ea081e8111e341cf9709392e95d5e00""",true,304,true,false,,0,0,0,,,1,0
480,2026-07-15T05:21:55.319Z,4800,781,17352,node,2026-07-15T03:50:49.6682453Z,"""C:\Program Files\nodejs\node.exe"" ""D:\typhoon boss radar\node_modules\next\dist\server\lib\start-server.js""",1040969728,1082941440,409,45,,true,2026-07-15T05:21:56.035Z,200,53,"""9caf0e9b49d211dda50f4c396369f9b90ecfcf622daf2aba21139031009bb0b0""",true,304,true,true,1,1160,1159,0,6,12,12,26,,,true,2026-07-15T05:21:56.092Z,304,8,"""f635a5035ea081e8111e341cf9709392e95d5e00""",true,304,true,false,,0,0,0,,,1,0
481,2026-07-15T05:22:05.315Z,4810,759,17352,node,2026-07-15T03:50:49.6682453Z,"""C:\Program Files\nodejs\node.exe"" ""D:\typhoon boss radar\node_modules\next\dist\server\lib\start-server.js""",1057271808,1105039360,409,45,,false,2026-07-15T05:21:56.035Z,200,53,"""9caf0e9b49d211dda50f4c396369f9b90ecfcf622daf2aba21139031009bb0b0""",true,304,true,true,1,1160,1159,0,6,12,12,26,,,true,2026-07-15T05:22:06.066Z,304,9,"""f635a5035ea081e8111e341cf9709392e95d5e00""",true,304,true,false,,0,0,0,,,1,0
482,2026-07-15T05:22:15.323Z,4820,747,17352,node,2026-07-15T03:50:49.6682453Z,"""C:\Program Files\nodejs\node.exe"" ""D:\typhoon boss radar\node_modules\next\dist\server\lib\start-server.js""",1058365440,1105305600,409,45,,false,2026-07-15T05:21:56.035Z,200,53,"""9caf0e9b49d211dda50f4c396369f9b90ecfcf622daf2aba21139031009bb0b0""",true,304,true,true,1,1160,1159,0,6,12,12,26,,,true,2026-07-15T05:22:16.060Z,304,10,"""f635a5035ea081e8111e341cf9709392e95d5e00""",true,304,true,false,,0,0,0,,,1,0
483,2026-07-15T05:22:25.319Z,4830,786,17352,node,2026-07-15T03:50:49.6682453Z,"""C:\Program Files\nodejs\node.exe"" ""D:\typhoon boss radar\node_modules\next\dist\server\lib\start-server.js""",1059651584,1104752640,409,45,,false,2026-07-15T05:21:56.035Z,200,53,"""9caf0e9b49d211dda50f4c396369f9b90ecfcf622daf2aba21139031009bb0b0""",true,304,true,true,1,1160,1159,0,6,12,12,26,,,true,2026-07-15T05:22:26.076Z,200,28,"""bb92fb243862a98711ad074b835aa75f68a2a1ce""",true,304,true,true,,0,0,0,,,1,0
484,2026-07-15T05:22:35.314Z,4840,767,17352,node,2026-07-15T03:50:49.6682453Z,"""C:\Program Files\nodejs\node.exe"" ""D:\typhoon boss radar\node_modules\next\dist\server\lib\start-server.js""",1059921920,1104752640,409,45,,false,2026-07-15T05:21:56.035Z,200,53,"""9caf0e9b49d211dda50f4c396369f9b90ecfcf622daf2aba21139031009bb0b0""",true,304,true,true,1,1160,1159,0,6,12,12,26,,,true,2026-07-15T05:22:36.070Z,304,10,"""bb92fb243862a98711ad074b835aa75f68a2a1ce""",true,304,true,false,,0,0,0,,,1,0
485,2026-07-15T05:22:45.314Z,4850,762,17352,node,2026-07-15T03:50:49.6682453Z,"""C:\Program Files\nodejs\node.exe"" ""D:\typhoon boss radar\node_modules\next\dist\server\lib\start-server.js""",1060904960,1105743872,409,45,,false,2026-07-15T05:21:56.035Z,200,53,"""9caf0e9b49d211dda50f4c396369f9b90ecfcf622daf2aba21139031009bb0b0""",true,304,true,true,1,1160,1159,0,6,12,12,26,,,true,2026-07-15T05:22:46.065Z,304,10,"""bb92fb243862a98711ad074b835aa75f68a2a1ce""",true,304,true,false,,0,0,0,,,1,0
486,2026-07-15T05:22:55.322Z,4860,730,17352,node,2026-07-15T03:50:49.6682453Z,"""C:\Program Files\nodejs\node.exe"" ""D:\typhoon boss radar\node_modules\next\dist\server\lib\start-server.js""",1060904960,1105743872,409,45,,false,2026-07-15T05:21:56.035Z,200,53,"""9caf0e9b49d211dda50f4c396369f9b90ecfcf622daf2aba21139031009bb0b0""",true,304,true,true,1,1160,1159,0,6,12,12,26,,,true,2026-07-15T05:22:56.042Z,304,10,"""bb92fb243862a98711ad074b835aa75f68a2a1ce""",true,304,true,false,,0,0,0,,,1,0
487,2026-07-15T05:23:05.314Z,4870,608,17352,node,2026-07-15T03:50:49.6682453Z,"""C:\Program Files\nodejs\node.exe"" ""D:\typhoon boss radar\node_modules\next\dist\server\lib\start-server.js""",1060909056,1105743872,409,45,,false,2026-07-15T05:21:56.035Z,200,53,"""9caf0e9b49d211dda50f4c396369f9b90ecfcf622daf2aba21139031009bb0b0""",true,304,true,true,1,1160,1159,0,6,12,12,26,,,true,2026-07-15T05:23:05.913Z,304,10,"""bb92fb243862a98711ad074b835aa75f68a2a1ce""",true,304,true,false,,0,0,0,,,1,0
488,2026-07-15T05:23:15.323Z,4880,708,17352,node,2026-07-15T03:50:49.6682453Z,"""C:\Program Files\nodejs\node.exe"" ""D:\typhoon boss radar\node_modules\next\dist\server\lib\start-server.js""",1060909056,1105743872,409,45,,false,2026-07-15T05:21:56.035Z,200,53,"""9caf0e9b49d211dda50f4c396369f9b90ecfcf622daf2aba21139031009bb0b0""",true,304,true,true,1,1160,1159,0,6,12,12,26,,,true,2026-07-15T05:23:16.020Z,304,10,"""bb92fb243862a98711ad074b835aa75f68a2a1ce""",true,304,true,false,,0,0,0,,,1,0
489,2026-07-15T05:23:25.311Z,4890,788,17352,node,2026-07-15T03:50:49.6682453Z,"""C:\Program Files\nodejs\node.exe"" ""D:\typhoon boss radar\node_modules\next\dist\server\lib\start-server.js""",1060909056,1105743872,409,45,,false,2026-07-15T05:21:56.035Z,200,53,"""9caf0e9b49d211dda50f4c396369f9b90ecfcf622daf2aba21139031009bb0b0""",true,304,true,true,1,1160,1159,0,6,12,12,26,,,true,2026-07-15T05:23:26.089Z,304,10,"""bb92fb243862a98711ad074b835aa75f68a2a1ce""",true,304,true,false,,0,0,0,,,1,0
490,2026-07-15T05:23:35.314Z,4900,712,17352,node,2026-07-15T03:50:49.6682453Z,"""C:\Program Files\nodejs\node.exe"" ""D:\typhoon boss radar\node_modules\next\dist\server\lib\start-server.js""",1060909056,1105743872,409,45,,false,2026-07-15T05:21:56.035Z,200,53,"""9caf0e9b49d211dda50f4c396369f9b90ecfcf622daf2aba21139031009bb0b0""",true,304,true,true,1,1160,1159,0,6,12,12,26,,,true,2026-07-15T05:23:36.016Z,304,10,"""bb92fb243862a98711ad074b835aa75f68a2a1ce""",true,304,true,false,,0,0,0,,,1,0
491,2026-07-15T05:23:45.319Z,4910,744,17352,node,2026-07-15T03:50:49.6682453Z,"""C:\Program Files\nodejs\node.exe"" ""D:\typhoon boss radar\node_modules\next\dist\server\lib\start-server.js""",1060909056,1105743872,409,45,,false,2026-07-15T05:21:56.035Z,200,53,"""9caf0e9b49d211dda50f4c396369f9b90ecfcf622daf2aba21139031009bb0b0""",true,304,true,true,1,1160,1159,0,6,12,12,26,,,true,2026-07-15T05:23:46.053Z,304,10,"""bb92fb243862a98711ad074b835aa75f68a2a1ce""",true,304,true,false,,0,0,0,,,1,0
492,2026-07-15T05:23:55.318Z,4920,776,17352,node,2026-07-15T03:50:49.6682453Z,"""C:\Program Files\nodejs\node.exe"" ""D:\typhoon boss radar\node_modules\next\dist\server\lib\start-server.js""",1060909056,1105743872,409,45,,false,2026-07-15T05:21:56.035Z,200,53,"""9caf0e9b49d211dda50f4c396369f9b90ecfcf622daf2aba21139031009bb0b0""",true,304,true,true,1,1160,1159,0,6,12,12,26,,,true,2026-07-15T05:23:56.085Z,304,10,"""bb92fb243862a98711ad074b835aa75f68a2a1ce""",true,304,true,false,,0,0,0,,,1,0
493,2026-07-15T05:24:05.311Z,4930,757,17352,node,2026-07-15T03:50:49.6682453Z,"""C:\Program Files\nodejs\node.exe"" ""D:\typhoon boss radar\node_modules\next\dist\server\lib\start-server.js""",1061167104,1105743872,409,45,,false,2026-07-15T05:21:56.035Z,200,53,"""9caf0e9b49d211dda50f4c396369f9b90ecfcf622daf2aba21139031009bb0b0""",true,304,true,true,1,1160,1159,0,6,12,12,26,,,true,2026-07-15T05:24:06.059Z,304,9,"""bb92fb243862a98711ad074b835aa75f68a2a1ce""",true,304,true,false,,0,0,0,,,1,0
494,2026-07-15T05:24:15.314Z,4940,731,17352,node,2026-07-15T03:50:49.6682453Z,"""C:\Program Files\nodejs\node.exe"" ""D:\typhoon boss radar\node_modules\next\dist\server\lib\start-server.js""",1061683200,1105743872,409,45,,false,2026-07-15T05:21:56.035Z,200,53,"""9caf0e9b49d211dda50f4c396369f9b90ecfcf622daf2aba21139031009bb0b0""",true,304,true,true,1,1160,1159,0,6,12,12,26,,,true,2026-07-15T05:24:16.035Z,304,10,"""bb92fb243862a98711ad074b835aa75f68a2a1ce""",true,304,true,false,,0,0,0,,,1,0
495,2026-07-15T05:24:25.316Z,4950,778,17352,node,2026-07-15T03:50:49.6682453Z,"""C:\Program Files\nodejs\node.exe"" ""D:\typhoon boss radar\node_modules\next\dist\server\lib\start-server.js""",1063583744,1107656704,409,45,,false,2026-07-15T05:21:56.035Z,200,53,"""9caf0e9b49d211dda50f4c396369f9b90ecfcf622daf2aba21139031009bb0b0""",true,304,true,true,1,1160,1159,0,6,12,12,26,,,true,2026-07-15T05:24:26.084Z,304,10,"""bb92fb243862a98711ad074b835aa75f68a2a1ce""",true,304,true,false,,0,0,0,,,1,0
496,2026-07-15T05:24:35.314Z,4960,772,17352,node,2026-07-15T03:50:49.6682453Z,"""C:\Program Files\nodejs\node.exe"" ""D:\typhoon boss radar\node_modules\next\dist\server\lib\start-server.js""",1063776256,1107656704,409,45,,false,2026-07-15T05:21:56.035Z,200,53,"""9caf0e9b49d211dda50f4c396369f9b90ecfcf622daf2aba21139031009bb0b0""",true,304,true,true,1,1160,1159,0,6,12,12,26,,,true,2026-07-15T05:24:36.077Z,304,9,"""bb92fb243862a98711ad074b835aa75f68a2a1ce""",true,304,true,false,,0,0,0,,,1,0
497,2026-07-15T05:24:45.316Z,4970,714,17352,node,2026-07-15T03:50:49.6682453Z,"""C:\Program Files\nodejs\node.exe"" ""D:\typhoon boss radar\node_modules\next\dist\server\lib\start-server.js""",1064165376,1107722240,409,45,,false,2026-07-15T05:21:56.035Z,200,53,"""9caf0e9b49d211dda50f4c396369f9b90ecfcf622daf2aba21139031009bb0b0""",true,304,true,true,1,1160,1159,0,6,12,12,26,,,true,2026-07-15T05:24:46.021Z,304,9,"""bb92fb243862a98711ad074b835aa75f68a2a1ce""",true,304,true,false,,0,0,0,,,1,0
498,2026-07-15T05:24:55.316Z,4980,816,17352,node,2026-07-15T03:50:49.6682453Z,"""C:\Program Files\nodejs\node.exe"" ""D:\typhoon boss radar\node_modules\next\dist\server\lib\start-server.js""",1064165376,1107722240,409,45,,false,2026-07-15T05:21:56.035Z,200,53,"""9caf0e9b49d211dda50f4c396369f9b90ecfcf622daf2aba21139031009bb0b0""",true,304,true,true,1,1160,1159,0,6,12,12,26,,,true,2026-07-15T05:24:56.122Z,304,10,"""bb92fb243862a98711ad074b835aa75f68a2a1ce""",true,304,true,false,,0,0,0,,,1,0
499,2026-07-15T05:25:05.324Z,4990,758,17352,node,2026-07-15T03:50:49.6682453Z,"""C:\Program Files\nodejs\node.exe"" ""D:\typhoon boss radar\node_modules\next\dist\server\lib\start-server.js""",1064165376,1107722240,409,45,,false,2026-07-15T05:21:56.035Z,200,53,"""9caf0e9b49d211dda50f4c396369f9b90ecfcf622daf2aba21139031009bb0b0""",true,304,true,true,1,1160,1159,0,6,12,12,26,,,true,2026-07-15T05:25:06.072Z,304,10,"""bb92fb243862a98711ad074b835aa75f68a2a1ce""",true,304,true,false,,0,0,0,,,1,0
500,2026-07-15T05:25:15.319Z,5000,685,17352,node,2026-07-15T03:50:49.6682453Z,"""C:\Program Files\nodejs\node.exe"" ""D:\typhoon boss radar\node_modules\next\dist\server\lib\start-server.js""",1065197568,1107722240,409,45,,false,2026-07-15T05:21:56.035Z,200,53,"""9caf0e9b49d211dda50f4c396369f9b90ecfcf622daf2aba21139031009bb0b0""",true,304,true,true,1,1160,1159,0,6,12,12,26,,,true,2026-07-15T05:25:15.994Z,304,10,"""bb92fb243862a98711ad074b835aa75f68a2a1ce""",true,304,true,false,,0,0,0,,,1,0
501,2026-07-15T05:25:25.312Z,5010,760,17352,node,2026-07-15T03:50:49.6682453Z,"""C:\Program Files\nodejs\node.exe"" ""D:\typhoon boss radar\node_modules\next\dist\server\lib\start-server.js""",1065975808,1107992576,409,45,,false,2026-07-15T05:21:56.035Z,200,53,"""9caf0e9b49d211dda50f4c396369f9b90ecfcf622daf2aba21139031009bb0b0""",true,304,true,true,1,1160,1159,0,6,12,12,26,,,true,2026-07-15T05:25:26.062Z,304,10,"""bb92fb243862a98711ad074b835aa75f68a2a1ce""",true,304,true,false,,0,0,0,,,1,0
502,2026-07-15T05:25:35.314Z,5020,743,17352,node,2026-07-15T03:50:49.6682453Z,"""C:\Program Files\nodejs\node.exe"" ""D:\typhoon boss radar\node_modules\next\dist\server\lib\start-server.js""",1066041344,1108058112,409,45,,false,2026-07-15T05:21:56.035Z,200,53,"""9caf0e9b49d211dda50f4c396369f9b90ecfcf622daf2aba21139031009bb0b0""",true,304,true,true,1,1160,1159,0,6,12,12,26,,,true,2026-07-15T05:25:36.047Z,304,10,"""bb92fb243862a98711ad074b835aa75f68a2a1ce""",true,304,true,false,,0,0,0,,,1,0
503,2026-07-15T05:25:45.317Z,5030,756,17352,node,2026-07-15T03:50:49.6682453Z,"""C:\Program Files\nodejs\node.exe"" ""D:\typhoon boss radar\node_modules\next\dist\server\lib\start-server.js""",1066397696,1109934080,409,45,,false,2026-07-15T05:21:56.035Z,200,53,"""9caf0e9b49d211dda50f4c396369f9b90ecfcf622daf2aba21139031009bb0b0""",true,304,true,true,1,1160,1159,0,6,12,12,26,,,true,2026-07-15T05:25:46.063Z,304,10,"""bb92fb243862a98711ad074b835aa75f68a2a1ce""",true,304,true,false,,0,0,0,,,1,0
504,2026-07-15T05:25:55.310Z,5040,747,17352,node,2026-07-15T03:50:49.6682453Z,"""C:\Program Files\nodejs\node.exe"" ""D:\typhoon boss radar\node_modules\next\dist\server\lib\start-server.js""",1067839488,1111281664,409,45,,false,2026-07-15T05:21:56.035Z,200,53,"""9caf0e9b49d211dda50f4c396369f9b90ecfcf622daf2aba21139031009bb0b0""",true,304,true,true,1,1160,1159,0,6,12,12,26,,,true,2026-07-15T05:25:56.047Z,304,9,"""bb92fb243862a98711ad074b835aa75f68a2a1ce""",true,304,true,false,,0,0,0,,,1,0
505,2026-07-15T05:26:05.313Z,5050,911,17352,node,2026-07-15T03:50:49.6682453Z,"""C:\Program Files\nodejs\node.exe"" ""D:\typhoon boss radar\node_modules\next\dist\server\lib\start-server.js""",1068814336,1111818240,409,45,,false,2026-07-15T05:21:56.035Z,200,53,"""9caf0e9b49d211dda50f4c396369f9b90ecfcf622daf2aba21139031009bb0b0""",true,304,true,true,1,1160,1159,0,6,12,12,26,,,true,2026-07-15T05:26:06.214Z,304,10,"""bb92fb243862a98711ad074b835aa75f68a2a1ce""",true,304,true,false,,0,0,0,,,1,0
506,2026-07-15T05:26:15.318Z,5060,733,17352,node,2026-07-15T03:50:49.6682453Z,"""C:\Program Files\nodejs\node.exe"" ""D:\typhoon boss radar\node_modules\next\dist\server\lib\start-server.js""",1068904448,1111818240,409,45,,false,2026-07-15T05:21:56.035Z,200,53,"""9caf0e9b49d211dda50f4c396369f9b90ecfcf622daf2aba21139031009bb0b0""",true,304,true,true,1,1160,1159,0,6,12,12,26,,,true,2026-07-15T05:26:16.041Z,304,10,"""bb92fb243862a98711ad074b835aa75f68a2a1ce""",true,304,true,false,,0,0,0,,,1,0
507,2026-07-15T05:26:25.324Z,5070,781,17352,node,2026-07-15T03:50:49.6682453Z,"""C:\Program Files\nodejs\node.exe"" ""D:\typhoon boss radar\node_modules\next\dist\server\lib\start-server.js""",1069989888,1113759744,409,45,,false,2026-07-15T05:21:56.035Z,200,53,"""9caf0e9b49d211dda50f4c396369f9b90ecfcf622daf2aba21139031009bb0b0""",true,304,true,true,1,1160,1159,0,6,12,12,26,,,true,2026-07-15T05:26:26.094Z,304,10,"""bb92fb243862a98711ad074b835aa75f68a2a1ce""",true,304,true,false,,0,0,0,,,1,0
508,2026-07-15T05:26:35.310Z,5080,741,17352,node,2026-07-15T03:50:49.6682453Z,"""C:\Program Files\nodejs\node.exe"" ""D:\typhoon boss radar\node_modules\next\dist\server\lib\start-server.js""",1071177728,1114566656,409,45,,false,2026-07-15T05:21:56.035Z,200,53,"""9caf0e9b49d211dda50f4c396369f9b90ecfcf622daf2aba21139031009bb0b0""",true,304,true,true,1,1160,1159,0,6,12,12,26,,,true,2026-07-15T05:26:36.032Z,200,19,"""12633f1d99f1928b1d793a95b994d233bbc745f4""",true,304,true,true,,0,0,0,,,1,0
509,2026-07-15T05:26:45.320Z,5090,751,17352,node,2026-07-15T03:50:49.6682453Z,"""C:\Program Files\nodejs\node.exe"" ""D:\typhoon boss radar\node_modules\next\dist\server\lib\start-server.js""",1073524736,1116721152,409,45,,false,2026-07-15T05:21:56.035Z,200,53,"""9caf0e9b49d211dda50f4c396369f9b90ecfcf622daf2aba21139031009bb0b0""",true,304,true,true,1,1160,1159,0,6,12,12,26,,,true,2026-07-15T05:26:46.061Z,304,10,"""12633f1d99f1928b1d793a95b994d233bbc745f4""",true,304,true,false,,0,0,0,,,1,0
510,2026-07-15T05:26:55.317Z,5100,831,17352,node,2026-07-15T03:50:49.6682453Z,"""C:\Program Files\nodejs\node.exe"" ""D:\typhoon boss radar\node_modules\next\dist\server\lib\start-server.js""",1075175424,1117798400,409,45,,true,2026-07-15T05:26:56.065Z,200,49,"""89bb15ec994be0ab1733462f7aca1751c23eda89f06eaf71706dfee0b4fb46ca""",true,304,true,true,1,1166,1165,0,6,12,12,26,,,true,2026-07-15T05:26:56.131Z,304,17,"""12633f1d99f1928b1d793a95b994d233bbc745f4""",true,304,true,false,,0,0,0,,,1,0
511,2026-07-15T05:27:05.310Z,5110,779,17352,node,2026-07-15T03:50:49.6682453Z,"""C:\Program Files\nodejs\node.exe"" ""D:\typhoon boss radar\node_modules\next\dist\server\lib\start-server.js""",1089056768,1135206400,409,45,,false,2026-07-15T05:26:56.065Z,200,49,"""89bb15ec994be0ab1733462f7aca1751c23eda89f06eaf71706dfee0b4fb46ca""",true,304,true,true,1,1166,1165,0,6,12,12,26,,,true,2026-07-15T05:27:06.080Z,304,10,"""12633f1d99f1928b1d793a95b994d233bbc745f4""",true,304,true,false,,0,0,0,,,1,0
512,2026-07-15T05:27:15.314Z,5120,821,17352,node,2026-07-15T03:50:49.6682453Z,"""C:\Program Files\nodejs\node.exe"" ""D:\typhoon boss radar\node_modules\next\dist\server\lib\start-server.js""",1089187840,1135206400,409,45,,false,2026-07-15T05:26:56.065Z,200,49,"""89bb15ec994be0ab1733462f7aca1751c23eda89f06eaf71706dfee0b4fb46ca""",true,304,true,true,1,1166,1165,0,6,12,12,26,,,true,2026-07-15T05:27:16.126Z,304,9,"""12633f1d99f1928b1d793a95b994d233bbc745f4""",true,304,true,false,,0,0,0,,,1,0
513,2026-07-15T05:27:25.316Z,5130,795,17352,node,2026-07-15T03:50:49.6682453Z,"""C:\Program Files\nodejs\node.exe"" ""D:\typhoon boss radar\node_modules\next\dist\server\lib\start-server.js""",1089896448,1135206400,409,45,,false,2026-07-15T05:26:56.065Z,200,49,"""89bb15ec994be0ab1733462f7aca1751c23eda89f06eaf71706dfee0b4fb46ca""",true,304,true,true,1,1166,1165,0,6,12,12,26,,,true,2026-07-15T05:27:26.101Z,304,10,"""12633f1d99f1928b1d793a95b994d233bbc745f4""",true,304,true,false,,0,0,0,,,1,0
514,2026-07-15T05:27:35.316Z,5140,784,17352,node,2026-07-15T03:50:49.6682453Z,"""C:\Program Files\nodejs\node.exe"" ""D:\typhoon boss radar\node_modules\next\dist\server\lib\start-server.js""",1092321280,1135738880,409,45,,false,2026-07-15T05:26:56.065Z,200,49,"""89bb15ec994be0ab1733462f7aca1751c23eda89f06eaf71706dfee0b4fb46ca""",true,304,true,true,1,1166,1165,0,6,12,12,26,,,true,2026-07-15T05:27:36.090Z,304,10,"""12633f1d99f1928b1d793a95b994d233bbc745f4""",true,304,true,false,,0,0,0,,,1,0
515,2026-07-15T05:27:45.319Z,5150,803,17352,node,2026-07-15T03:50:49.6682453Z,"""C:\Program Files\nodejs\node.exe"" ""D:\typhoon boss radar\node_modules\next\dist\server\lib\start-server.js""",1092411392,1135804416,409,45,,false,2026-07-15T05:26:56.065Z,200,49,"""89bb15ec994be0ab1733462f7aca1751c23eda89f06eaf71706dfee0b4fb46ca""",true,304,true,true,1,1166,1165,0,6,12,12,26,,,true,2026-07-15T05:27:46.112Z,304,11,"""12633f1d99f1928b1d793a95b994d233bbc745f4""",true,304,true,false,,0,0,0,,,1,0
516,2026-07-15T05:27:55.322Z,5160,840,17352,node,2026-07-15T03:50:49.6682453Z,"""C:\Program Files\nodejs\node.exe"" ""D:\typhoon boss radar\node_modules\next\dist\server\lib\start-server.js""",1092411392,1135804416,409,45,,false,2026-07-15T05:26:56.065Z,200,49,"""89bb15ec994be0ab1733462f7aca1751c23eda89f06eaf71706dfee0b4fb46ca""",true,304,true,true,1,1166,1165,0,6,12,12,26,,,true,2026-07-15T05:27:56.151Z,304,10,"""12633f1d99f1928b1d793a95b994d233bbc745f4""",true,304,true,false,,0,0,0,,,1,0
517,2026-07-15T05:28:05.310Z,5170,769,17352,node,2026-07-15T03:50:49.6682453Z,"""C:\Program Files\nodejs\node.exe"" ""D:\typhoon boss radar\node_modules\next\dist\server\lib\start-server.js""",1092411392,1135804416,409,45,,false,2026-07-15T05:26:56.065Z,200,49,"""89bb15ec994be0ab1733462f7aca1751c23eda89f06eaf71706dfee0b4fb46ca""",true,304,true,true,1,1166,1165,0,6,12,12,26,,,true,2026-07-15T05:28:06.069Z,304,10,"""12633f1d99f1928b1d793a95b994d233bbc745f4""",true,304,true,false,,0,0,0,,,1,0
518,2026-07-15T05:28:15.312Z,5180,794,17352,node,2026-07-15T03:50:49.6682453Z,"""C:\Program Files\nodejs\node.exe"" ""D:\typhoon boss radar\node_modules\next\dist\server\lib\start-server.js""",1092411392,1135804416,409,45,,false,2026-07-15T05:26:56.065Z,200,49,"""89bb15ec994be0ab1733462f7aca1751c23eda89f06eaf71706dfee0b4fb46ca""",true,304,true,true,1,1166,1165,0,6,12,12,26,,,true,2026-07-15T05:28:16.096Z,304,10,"""12633f1d99f1928b1d793a95b994d233bbc745f4""",true,304,true,false,,0,0,0,,,1,0
519,2026-07-15T05:28:25.316Z,5190,844,17352,node,2026-07-15T03:50:49.6682453Z,"""C:\Program Files\nodejs\node.exe"" ""D:\typhoon boss radar\node_modules\next\dist\server\lib\start-server.js""",1093394432,1136799744,409,45,,false,2026-07-15T05:26:56.065Z,200,49,"""89bb15ec994be0ab1733462f7aca1751c23eda89f06eaf71706dfee0b4fb46ca""",true,304,true,true,1,1166,1165,0,6,12,12,26,,,true,2026-07-15T05:28:26.150Z,304,10,"""12633f1d99f1928b1d793a95b994d233bbc745f4""",true,304,true,false,,0,0,0,,,1,0
520,2026-07-15T05:28:35.322Z,5200,896,17352,node,2026-07-15T03:50:49.6682453Z,"""C:\Program Files\nodejs\node.exe"" ""D:\typhoon boss radar\node_modules\next\dist\server\lib\start-server.js""",1093394432,1136799744,409,45,,false,2026-07-15T05:26:56.065Z,200,49,"""89bb15ec994be0ab1733462f7aca1751c23eda89f06eaf71706dfee0b4fb46ca""",true,304,true,true,1,1166,1165,0,6,12,12,26,,,true,2026-07-15T05:28:36.208Z,304,10,"""12633f1d99f1928b1d793a95b994d233bbc745f4""",true,304,true,false,,0,0,0,,,1,0
521,2026-07-15T05:28:45.320Z,5210,912,17352,node,2026-07-15T03:50:49.6682453Z,"""C:\Program Files\nodejs\node.exe"" ""D:\typhoon boss radar\node_modules\next\dist\server\lib\start-server.js""",1093459968,1136865280,409,45,,false,2026-07-15T05:26:56.065Z,200,49,"""89bb15ec994be0ab1733462f7aca1751c23eda89f06eaf71706dfee0b4fb46ca""",true,304,true,true,1,1166,1165,0,6,12,12,26,,,true,2026-07-15T05:28:46.222Z,304,9,"""12633f1d99f1928b1d793a95b994d233bbc745f4""",true,304,true,false,,0,0,0,,,1,0
522,2026-07-15T05:28:55.323Z,5220,814,17352,node,2026-07-15T03:50:49.6682453Z,"""C:\Program Files\nodejs\node.exe"" ""D:\typhoon boss radar\node_modules\next\dist\server\lib\start-server.js""",1093459968,1136865280,409,45,,false,2026-07-15T05:26:56.065Z,200,49,"""89bb15ec994be0ab1733462f7aca1751c23eda89f06eaf71706dfee0b4fb46ca""",true,304,true,true,1,1166,1165,0,6,12,12,26,,,true,2026-07-15T05:28:56.127Z,304,10,"""12633f1d99f1928b1d793a95b994d233bbc745f4""",true,304,true,false,,0,0,0,,,1,0
523,2026-07-15T05:29:05.309Z,5230,936,17352,node,2026-07-15T03:50:49.6682453Z,"""C:\Program Files\nodejs\node.exe"" ""D:\typhoon boss radar\node_modules\next\dist\server\lib\start-server.js""",1093459968,1136865280,409,45,,false,2026-07-15T05:26:56.065Z,200,49,"""89bb15ec994be0ab1733462f7aca1751c23eda89f06eaf71706dfee0b4fb46ca""",true,304,true,true,1,1166,1165,0,6,12,12,26,,,true,2026-07-15T05:29:06.236Z,304,10,"""12633f1d99f1928b1d793a95b994d233bbc745f4""",true,304,true,false,,0,0,0,,,1,0
524,2026-07-15T05:29:15.322Z,5240,890,17352,node,2026-07-15T03:50:49.6682453Z,"""C:\Program Files\nodejs\node.exe"" ""D:\typhoon boss radar\node_modules\next\dist\server\lib\start-server.js""",1093468160,1136873472,409,45,,false,2026-07-15T05:26:56.065Z,200,49,"""89bb15ec994be0ab1733462f7aca1751c23eda89f06eaf71706dfee0b4fb46ca""",true,304,true,true,1,1166,1165,0,6,12,12,26,,,true,2026-07-15T05:29:16.201Z,304,10,"""12633f1d99f1928b1d793a95b994d233bbc745f4""",true,304,true,false,,0,0,0,,,1,0
525,2026-07-15T05:29:25.321Z,5250,874,17352,node,2026-07-15T03:50:49.6682453Z,"""C:\Program Files\nodejs\node.exe"" ""D:\typhoon boss radar\node_modules\next\dist\server\lib\start-server.js""",1093468160,1136873472,409,45,,false,2026-07-15T05:26:56.065Z,200,49,"""89bb15ec994be0ab1733462f7aca1751c23eda89f06eaf71706dfee0b4fb46ca""",true,304,true,true,1,1166,1165,0,6,12,12,26,,,true,2026-07-15T05:29:26.185Z,304,10,"""12633f1d99f1928b1d793a95b994d233bbc745f4""",true,304,true,false,,0,0,0,,,1,0
526,2026-07-15T05:29:35.311Z,5260,865,17352,node,2026-07-15T03:50:49.6682453Z,"""C:\Program Files\nodejs\node.exe"" ""D:\typhoon boss radar\node_modules\next\dist\server\lib\start-server.js""",1093533696,1136939008,409,45,,false,2026-07-15T05:26:56.065Z,200,49,"""89bb15ec994be0ab1733462f7aca1751c23eda89f06eaf71706dfee0b4fb46ca""",true,304,true,true,1,1166,1165,0,6,12,12,26,,,true,2026-07-15T05:29:36.165Z,304,11,"""12633f1d99f1928b1d793a95b994d233bbc745f4""",true,304,true,false,,0,0,0,,,1,0
527,2026-07-15T05:29:45.325Z,5270,884,17352,node,2026-07-15T03:50:49.6682453Z,"""C:\Program Files\nodejs\node.exe"" ""D:\typhoon boss radar\node_modules\next\dist\server\lib\start-server.js""",1093533696,1136939008,409,45,,false,2026-07-15T05:26:56.065Z,200,49,"""89bb15ec994be0ab1733462f7aca1751c23eda89f06eaf71706dfee0b4fb46ca""",true,304,true,true,1,1166,1165,0,6,12,12,26,,,true,2026-07-15T05:29:46.198Z,304,11,"""12633f1d99f1928b1d793a95b994d233bbc745f4""",true,304,true,false,,0,0,0,,,1,0
528,2026-07-15T05:29:55.316Z,5280,844,17352,node,2026-07-15T03:50:49.6682453Z,"""C:\Program Files\nodejs\node.exe"" ""D:\typhoon boss radar\node_modules\next\dist\server\lib\start-server.js""",1093533696,1136939008,409,45,,false,2026-07-15T05:26:56.065Z,200,49,"""89bb15ec994be0ab1733462f7aca1751c23eda89f06eaf71706dfee0b4fb46ca""",true,304,true,true,1,1166,1165,0,6,12,12,26,,,true,2026-07-15T05:29:56.150Z,304,11,"""12633f1d99f1928b1d793a95b994d233bbc745f4""",true,304,true,false,,0,0,0,,,1,0
529,2026-07-15T05:30:05.315Z,5290,908,17352,node,2026-07-15T03:50:49.6682453Z,"""C:\Program Files\nodejs\node.exe"" ""D:\typhoon boss radar\node_modules\next\dist\server\lib\start-server.js""",1095458816,1138872320,416,45,,false,2026-07-15T05:26:56.065Z,200,49,"""89bb15ec994be0ab1733462f7aca1751c23eda89f06eaf71706dfee0b4fb46ca""",true,304,true,true,1,1166,1165,0,6,12,12,26,,,true,2026-07-15T05:30:06.212Z,304,11,"""12633f1d99f1928b1d793a95b994d233bbc745f4""",true,304,true,false,,0,0,0,,,1,0
530,2026-07-15T05:30:15.318Z,5300,877,17352,node,2026-07-15T03:50:49.6682453Z,"""C:\Program Files\nodejs\node.exe"" ""D:\typhoon boss radar\node_modules\next\dist\server\lib\start-server.js""",1095458816,1138872320,416,45,,false,2026-07-15T05:26:56.065Z,200,49,"""89bb15ec994be0ab1733462f7aca1751c23eda89f06eaf71706dfee0b4fb46ca""",true,304,true,true,1,1166,1165,0,6,12,12,26,,,true,2026-07-15T05:30:16.185Z,304,10,"""12633f1d99f1928b1d793a95b994d233bbc745f4""",true,304,true,false,,0,0,0,,,1,0
531,2026-07-15T05:30:25.311Z,5310,889,17352,node,2026-07-15T03:50:49.6682453Z,"""C:\Program Files\nodejs\node.exe"" ""D:\typhoon boss radar\node_modules\next\dist\server\lib\start-server.js""",1095622656,1138937856,416,45,,false,2026-07-15T05:26:56.065Z,200,49,"""89bb15ec994be0ab1733462f7aca1751c23eda89f06eaf71706dfee0b4fb46ca""",true,304,true,true,1,1166,1165,0,6,12,12,26,,,true,2026-07-15T05:30:26.184Z,304,15,"""12633f1d99f1928b1d793a95b994d233bbc745f4""",true,304,true,false,,0,0,0,,,1,0
532,2026-07-15T05:30:35.314Z,5320,869,17352,node,2026-07-15T03:50:49.6682453Z,"""C:\Program Files\nodejs\node.exe"" ""D:\typhoon boss radar\node_modules\next\dist\server\lib\start-server.js""",1095880704,1138937856,416,45,,false,2026-07-15T05:26:56.065Z,200,49,"""89bb15ec994be0ab1733462f7aca1751c23eda89f06eaf71706dfee0b4fb46ca""",true,304,true,true,1,1166,1165,0,6,12,12,26,,,true,2026-07-15T05:30:36.163Z,200,21,"""e22bb890cbdbdd7b6b533e8154602f2ddfbe47f0""",true,304,true,true,,0,0,0,,,1,0
533,2026-07-15T05:30:45.312Z,5330,797,17352,node,2026-07-15T03:50:49.6682453Z,"""C:\Program Files\nodejs\node.exe"" ""D:\typhoon boss radar\node_modules\next\dist\server\lib\start-server.js""",1096540160,1138937856,409,45,,false,2026-07-15T05:26:56.065Z,200,49,"""89bb15ec994be0ab1733462f7aca1751c23eda89f06eaf71706dfee0b4fb46ca""",true,304,true,true,1,1166,1165,0,6,12,12,26,,,true,2026-07-15T05:30:46.099Z,304,10,"""e22bb890cbdbdd7b6b533e8154602f2ddfbe47f0""",true,304,true,false,,0,0,0,,,1,0
534,2026-07-15T05:30:55.312Z,5340,836,17352,node,2026-07-15T03:50:49.6682453Z,"""C:\Program Files\nodejs\node.exe"" ""D:\typhoon boss radar\node_modules\next\dist\server\lib\start-server.js""",1096732672,1138937856,409,45,,false,2026-07-15T05:26:56.065Z,200,49,"""89bb15ec994be0ab1733462f7aca1751c23eda89f06eaf71706dfee0b4fb46ca""",true,304,true,true,1,1166,1165,0,6,12,12,26,,,true,2026-07-15T05:30:56.138Z,304,10,"""e22bb890cbdbdd7b6b533e8154602f2ddfbe47f0""",true,304,true,false,,0,0,0,,,1,0
535,2026-07-15T05:31:05.311Z,5350,861,17352,node,2026-07-15T03:50:49.6682453Z,"""C:\Program Files\nodejs\node.exe"" ""D:\typhoon boss radar\node_modules\next\dist\server\lib\start-server.js""",1096925184,1138937856,409,45,,false,2026-07-15T05:26:56.065Z,200,49,"""89bb15ec994be0ab1733462f7aca1751c23eda89f06eaf71706dfee0b4fb46ca""",true,304,true,true,1,1166,1165,0,6,12,12,26,,,true,2026-07-15T05:31:06.161Z,304,11,"""e22bb890cbdbdd7b6b533e8154602f2ddfbe47f0""",true,304,true,false,,0,0,0,,,1,0
536,2026-07-15T05:31:15.311Z,5360,930,17352,node,2026-07-15T03:50:49.6682453Z,"""C:\Program Files\nodejs\node.exe"" ""D:\typhoon boss radar\node_modules\next\dist\server\lib\start-server.js""",1097121792,1139003392,409,45,,false,2026-07-15T05:26:56.065Z,200,49,"""89bb15ec994be0ab1733462f7aca1751c23eda89f06eaf71706dfee0b4fb46ca""",true,304,true,true,1,1166,1165,0,6,12,12,26,,,true,2026-07-15T05:31:16.230Z,304,10,"""e22bb890cbdbdd7b6b533e8154602f2ddfbe47f0""",true,304,true,false,,0,0,0,,,1,0
537,2026-07-15T05:31:25.312Z,5370,845,17352,node,2026-07-15T03:50:49.6682453Z,"""C:\Program Files\nodejs\node.exe"" ""D:\typhoon boss radar\node_modules\next\dist\server\lib\start-server.js""",1097121792,1139003392,409,45,,false,2026-07-15T05:26:56.065Z,200,49,"""89bb15ec994be0ab1733462f7aca1751c23eda89f06eaf71706dfee0b4fb46ca""",true,304,true,true,1,1166,1165,0,6,12,12,26,,,true,2026-07-15T05:31:26.146Z,304,10,"""e22bb890cbdbdd7b6b533e8154602f2ddfbe47f0""",true,304,true,false,,0,0,0,,,1,0
538,2026-07-15T05:31:35.322Z,5380,809,17352,node,2026-07-15T03:50:49.6682453Z,"""C:\Program Files\nodejs\node.exe"" ""D:\typhoon boss radar\node_modules\next\dist\server\lib\start-server.js""",1097121792,1139003392,409,45,,false,2026-07-15T05:26:56.065Z,200,49,"""89bb15ec994be0ab1733462f7aca1751c23eda89f06eaf71706dfee0b4fb46ca""",true,304,true,true,1,1166,1165,0,6,12,12,26,,,true,2026-07-15T05:31:36.122Z,304,10,"""e22bb890cbdbdd7b6b533e8154602f2ddfbe47f0""",true,304,true,false,,0,0,0,,,1,0
539,2026-07-15T05:31:45.320Z,5390,856,17352,node,2026-07-15T03:50:49.6682453Z,"""C:\Program Files\nodejs\node.exe"" ""D:\typhoon boss radar\node_modules\next\dist\server\lib\start-server.js""",1097121792,1139003392,409,45,,false,2026-07-15T05:26:56.065Z,200,49,"""89bb15ec994be0ab1733462f7aca1751c23eda89f06eaf71706dfee0b4fb46ca""",true,304,true,true,1,1166,1165,0,6,12,12,26,,,true,2026-07-15T05:31:46.165Z,304,10,"""e22bb890cbdbdd7b6b533e8154602f2ddfbe47f0""",true,304,true,false,,0,0,0,,,1,0
540,2026-07-15T05:31:55.318Z,5400,922,17352,node,2026-07-15T03:50:49.6682453Z,"""C:\Program Files\nodejs\node.exe"" ""D:\typhoon boss radar\node_modules\next\dist\server\lib\start-server.js""",1097142272,1139003392,409,45,,true,2026-07-15T05:31:56.174Z,200,52,"""c0ef190d231212c84063161c790da7426b4c10e2cf9acf753a62d45282c03d57""",true,304,true,true,1,1171,1170,0,6,12,12,26,,,true,2026-07-15T05:31:56.231Z,304,9,"""e22bb890cbdbdd7b6b533e8154602f2ddfbe47f0""",true,304,true,false,,0,0,0,,,1,0
541,2026-07-15T05:32:05.324Z,5410,935,17352,node,2026-07-15T03:50:49.6682453Z,"""C:\Program Files\nodejs\node.exe"" ""D:\typhoon boss radar\node_modules\next\dist\server\lib\start-server.js""",1116155904,1164386304,409,45,,false,2026-07-15T05:31:56.174Z,200,52,"""c0ef190d231212c84063161c790da7426b4c10e2cf9acf753a62d45282c03d57""",true,304,true,true,1,1171,1170,0,6,12,12,26,,,true,2026-07-15T05:32:06.250Z,304,10,"""e22bb890cbdbdd7b6b533e8154602f2ddfbe47f0""",true,304,true,false,,0,0,0,,,1,0
542,2026-07-15T05:32:15.310Z,5420,831,17352,node,2026-07-15T03:50:49.6682453Z,"""C:\Program Files\nodejs\node.exe"" ""D:\typhoon boss radar\node_modules\next\dist\server\lib\start-server.js""",1117405184,1164918784,409,45,,false,2026-07-15T05:31:56.174Z,200,52,"""c0ef190d231212c84063161c790da7426b4c10e2cf9acf753a62d45282c03d57""",true,304,true,true,1,1171,1170,0,6,12,12,26,,,true,2026-07-15T05:32:16.131Z,304,10,"""e22bb890cbdbdd7b6b533e8154602f2ddfbe47f0""",true,304,true,false,,0,0,0,,,1,0
543,2026-07-15T05:32:25.312Z,5430,811,17352,node,2026-07-15T03:50:49.6682453Z,"""C:\Program Files\nodejs\node.exe"" ""D:\typhoon boss radar\node_modules\next\dist\server\lib\start-server.js""",1119113216,1165418496,409,45,,false,2026-07-15T05:31:56.174Z,200,52,"""c0ef190d231212c84063161c790da7426b4c10e2cf9acf753a62d45282c03d57""",true,304,true,true,1,1171,1170,0,6,12,12,26,,,true,2026-07-15T05:32:26.112Z,304,11,"""e22bb890cbdbdd7b6b533e8154602f2ddfbe47f0""",true,304,true,false,,0,0,0,,,1,0
544,2026-07-15T05:32:35.324Z,5440,782,17352,node,2026-07-15T03:50:49.6682453Z,"""C:\Program Files\nodejs\node.exe"" ""D:\typhoon boss radar\node_modules\next\dist\server\lib\start-server.js""",1119977472,1165484032,409,45,,false,2026-07-15T05:31:56.174Z,200,52,"""c0ef190d231212c84063161c790da7426b4c10e2cf9acf753a62d45282c03d57""",true,304,true,true,1,1171,1170,0,6,12,12,26,,,true,2026-07-15T05:32:36.095Z,304,11,"""e22bb890cbdbdd7b6b533e8154602f2ddfbe47f0""",true,304,true,false,,0,0,0,,,1,0
545,2026-07-15T05:32:45.312Z,5450,795,17352,node,2026-07-15T03:50:49.6682453Z,"""C:\Program Files\nodejs\node.exe"" ""D:\typhoon boss radar\node_modules\next\dist\server\lib\start-server.js""",1123713024,1169227776,409,45,,false,2026-07-15T05:31:56.174Z,200,52,"""c0ef190d231212c84063161c790da7426b4c10e2cf9acf753a62d45282c03d57""",true,304,true,true,1,1171,1170,0,6,12,12,26,,,true,2026-07-15T05:32:46.097Z,304,10,"""e22bb890cbdbdd7b6b533e8154602f2ddfbe47f0""",true,304,true,false,,0,0,0,,,1,0
546,2026-07-15T05:32:55.322Z,5460,751,17352,node,2026-07-15T03:50:49.6682453Z,"""C:\Program Files\nodejs\node.exe"" ""D:\typhoon boss radar\node_modules\next\dist\server\lib\start-server.js""",1123717120,1169227776,409,45,,false,2026-07-15T05:31:56.174Z,200,52,"""c0ef190d231212c84063161c790da7426b4c10e2cf9acf753a62d45282c03d57""",true,304,true,true,1,1171,1170,0,6,12,12,26,,,true,2026-07-15T05:32:56.062Z,304,10,"""e22bb890cbdbdd7b6b533e8154602f2ddfbe47f0""",true,304,true,false,,0,0,0,,,1,0
547,2026-07-15T05:33:05.312Z,5470,753,17352,node,2026-07-15T03:50:49.6682453Z,"""C:\Program Files\nodejs\node.exe"" ""D:\typhoon boss radar\node_modules\next\dist\server\lib\start-server.js""",1123717120,1169227776,409,45,,false,2026-07-15T05:31:56.174Z,200,52,"""c0ef190d231212c84063161c790da7426b4c10e2cf9acf753a62d45282c03d57""",true,304,true,true,1,1171,1170,0,6,12,12,26,,,true,2026-07-15T05:33:06.055Z,304,10,"""e22bb890cbdbdd7b6b533e8154602f2ddfbe47f0""",true,304,true,false,,0,0,0,,,1,0
548,2026-07-15T05:33:15.320Z,5480,763,17352,node,2026-07-15T03:50:49.6682453Z,"""C:\Program Files\nodejs\node.exe"" ""D:\typhoon boss radar\node_modules\next\dist\server\lib\start-server.js""",1123717120,1169227776,409,45,,false,2026-07-15T05:31:56.174Z,200,52,"""c0ef190d231212c84063161c790da7426b4c10e2cf9acf753a62d45282c03d57""",true,304,true,true,1,1171,1170,0,6,12,12,26,,,true,2026-07-15T05:33:16.073Z,304,10,"""e22bb890cbdbdd7b6b533e8154602f2ddfbe47f0""",true,304,true,false,,0,0,0,,,1,0
549,2026-07-15T05:33:25.319Z,5490,769,17352,node,2026-07-15T03:50:49.6682453Z,"""C:\Program Files\nodejs\node.exe"" ""D:\typhoon boss radar\node_modules\next\dist\server\lib\start-server.js""",1123782656,1169293312,409,45,,false,2026-07-15T05:31:56.174Z,200,52,"""c0ef190d231212c84063161c790da7426b4c10e2cf9acf753a62d45282c03d57""",true,304,true,true,1,1171,1170,0,6,12,12,26,,,true,2026-07-15T05:33:26.078Z,304,10,"""e22bb890cbdbdd7b6b533e8154602f2ddfbe47f0""",true,304,true,false,,0,0,0,,,1,0
550,2026-07-15T05:33:35.312Z,5500,748,17352,node,2026-07-15T03:50:49.6682453Z,"""C:\Program Files\nodejs\node.exe"" ""D:\typhoon boss radar\node_modules\next\dist\server\lib\start-server.js""",1124298752,1169293312,409,45,,false,2026-07-15T05:31:56.174Z,200,52,"""c0ef190d231212c84063161c790da7426b4c10e2cf9acf753a62d45282c03d57""",true,304,true,true,1,1171,1170,0,6,12,12,26,,,true,2026-07-15T05:33:36.049Z,304,10,"""e22bb890cbdbdd7b6b533e8154602f2ddfbe47f0""",true,304,true,false,,0,0,0,,,1,0
551,2026-07-15T05:33:45.312Z,5510,827,17352,node,2026-07-15T03:50:49.6682453Z,"""C:\Program Files\nodejs\node.exe"" ""D:\typhoon boss radar\node_modules\next\dist\server\lib\start-server.js""",1124556800,1169293312,409,45,,false,2026-07-15T05:31:56.174Z,200,52,"""c0ef190d231212c84063161c790da7426b4c10e2cf9acf753a62d45282c03d57""",true,304,true,true,1,1171,1170,0,6,12,12,26,,,true,2026-07-15T05:33:46.129Z,304,10,"""e22bb890cbdbdd7b6b533e8154602f2ddfbe47f0""",true,304,true,false,,0,0,0,,,1,0
552,2026-07-15T05:33:55.321Z,5520,832,17352,node,2026-07-15T03:50:49.6682453Z,"""C:\Program Files\nodejs\node.exe"" ""D:\typhoon boss radar\node_modules\next\dist\server\lib\start-server.js""",1124556800,1169293312,409,45,,false,2026-07-15T05:31:56.174Z,200,52,"""c0ef190d231212c84063161c790da7426b4c10e2cf9acf753a62d45282c03d57""",true,304,true,true,1,1171,1170,0,6,12,12,26,,,true,2026-07-15T05:33:56.143Z,304,10,"""e22bb890cbdbdd7b6b533e8154602f2ddfbe47f0""",true,304,true,false,,0,0,0,,,1,0
553,2026-07-15T05:34:05.325Z,5530,717,17352,node,2026-07-15T03:50:49.6682453Z,"""C:\Program Files\nodejs\node.exe"" ""D:\typhoon boss radar\node_modules\next\dist\server\lib\start-server.js""",1124827136,1169305600,409,45,,false,2026-07-15T05:31:56.174Z,200,52,"""c0ef190d231212c84063161c790da7426b4c10e2cf9acf753a62d45282c03d57""",true,304,true,true,1,1171,1170,0,6,12,12,26,,,true,2026-07-15T05:34:06.031Z,304,10,"""e22bb890cbdbdd7b6b533e8154602f2ddfbe47f0""",true,304,true,false,,0,0,0,,,1,0
554,2026-07-15T05:34:15.320Z,5540,789,17352,node,2026-07-15T03:50:49.6682453Z,"""C:\Program Files\nodejs\node.exe"" ""D:\typhoon boss radar\node_modules\next\dist\server\lib\start-server.js""",1125216256,1169305600,409,45,,false,2026-07-15T05:31:56.174Z,200,52,"""c0ef190d231212c84063161c790da7426b4c10e2cf9acf753a62d45282c03d57""",true,304,true,true,1,1171,1170,0,6,12,12,26,,,true,2026-07-15T05:34:16.098Z,304,10,"""e22bb890cbdbdd7b6b533e8154602f2ddfbe47f0""",true,304,true,false,,0,0,0,,,1,0
555,2026-07-15T05:34:25.322Z,5550,805,17352,node,2026-07-15T03:50:49.6682453Z,"""C:\Program Files\nodejs\node.exe"" ""D:\typhoon boss radar\node_modules\next\dist\server\lib\start-server.js""",1125281792,1169371136,409,45,,false,2026-07-15T05:31:56.174Z,200,52,"""c0ef190d231212c84063161c790da7426b4c10e2cf9acf753a62d45282c03d57""",true,304,true,true,1,1171,1170,0,6,12,12,26,,,true,2026-07-15T05:34:26.113Z,304,14,"""e22bb890cbdbdd7b6b533e8154602f2ddfbe47f0""",true,304,true,false,,0,0,0,,,1,0
556,2026-07-15T05:34:35.314Z,5560,776,17352,node,2026-07-15T03:50:49.6682453Z,"""C:\Program Files\nodejs\node.exe"" ""D:\typhoon boss radar\node_modules\next\dist\server\lib\start-server.js""",1110786048,1154351104,409,45,,false,2026-07-15T05:31:56.174Z,200,52,"""c0ef190d231212c84063161c790da7426b4c10e2cf9acf753a62d45282c03d57""",true,304,true,true,1,1171,1170,0,6,12,12,26,,,true,2026-07-15T05:34:36.079Z,304,12,"""e22bb890cbdbdd7b6b533e8154602f2ddfbe47f0""",true,304,true,false,,0,0,0,,,1,0
557,2026-07-15T05:34:45.325Z,5570,905,17352,node,2026-07-15T03:50:49.6682453Z,"""C:\Program Files\nodejs\node.exe"" ""D:\typhoon boss radar\node_modules\next\dist\server\lib\start-server.js""",1111494656,1154351104,409,45,,false,2026-07-15T05:31:56.174Z,200,52,"""c0ef190d231212c84063161c790da7426b4c10e2cf9acf753a62d45282c03d57""",true,304,true,true,1,1171,1170,0,6,12,12,26,,,true,2026-07-15T05:34:46.200Z,200,30,"""bd0c3ec4102d28572647ae8e1779e88a343ff161""",true,304,true,true,,0,0,0,,,1,0
558,2026-07-15T05:34:55.323Z,5580,795,17352,node,2026-07-15T03:50:49.6682453Z,"""C:\Program Files\nodejs\node.exe"" ""D:\typhoon boss radar\node_modules\next\dist\server\lib\start-server.js""",1111756800,1154621440,409,45,,false,2026-07-15T05:31:56.174Z,200,52,"""c0ef190d231212c84063161c790da7426b4c10e2cf9acf753a62d45282c03d57""",true,304,true,true,1,1171,1170,0,6,12,12,26,,,true,2026-07-15T05:34:56.107Z,304,10,"""bd0c3ec4102d28572647ae8e1779e88a343ff161""",true,304,true,false,,0,0,0,,,1,0
559,2026-07-15T05:35:05.311Z,5590,821,17352,node,2026-07-15T03:50:49.6682453Z,"""C:\Program Files\nodejs\node.exe"" ""D:\typhoon boss radar\node_modules\next\dist\server\lib\start-server.js""",1112014848,1154686976,409,45,,false,2026-07-15T05:31:56.174Z,200,52,"""c0ef190d231212c84063161c790da7426b4c10e2cf9acf753a62d45282c03d57""",true,304,true,true,1,1171,1170,0,6,12,12,26,,,true,2026-07-15T05:35:06.121Z,304,10,"""bd0c3ec4102d28572647ae8e1779e88a343ff161""",true,304,true,false,,0,0,0,,,1,0
560,2026-07-15T05:35:15.313Z,5600,789,17352,node,2026-07-15T03:50:49.6682453Z,"""C:\Program Files\nodejs\node.exe"" ""D:\typhoon boss radar\node_modules\next\dist\server\lib\start-server.js""",1112539136,1155215360,409,45,,false,2026-07-15T05:31:56.174Z,200,52,"""c0ef190d231212c84063161c790da7426b4c10e2cf9acf753a62d45282c03d57""",true,304,true,true,1,1171,1170,0,6,12,12,26,,,true,2026-07-15T05:35:16.092Z,304,10,"""bd0c3ec4102d28572647ae8e1779e88a343ff161""",true,304,true,false,,0,0,0,,,1,0
561,2026-07-15T05:35:25.310Z,5610,824,17352,node,2026-07-15T03:50:49.6682453Z,"""C:\Program Files\nodejs\node.exe"" ""D:\typhoon boss radar\node_modules\next\dist\server\lib\start-server.js""",1112539136,1155215360,409,45,,false,2026-07-15T05:31:56.174Z,200,52,"""c0ef190d231212c84063161c790da7426b4c10e2cf9acf753a62d45282c03d57""",true,304,true,true,1,1171,1170,0,6,12,12,26,,,true,2026-07-15T05:35:26.124Z,304,10,"""bd0c3ec4102d28572647ae8e1779e88a343ff161""",true,304,true,false,,0,0,0,,,1,0
562,2026-07-15T05:35:35.314Z,5620,786,17352,node,2026-07-15T03:50:49.6682453Z,"""C:\Program Files\nodejs\node.exe"" ""D:\typhoon boss radar\node_modules\next\dist\server\lib\start-server.js""",1112539136,1155215360,409,45,,false,2026-07-15T05:31:56.174Z,200,52,"""c0ef190d231212c84063161c790da7426b4c10e2cf9acf753a62d45282c03d57""",true,304,true,true,1,1171,1170,0,6,12,12,26,,,true,2026-07-15T05:35:36.090Z,304,10,"""bd0c3ec4102d28572647ae8e1779e88a343ff161""",true,304,true,false,,0,0,0,,,1,0
563,2026-07-15T05:35:45.323Z,5630,809,17352,node,2026-07-15T03:50:49.6682453Z,"""C:\Program Files\nodejs\node.exe"" ""D:\typhoon boss radar\node_modules\next\dist\server\lib\start-server.js""",1112539136,1155215360,409,45,,false,2026-07-15T05:31:56.174Z,200,52,"""c0ef190d231212c84063161c790da7426b4c10e2cf9acf753a62d45282c03d57""",true,304,true,true,1,1171,1170,0,6,12,12,26,,,true,2026-07-15T05:35:46.122Z,304,10,"""bd0c3ec4102d28572647ae8e1779e88a343ff161""",true,304,true,false,,0,0,0,,,1,0
564,2026-07-15T05:35:55.324Z,5640,745,17352,node,2026-07-15T03:50:49.6682453Z,"""C:\Program Files\nodejs\node.exe"" ""D:\typhoon boss radar\node_modules\next\dist\server\lib\start-server.js""",1112539136,1155215360,409,45,,false,2026-07-15T05:31:56.174Z,200,52,"""c0ef190d231212c84063161c790da7426b4c10e2cf9acf753a62d45282c03d57""",true,304,true,true,1,1171,1170,0,6,12,12,26,,,true,2026-07-15T05:35:56.058Z,304,10,"""bd0c3ec4102d28572647ae8e1779e88a343ff161""",true,304,true,false,,0,0,0,,,1,0
565,2026-07-15T05:36:05.315Z,5650,793,17352,node,2026-07-15T03:50:49.6682453Z,"""C:\Program Files\nodejs\node.exe"" ""D:\typhoon boss radar\node_modules\next\dist\server\lib\start-server.js""",1113587712,1156272128,409,45,,false,2026-07-15T05:31:56.174Z,200,52,"""c0ef190d231212c84063161c790da7426b4c10e2cf9acf753a62d45282c03d57""",true,304,true,true,1,1171,1170,0,6,12,12,26,,,true,2026-07-15T05:36:06.097Z,304,10,"""bd0c3ec4102d28572647ae8e1779e88a343ff161""",true,304,true,false,,0,0,0,,,1,0
566,2026-07-15T05:36:15.324Z,5660,803,17352,node,2026-07-15T03:50:49.6682453Z,"""C:\Program Files\nodejs\node.exe"" ""D:\typhoon boss radar\node_modules\next\dist\server\lib\start-server.js""",1113587712,1156272128,409,45,,false,2026-07-15T05:31:56.174Z,200,52,"""c0ef190d231212c84063161c790da7426b4c10e2cf9acf753a62d45282c03d57""",true,304,true,true,1,1171,1170,0,6,12,12,26,,,true,2026-07-15T05:36:16.116Z,304,10,"""bd0c3ec4102d28572647ae8e1779e88a343ff161""",true,304,true,false,,0,0,0,,,1,0
567,2026-07-15T05:36:25.324Z,5670,756,17352,node,2026-07-15T03:50:49.6682453Z,"""C:\Program Files\nodejs\node.exe"" ""D:\typhoon boss radar\node_modules\next\dist\server\lib\start-server.js""",1113587712,1156272128,409,45,,false,2026-07-15T05:31:56.174Z,200,52,"""c0ef190d231212c84063161c790da7426b4c10e2cf9acf753a62d45282c03d57""",true,304,true,true,1,1171,1170,0,6,12,12,26,,,true,2026-07-15T05:36:26.070Z,304,10,"""bd0c3ec4102d28572647ae8e1779e88a343ff161""",true,304,true,false,,0,0,0,,,1,0
568,2026-07-15T05:36:35.325Z,5680,752,17352,node,2026-07-15T03:50:49.6682453Z,"""C:\Program Files\nodejs\node.exe"" ""D:\typhoon boss radar\node_modules\next\dist\server\lib\start-server.js""",1113587712,1156272128,409,45,,false,2026-07-15T05:31:56.174Z,200,52,"""c0ef190d231212c84063161c790da7426b4c10e2cf9acf753a62d45282c03d57""",true,304,true,true,1,1171,1170,0,6,12,12,26,,,true,2026-07-15T05:36:36.066Z,304,11,"""bd0c3ec4102d28572647ae8e1779e88a343ff161""",true,304,true,false,,0,0,0,,,1,0
569,2026-07-15T05:36:45.318Z,5690,760,17352,node,2026-07-15T03:50:49.6682453Z,"""C:\Program Files\nodejs\node.exe"" ""D:\typhoon boss radar\node_modules\next\dist\server\lib\start-server.js""",1113587712,1156272128,409,45,,false,2026-07-15T05:31:56.174Z,200,52,"""c0ef190d231212c84063161c790da7426b4c10e2cf9acf753a62d45282c03d57""",true,304,true,true,1,1171,1170,0,6,12,12,26,,,true,2026-07-15T05:36:46.067Z,304,10,"""bd0c3ec4102d28572647ae8e1779e88a343ff161""",true,304,true,false,,0,0,0,,,1,0
570,2026-07-15T05:36:55.319Z,5700,826,17352,node,2026-07-15T03:50:49.6682453Z,"""C:\Program Files\nodejs\node.exe"" ""D:\typhoon boss radar\node_modules\next\dist\server\lib\start-server.js""",1113653248,1156337664,409,45,,true,2026-07-15T05:36:56.076Z,200,56,"""96cd572df53cfab677d8dbe0981f5ff5ed0dc0962887ac74431c051ae21afbde""",true,304,true,true,1,1191,1190,0,6,12,12,26,,,true,2026-07-15T05:36:56.137Z,304,8,"""bd0c3ec4102d28572647ae8e1779e88a343ff161""",true,304,true,false,,0,0,0,,,1,0
571,2026-07-15T05:37:05.312Z,5710,817,17352,node,2026-07-15T03:50:49.6682453Z,"""C:\Program Files\nodejs\node.exe"" ""D:\typhoon boss radar\node_modules\next\dist\server\lib\start-server.js""",1131319296,1181331456,409,45,,false,2026-07-15T05:36:56.076Z,200,56,"""96cd572df53cfab677d8dbe0981f5ff5ed0dc0962887ac74431c051ae21afbde""",true,304,true,true,1,1191,1190,0,6,12,12,26,,,true,2026-07-15T05:37:06.119Z,304,10,"""bd0c3ec4102d28572647ae8e1779e88a343ff161""",true,304,true,false,,0,0,0,,,1,0
572,2026-07-15T05:37:15.315Z,5720,774,17352,node,2026-07-15T03:50:49.6682453Z,"""C:\Program Files\nodejs\node.exe"" ""D:\typhoon boss radar\node_modules\next\dist\server\lib\start-server.js""",1135104000,1183240192,409,45,,false,2026-07-15T05:36:56.076Z,200,56,"""96cd572df53cfab677d8dbe0981f5ff5ed0dc0962887ac74431c051ae21afbde""",true,304,true,true,1,1191,1190,0,6,12,12,26,,,true,2026-07-15T05:37:16.079Z,304,11,"""bd0c3ec4102d28572647ae8e1779e88a343ff161""",true,304,true,false,,0,0,0,,,1,0
573,2026-07-15T05:37:25.310Z,5730,787,17352,node,2026-07-15T03:50:49.6682453Z,"""C:\Program Files\nodejs\node.exe"" ""D:\typhoon boss radar\node_modules\next\dist\server\lib\start-server.js""",1130487808,1178169344,409,45,,false,2026-07-15T05:36:56.076Z,200,56,"""96cd572df53cfab677d8dbe0981f5ff5ed0dc0962887ac74431c051ae21afbde""",true,304,true,true,1,1191,1190,0,6,12,12,26,,,true,2026-07-15T05:37:26.087Z,304,9,"""bd0c3ec4102d28572647ae8e1779e88a343ff161""",true,304,true,false,,0,0,0,,,1,0
574,2026-07-15T05:37:35.321Z,5740,786,17352,node,2026-07-15T03:50:49.6682453Z,"""C:\Program Files\nodejs\node.exe"" ""D:\typhoon boss radar\node_modules\next\dist\server\lib\start-server.js""",1130487808,1178169344,409,45,,false,2026-07-15T05:36:56.076Z,200,56,"""96cd572df53cfab677d8dbe0981f5ff5ed0dc0962887ac74431c051ae21afbde""",true,304,true,true,1,1191,1190,0,6,12,12,26,,,true,2026-07-15T05:37:36.097Z,304,9,"""bd0c3ec4102d28572647ae8e1779e88a343ff161""",true,304,true,false,,0,0,0,,,1,0
575,2026-07-15T05:37:45.315Z,5750,733,17352,node,2026-07-15T03:50:49.6682453Z,"""C:\Program Files\nodejs\node.exe"" ""D:\typhoon boss radar\node_modules\next\dist\server\lib\start-server.js""",1130487808,1178169344,409,45,,false,2026-07-15T05:36:56.076Z,200,56,"""96cd572df53cfab677d8dbe0981f5ff5ed0dc0962887ac74431c051ae21afbde""",true,304,true,true,1,1191,1190,0,6,12,12,26,,,true,2026-07-15T05:37:46.038Z,304,10,"""bd0c3ec4102d28572647ae8e1779e88a343ff161""",true,304,true,false,,0,0,0,,,1,0
576,2026-07-15T05:37:55.325Z,5760,826,17352,node,2026-07-15T03:50:49.6682453Z,"""C:\Program Files\nodejs\node.exe"" ""D:\typhoon boss radar\node_modules\next\dist\server\lib\start-server.js""",1130487808,1178169344,409,45,,false,2026-07-15T05:36:56.076Z,200,56,"""96cd572df53cfab677d8dbe0981f5ff5ed0dc0962887ac74431c051ae21afbde""",true,304,true,true,1,1191,1190,0,6,12,12,26,,,true,2026-07-15T05:37:56.139Z,304,11,"""bd0c3ec4102d28572647ae8e1779e88a343ff161""",true,304,true,false,,0,0,0,,,1,0
577,2026-07-15T05:38:05.310Z,5770,761,17352,node,2026-07-15T03:50:49.6682453Z,"""C:\Program Files\nodejs\node.exe"" ""D:\typhoon boss radar\node_modules\next\dist\server\lib\start-server.js""",1130487808,1178169344,409,45,,false,2026-07-15T05:36:56.076Z,200,56,"""96cd572df53cfab677d8dbe0981f5ff5ed0dc0962887ac74431c051ae21afbde""",true,304,true,true,1,1191,1190,0,6,12,12,26,,,true,2026-07-15T05:38:06.061Z,304,9,"""bd0c3ec4102d28572647ae8e1779e88a343ff161""",true,304,true,false,,0,0,0,,,1,0
578,2026-07-15T05:38:15.312Z,5780,744,17352,node,2026-07-15T03:50:49.6682453Z,"""C:\Program Files\nodejs\node.exe"" ""D:\typhoon boss radar\node_modules\next\dist\server\lib\start-server.js""",1130487808,1178169344,409,45,,false,2026-07-15T05:36:56.076Z,200,56,"""96cd572df53cfab677d8dbe0981f5ff5ed0dc0962887ac74431c051ae21afbde""",true,304,true,true,1,1191,1190,0,6,12,12,26,,,true,2026-07-15T05:38:16.047Z,304,9,"""bd0c3ec4102d28572647ae8e1779e88a343ff161""",true,304,true,false,,0,0,0,,,1,0
579,2026-07-15T05:38:25.320Z,5790,742,17352,node,2026-07-15T03:50:49.6682453Z,"""C:\Program Files\nodejs\node.exe"" ""D:\typhoon boss radar\node_modules\next\dist\server\lib\start-server.js""",1130553344,1178234880,409,45,,false,2026-07-15T05:36:56.076Z,200,56,"""96cd572df53cfab677d8dbe0981f5ff5ed0dc0962887ac74431c051ae21afbde""",true,304,true,true,1,1191,1190,0,6,12,12,26,,,true,2026-07-15T05:38:26.052Z,304,10,"""bd0c3ec4102d28572647ae8e1779e88a343ff161""",true,304,true,false,,0,0,0,,,1,0
580,2026-07-15T05:38:35.321Z,5800,760,17352,node,2026-07-15T03:50:49.6682453Z,"""C:\Program Files\nodejs\node.exe"" ""D:\typhoon boss radar\node_modules\next\dist\server\lib\start-server.js""",1130553344,1178234880,409,45,,false,2026-07-15T05:36:56.076Z,200,56,"""96cd572df53cfab677d8dbe0981f5ff5ed0dc0962887ac74431c051ae21afbde""",true,304,true,true,1,1191,1190,0,6,12,12,26,,,true,2026-07-15T05:38:36.071Z,304,10,"""bd0c3ec4102d28572647ae8e1779e88a343ff161""",true,304,true,false,,0,0,0,,,1,0
581,2026-07-15T05:38:45.320Z,5810,711,17352,node,2026-07-15T03:50:49.6682453Z,"""C:\Program Files\nodejs\node.exe"" ""D:\typhoon boss radar\node_modules\next\dist\server\lib\start-server.js""",1130553344,1178234880,409,45,,false,2026-07-15T05:36:56.076Z,200,56,"""96cd572df53cfab677d8dbe0981f5ff5ed0dc0962887ac74431c051ae21afbde""",true,304,true,true,1,1191,1190,0,6,12,12,26,,,true,2026-07-15T05:38:46.020Z,304,11,"""bd0c3ec4102d28572647ae8e1779e88a343ff161""",true,304,true,false,,0,0,0,,,1,0
582,2026-07-15T05:38:55.319Z,5820,759,17352,node,2026-07-15T03:50:49.6682453Z,"""C:\Program Files\nodejs\node.exe"" ""D:\typhoon boss radar\node_modules\next\dist\server\lib\start-server.js""",1177784320,1220399104,409,45,,false,2026-07-15T05:36:56.076Z,200,56,"""96cd572df53cfab677d8dbe0981f5ff5ed0dc0962887ac74431c051ae21afbde""",true,304,true,true,1,1191,1190,0,6,12,12,26,,,true,2026-07-15T05:38:56.051Z,200,27,"""23eaf266f58a71a7413b51431593da3b96b1b3b9""",true,304,true,true,,0,0,0,,,1,0
583,2026-07-15T05:39:05.316Z,5830,764,17352,node,2026-07-15T03:50:49.6682453Z,"""C:\Program Files\nodejs\node.exe"" ""D:\typhoon boss radar\node_modules\next\dist\server\lib\start-server.js""",1049686016,1089871872,409,45,,false,2026-07-15T05:36:56.076Z,200,56,"""96cd572df53cfab677d8dbe0981f5ff5ed0dc0962887ac74431c051ae21afbde""",true,304,true,true,1,1191,1190,0,6,12,12,26,,,true,2026-07-15T05:39:06.068Z,304,12,"""23eaf266f58a71a7413b51431593da3b96b1b3b9""",true,304,true,false,,0,0,0,,,1,0
584,2026-07-15T05:39:15.321Z,5840,778,17352,node,2026-07-15T03:50:49.6682453Z,"""C:\Program Files\nodejs\node.exe"" ""D:\typhoon boss radar\node_modules\next\dist\server\lib\start-server.js""",1050902528,1090945024,409,45,,false,2026-07-15T05:36:56.076Z,200,56,"""96cd572df53cfab677d8dbe0981f5ff5ed0dc0962887ac74431c051ae21afbde""",true,304,true,true,1,1191,1190,0,6,12,12,26,,,true,2026-07-15T05:39:16.089Z,304,10,"""23eaf266f58a71a7413b51431593da3b96b1b3b9""",true,304,true,false,,0,0,0,,,1,0
585,2026-07-15T05:39:25.324Z,5850,732,17352,node,2026-07-15T03:50:49.6682453Z,"""C:\Program Files\nodejs\node.exe"" ""D:\typhoon boss radar\node_modules\next\dist\server\lib\start-server.js""",1051672576,1093636096,409,45,,false,2026-07-15T05:36:56.076Z,200,56,"""96cd572df53cfab677d8dbe0981f5ff5ed0dc0962887ac74431c051ae21afbde""",true,304,true,true,1,1191,1190,0,6,12,12,26,,,true,2026-07-15T05:39:26.046Z,304,11,"""23eaf266f58a71a7413b51431593da3b96b1b3b9""",true,304,true,false,,0,0,0,,,1,0
586,2026-07-15T05:39:35.311Z,5860,733,17352,node,2026-07-15T03:50:49.6682453Z,"""C:\Program Files\nodejs\node.exe"" ""D:\typhoon boss radar\node_modules\next\dist\server\lib\start-server.js""",1052909568,1094176768,409,45,,false,2026-07-15T05:36:56.076Z,200,56,"""96cd572df53cfab677d8dbe0981f5ff5ed0dc0962887ac74431c051ae21afbde""",true,304,true,true,1,1191,1190,0,6,12,12,26,,,true,2026-07-15T05:39:36.034Z,304,10,"""23eaf266f58a71a7413b51431593da3b96b1b3b9""",true,304,true,false,,0,0,0,,,1,0
587,2026-07-15T05:39:45.311Z,5870,784,17352,node,2026-07-15T03:50:49.6682453Z,"""C:\Program Files\nodejs\node.exe"" ""D:\typhoon boss radar\node_modules\next\dist\server\lib\start-server.js""",1053237248,1094443008,409,45,,false,2026-07-15T05:36:56.076Z,200,56,"""96cd572df53cfab677d8dbe0981f5ff5ed0dc0962887ac74431c051ae21afbde""",true,304,true,true,1,1191,1190,0,6,12,12,26,,,true,2026-07-15T05:39:46.084Z,304,11,"""23eaf266f58a71a7413b51431593da3b96b1b3b9""",true,304,true,false,,0,0,0,,,1,0
588,2026-07-15T05:39:55.320Z,5880,750,17352,node,2026-07-15T03:50:49.6682453Z,"""C:\Program Files\nodejs\node.exe"" ""D:\typhoon boss radar\node_modules\next\dist\server\lib\start-server.js""",1053761536,1094971392,409,45,,false,2026-07-15T05:36:56.076Z,200,56,"""96cd572df53cfab677d8dbe0981f5ff5ed0dc0962887ac74431c051ae21afbde""",true,304,true,true,1,1191,1190,0,6,12,12,26,,,true,2026-07-15T05:39:56.060Z,304,10,"""23eaf266f58a71a7413b51431593da3b96b1b3b9""",true,304,true,false,,0,0,0,,,1,0
589,2026-07-15T05:40:05.311Z,5890,761,17352,node,2026-07-15T03:50:49.6682453Z,"""C:\Program Files\nodejs\node.exe"" ""D:\typhoon boss radar\node_modules\next\dist\server\lib\start-server.js""",1053954048,1094971392,409,45,,false,2026-07-15T05:36:56.076Z,200,56,"""96cd572df53cfab677d8dbe0981f5ff5ed0dc0962887ac74431c051ae21afbde""",true,304,true,true,1,1191,1190,0,6,12,12,26,,,true,2026-07-15T05:40:06.062Z,304,10,"""23eaf266f58a71a7413b51431593da3b96b1b3b9""",true,304,true,false,,0,0,0,,,1,0
590,2026-07-15T05:40:15.318Z,5900,717,17352,node,2026-07-15T03:50:49.6682453Z,"""C:\Program Files\nodejs\node.exe"" ""D:\typhoon boss radar\node_modules\next\dist\server\lib\start-server.js""",1054625792,1096577024,409,45,,false,2026-07-15T05:36:56.076Z,200,56,"""96cd572df53cfab677d8dbe0981f5ff5ed0dc0962887ac74431c051ae21afbde""",true,304,true,true,1,1191,1190,0,6,12,12,26,,,true,2026-07-15T05:40:16.024Z,304,11,"""23eaf266f58a71a7413b51431593da3b96b1b3b9""",true,304,true,false,,0,0,0,,,1,0
591,2026-07-15T05:40:25.318Z,5910,757,17352,node,2026-07-15T03:50:49.6682453Z,"""C:\Program Files\nodejs\node.exe"" ""D:\typhoon boss radar\node_modules\next\dist\server\lib\start-server.js""",1055420416,1096577024,409,45,,false,2026-07-15T05:36:56.076Z,200,56,"""96cd572df53cfab677d8dbe0981f5ff5ed0dc0962887ac74431c051ae21afbde""",true,304,true,true,1,1191,1190,0,6,12,12,26,,,true,2026-07-15T05:40:26.066Z,304,10,"""23eaf266f58a71a7413b51431593da3b96b1b3b9""",true,304,true,false,,0,0,0,,,1,0
592,2026-07-15T05:40:35.310Z,5920,744,17352,node,2026-07-15T03:50:49.6682453Z,"""C:\Program Files\nodejs\node.exe"" ""D:\typhoon boss radar\node_modules\next\dist\server\lib\start-server.js""",1055870976,1096577024,409,45,,false,2026-07-15T05:36:56.076Z,200,56,"""96cd572df53cfab677d8dbe0981f5ff5ed0dc0962887ac74431c051ae21afbde""",true,304,true,true,1,1191,1190,0,6,12,12,26,,,true,2026-07-15T05:40:36.044Z,304,10,"""23eaf266f58a71a7413b51431593da3b96b1b3b9""",true,304,true,false,,0,0,0,,,1,0
593,2026-07-15T05:40:45.324Z,5930,705,17352,node,2026-07-15T03:50:49.6682453Z,"""C:\Program Files\nodejs\node.exe"" ""D:\typhoon boss radar\node_modules\next\dist\server\lib\start-server.js""",1057853440,1099722752,409,45,,false,2026-07-15T05:36:56.076Z,200,56,"""96cd572df53cfab677d8dbe0981f5ff5ed0dc0962887ac74431c051ae21afbde""",true,304,true,true,1,1191,1190,0,6,12,12,26,,,true,2026-07-15T05:40:46.018Z,304,10,"""23eaf266f58a71a7413b51431593da3b96b1b3b9""",true,304,true,false,,0,0,0,,,1,0
594,2026-07-15T05:40:55.319Z,5940,771,17352,node,2026-07-15T03:50:49.6682453Z,"""C:\Program Files\nodejs\node.exe"" ""D:\typhoon boss radar\node_modules\next\dist\server\lib\start-server.js""",1059287040,1100804096,409,45,,false,2026-07-15T05:36:56.076Z,200,56,"""96cd572df53cfab677d8dbe0981f5ff5ed0dc0962887ac74431c051ae21afbde""",true,304,true,true,1,1191,1190,0,6,12,12,26,,,true,2026-07-15T05:40:56.081Z,304,9,"""23eaf266f58a71a7413b51431593da3b96b1b3b9""",true,304,true,false,,0,0,0,,,1,0
595,2026-07-15T05:41:05.313Z,5950,768,17352,node,2026-07-15T03:50:49.6682453Z,"""C:\Program Files\nodejs\node.exe"" ""D:\typhoon boss radar\node_modules\next\dist\server\lib\start-server.js""",1060007936,1101336576,409,45,,false,2026-07-15T05:36:56.076Z,200,56,"""96cd572df53cfab677d8dbe0981f5ff5ed0dc0962887ac74431c051ae21afbde""",true,304,true,true,1,1191,1190,0,6,12,12,26,,,true,2026-07-15T05:41:06.071Z,304,10,"""23eaf266f58a71a7413b51431593da3b96b1b3b9""",true,304,true,false,,0,0,0,,,1,0
596,2026-07-15T05:41:15.319Z,5960,739,17352,node,2026-07-15T03:50:49.6682453Z,"""C:\Program Files\nodejs\node.exe"" ""D:\typhoon boss radar\node_modules\next\dist\server\lib\start-server.js""",1060466688,1101336576,409,45,,false,2026-07-15T05:36:56.076Z,200,56,"""96cd572df53cfab677d8dbe0981f5ff5ed0dc0962887ac74431c051ae21afbde""",true,304,true,true,1,1191,1190,0,6,12,12,26,,,true,2026-07-15T05:41:16.048Z,304,10,"""23eaf266f58a71a7413b51431593da3b96b1b3b9""",true,304,true,false,,0,0,0,,,1,0
597,2026-07-15T05:41:25.311Z,5970,805,17352,node,2026-07-15T03:50:49.6682453Z,"""C:\Program Files\nodejs\node.exe"" ""D:\typhoon boss radar\node_modules\next\dist\server\lib\start-server.js""",1061232640,1101336576,409,45,,false,2026-07-15T05:36:56.076Z,200,56,"""96cd572df53cfab677d8dbe0981f5ff5ed0dc0962887ac74431c051ae21afbde""",true,304,true,true,1,1191,1190,0,6,12,12,26,,,true,2026-07-15T05:41:26.107Z,304,10,"""23eaf266f58a71a7413b51431593da3b96b1b3b9""",true,304,true,false,,0,0,0,,,1,0
598,2026-07-15T05:41:35.323Z,5980,746,17352,node,2026-07-15T03:50:49.6682453Z,"""C:\Program Files\nodejs\node.exe"" ""D:\typhoon boss radar\node_modules\next\dist\server\lib\start-server.js""",1062178816,1104285696,409,45,,false,2026-07-15T05:36:56.076Z,200,56,"""96cd572df53cfab677d8dbe0981f5ff5ed0dc0962887ac74431c051ae21afbde""",true,304,true,true,1,1191,1190,0,6,12,12,26,,,true,2026-07-15T05:41:36.059Z,304,10,"""23eaf266f58a71a7413b51431593da3b96b1b3b9""",true,304,true,false,,0,0,0,,,1,0
599,2026-07-15T05:41:45.323Z,5990,764,17352,node,2026-07-15T03:50:49.6682453Z,"""C:\Program Files\nodejs\node.exe"" ""D:\typhoon boss radar\node_modules\next\dist\server\lib\start-server.js""",1063649280,1105358848,409,45,,false,2026-07-15T05:36:56.076Z,200,56,"""96cd572df53cfab677d8dbe0981f5ff5ed0dc0962887ac74431c051ae21afbde""",true,304,true,true,1,1191,1190,0,6,12,12,26,,,true,2026-07-15T05:41:46.077Z,304,10,"""23eaf266f58a71a7413b51431593da3b96b1b3b9""",true,304,true,false,,0,0,0,,,1,0
600,2026-07-15T05:41:55.313Z,6000,839,17352,node,2026-07-15T03:50:49.6682453Z,"""C:\Program Files\nodejs\node.exe"" ""D:\typhoon boss radar\node_modules\next\dist\server\lib\start-server.js""",1064202240,1105629184,409,45,,true,2026-07-15T05:41:56.087Z,200,52,"""872d09307c88d6baca4b3244a5cd8f8d7405eae16aa59d13ef5555961b2ffe17""",true,304,true,true,1,1200,1199,0,6,12,12,26,,,true,2026-07-15T05:41:56.144Z,304,8,"""23eaf266f58a71a7413b51431593da3b96b1b3b9""",true,304,true,false,,0,0,0,,,1,0
601,2026-07-15T05:42:05.321Z,6010,811,17352,node,2026-07-15T03:50:49.6682453Z,"""C:\Program Files\nodejs\node.exe"" ""D:\typhoon boss radar\node_modules\next\dist\server\lib\start-server.js""",1088102400,1135214592,409,45,,false,2026-07-15T05:41:56.087Z,200,52,"""872d09307c88d6baca4b3244a5cd8f8d7405eae16aa59d13ef5555961b2ffe17""",true,304,true,true,1,1200,1199,0,6,12,12,26,,,true,2026-07-15T05:42:06.123Z,304,9,"""23eaf266f58a71a7413b51431593da3b96b1b3b9""",true,304,true,false,,0,0,0,,,1,0
602,2026-07-15T05:42:15.314Z,6020,825,17352,node,2026-07-15T03:50:49.6682453Z,"""C:\Program Files\nodejs\node.exe"" ""D:\typhoon boss radar\node_modules\next\dist\server\lib\start-server.js""",1089331200,1135484928,409,45,,false,2026-07-15T05:41:56.087Z,200,52,"""872d09307c88d6baca4b3244a5cd8f8d7405eae16aa59d13ef5555961b2ffe17""",true,304,true,true,1,1200,1199,0,6,12,12,26,,,true,2026-07-15T05:42:16.129Z,304,9,"""23eaf266f58a71a7413b51431593da3b96b1b3b9""",true,304,true,false,,0,0,0,,,1,0
603,2026-07-15T05:42:25.323Z,6030,777,17352,node,2026-07-15T03:50:49.6682453Z,"""C:\Program Files\nodejs\node.exe"" ""D:\typhoon boss radar\node_modules\next\dist\server\lib\start-server.js""",1091293184,1135714304,409,45,,false,2026-07-15T05:41:56.087Z,200,52,"""872d09307c88d6baca4b3244a5cd8f8d7405eae16aa59d13ef5555961b2ffe17""",true,304,true,true,1,1200,1199,0,6,12,12,26,,,true,2026-07-15T05:42:26.091Z,304,10,"""23eaf266f58a71a7413b51431593da3b96b1b3b9""",true,304,true,false,,0,0,0,,,1,0
604,2026-07-15T05:42:35.317Z,6040,794,17352,node,2026-07-15T03:50:49.6682453Z,"""C:\Program Files\nodejs\node.exe"" ""D:\typhoon boss radar\node_modules\next\dist\server\lib\start-server.js""",1091747840,1135714304,409,45,,false,2026-07-15T05:41:56.087Z,200,52,"""872d09307c88d6baca4b3244a5cd8f8d7405eae16aa59d13ef5555961b2ffe17""",true,304,true,true,1,1200,1199,0,6,12,12,26,,,true,2026-07-15T05:42:36.101Z,304,10,"""23eaf266f58a71a7413b51431593da3b96b1b3b9""",true,304,true,false,,0,0,0,,,1,0
605,2026-07-15T05:42:45.323Z,6050,817,17352,node,2026-07-15T03:50:49.6682453Z,"""C:\Program Files\nodejs\node.exe"" ""D:\typhoon boss radar\node_modules\next\dist\server\lib\start-server.js""",1091747840,1135714304,409,45,,false,2026-07-15T05:41:56.087Z,200,52,"""872d09307c88d6baca4b3244a5cd8f8d7405eae16aa59d13ef5555961b2ffe17""",true,304,true,true,1,1200,1199,0,6,12,12,26,,,true,2026-07-15T05:42:46.130Z,304,10,"""23eaf266f58a71a7413b51431593da3b96b1b3b9""",true,304,true,false,,0,0,0,,,1,0
606,2026-07-15T05:42:55.314Z,6060,794,17352,node,2026-07-15T03:50:49.6682453Z,"""C:\Program Files\nodejs\node.exe"" ""D:\typhoon boss radar\node_modules\next\dist\server\lib\start-server.js""",1091747840,1135714304,409,45,,false,2026-07-15T05:41:56.087Z,200,52,"""872d09307c88d6baca4b3244a5cd8f8d7405eae16aa59d13ef5555961b2ffe17""",true,304,true,true,1,1200,1199,0,6,12,12,26,,,true,2026-07-15T05:42:56.098Z,304,10,"""23eaf266f58a71a7413b51431593da3b96b1b3b9""",true,304,true,false,,0,0,0,,,1,0
607,2026-07-15T05:43:05.317Z,6070,777,17352,node,2026-07-15T03:50:49.6682453Z,"""C:\Program Files\nodejs\node.exe"" ""D:\typhoon boss radar\node_modules\next\dist\server\lib\start-server.js""",1091747840,1135714304,409,45,,false,2026-07-15T05:41:56.087Z,200,52,"""872d09307c88d6baca4b3244a5cd8f8d7405eae16aa59d13ef5555961b2ffe17""",true,304,true,true,1,1200,1199,0,6,12,12,26,,,true,2026-07-15T05:43:06.065Z,200,28,"""1514ce618dd50de01952ff077d06286541405ac7""",true,304,true,true,,0,0,0,,,1,0
608,2026-07-15T05:43:15.324Z,6080,787,17352,node,2026-07-15T03:50:49.6682453Z,"""C:\Program Files\nodejs\node.exe"" ""D:\typhoon boss radar\node_modules\next\dist\server\lib\start-server.js""",1091821568,1135788032,409,45,,false,2026-07-15T05:41:56.087Z,200,52,"""872d09307c88d6baca4b3244a5cd8f8d7405eae16aa59d13ef5555961b2ffe17""",true,304,true,true,1,1200,1199,0,6,12,12,26,,,true,2026-07-15T05:43:16.101Z,304,10,"""1514ce618dd50de01952ff077d06286541405ac7""",true,304,true,false,,0,0,0,,,1,0
609,2026-07-15T05:43:25.324Z,6090,763,17352,node,2026-07-15T03:50:49.6682453Z,"""C:\Program Files\nodejs\node.exe"" ""D:\typhoon boss radar\node_modules\next\dist\server\lib\start-server.js""",1092595712,1135788032,409,45,,false,2026-07-15T05:41:56.087Z,200,52,"""872d09307c88d6baca4b3244a5cd8f8d7405eae16aa59d13ef5555961b2ffe17""",true,304,true,true,1,1200,1199,0,6,12,12,26,,,true,2026-07-15T05:43:26.077Z,304,10,"""1514ce618dd50de01952ff077d06286541405ac7""",true,304,true,false,,0,0,0,,,1,0
610,2026-07-15T05:43:35.314Z,6100,774,17352,node,2026-07-15T03:50:49.6682453Z,"""C:\Program Files\nodejs\node.exe"" ""D:\typhoon boss radar\node_modules\next\dist\server\lib\start-server.js""",1092853760,1135788032,409,45,,false,2026-07-15T05:41:56.087Z,200,52,"""872d09307c88d6baca4b3244a5cd8f8d7405eae16aa59d13ef5555961b2ffe17""",true,304,true,true,1,1200,1199,0,6,12,12,26,,,true,2026-07-15T05:43:36.078Z,304,10,"""1514ce618dd50de01952ff077d06286541405ac7""",true,304,true,false,,0,0,0,,,1,0
611,2026-07-15T05:43:45.322Z,6110,770,17352,node,2026-07-15T03:50:49.6682453Z,"""C:\Program Files\nodejs\node.exe"" ""D:\typhoon boss radar\node_modules\next\dist\server\lib\start-server.js""",1092853760,1135788032,409,45,,false,2026-07-15T05:41:56.087Z,200,52,"""872d09307c88d6baca4b3244a5cd8f8d7405eae16aa59d13ef5555961b2ffe17""",true,304,true,true,1,1200,1199,0,6,12,12,26,,,true,2026-07-15T05:43:46.082Z,304,10,"""1514ce618dd50de01952ff077d06286541405ac7""",true,304,true,false,,0,0,0,,,1,0
612,2026-07-15T05:43:55.315Z,6120,791,17352,node,2026-07-15T03:50:49.6682453Z,"""C:\Program Files\nodejs\node.exe"" ""D:\typhoon boss radar\node_modules\next\dist\server\lib\start-server.js""",1092919296,1135853568,409,45,,false,2026-07-15T05:41:56.087Z,200,52,"""872d09307c88d6baca4b3244a5cd8f8d7405eae16aa59d13ef5555961b2ffe17""",true,304,true,true,1,1200,1199,0,6,12,12,26,,,true,2026-07-15T05:43:56.097Z,304,10,"""1514ce618dd50de01952ff077d06286541405ac7""",true,304,true,false,,0,0,0,,,1,0
613,2026-07-15T05:44:05.324Z,6130,759,17352,node,2026-07-15T03:50:49.6682453Z,"""C:\Program Files\nodejs\node.exe"" ""D:\typhoon boss radar\node_modules\next\dist\server\lib\start-server.js""",1093177344,1135853568,409,45,,false,2026-07-15T05:41:56.087Z,200,52,"""872d09307c88d6baca4b3244a5cd8f8d7405eae16aa59d13ef5555961b2ffe17""",true,304,true,true,1,1200,1199,0,6,12,12,26,,,true,2026-07-15T05:44:06.073Z,304,10,"""1514ce618dd50de01952ff077d06286541405ac7""",true,304,true,false,,0,0,0,,,1,0
614,2026-07-15T05:44:15.315Z,6140,789,17352,node,2026-07-15T03:50:49.6682453Z,"""C:\Program Files\nodejs\node.exe"" ""D:\typhoon boss radar\node_modules\next\dist\server\lib\start-server.js""",1093181440,1135853568,409,45,,false,2026-07-15T05:41:56.087Z,200,52,"""872d09307c88d6baca4b3244a5cd8f8d7405eae16aa59d13ef5555961b2ffe17""",true,304,true,true,1,1200,1199,0,6,12,12,26,,,true,2026-07-15T05:44:16.093Z,304,10,"""1514ce618dd50de01952ff077d06286541405ac7""",true,304,true,false,,0,0,0,,,1,0
615,2026-07-15T05:44:25.310Z,6150,813,17352,node,2026-07-15T03:50:49.6682453Z,"""C:\Program Files\nodejs\node.exe"" ""D:\typhoon boss radar\node_modules\next\dist\server\lib\start-server.js""",1093693440,1135853568,409,45,,false,2026-07-15T05:41:56.087Z,200,52,"""872d09307c88d6baca4b3244a5cd8f8d7405eae16aa59d13ef5555961b2ffe17""",true,304,true,true,1,1200,1199,0,6,12,12,26,,,true,2026-07-15T05:44:26.113Z,304,10,"""1514ce618dd50de01952ff077d06286541405ac7""",true,304,true,false,,0,0,0,,,1,0
616,2026-07-15T05:44:35.313Z,6160,792,17352,node,2026-07-15T03:50:49.6682453Z,"""C:\Program Files\nodejs\node.exe"" ""D:\typhoon boss radar\node_modules\next\dist\server\lib\start-server.js""",1094471680,1136123904,409,45,,false,2026-07-15T05:41:56.087Z,200,52,"""872d09307c88d6baca4b3244a5cd8f8d7405eae16aa59d13ef5555961b2ffe17""",true,304,true,true,1,1200,1199,0,6,12,12,26,,,true,2026-07-15T05:44:36.096Z,304,10,"""1514ce618dd50de01952ff077d06286541405ac7""",true,304,true,false,,0,0,0,,,1,0
617,2026-07-15T05:44:45.315Z,6170,811,17352,node,2026-07-15T03:50:49.6682453Z,"""C:\Program Files\nodejs\node.exe"" ""D:\typhoon boss radar\node_modules\next\dist\server\lib\start-server.js""",1094471680,1136123904,409,45,,false,2026-07-15T05:41:56.087Z,200,52,"""872d09307c88d6baca4b3244a5cd8f8d7405eae16aa59d13ef5555961b2ffe17""",true,304,true,true,1,1200,1199,0,6,12,12,26,,,true,2026-07-15T05:44:46.116Z,304,10,"""1514ce618dd50de01952ff077d06286541405ac7""",true,304,true,false,,0,0,0,,,1,0
618,2026-07-15T05:44:55.322Z,6180,794,17352,node,2026-07-15T03:50:49.6682453Z,"""C:\Program Files\nodejs\node.exe"" ""D:\typhoon boss radar\node_modules\next\dist\server\lib\start-server.js""",1094922240,1136189440,409,45,,false,2026-07-15T05:41:56.087Z,200,52,"""872d09307c88d6baca4b3244a5cd8f8d7405eae16aa59d13ef5555961b2ffe17""",true,304,true,true,1,1200,1199,0,6,12,12,26,,,true,2026-07-15T05:44:56.105Z,304,10,"""1514ce618dd50de01952ff077d06286541405ac7""",true,304,true,false,,0,0,0,,,1,0
619,2026-07-15T05:45:05.324Z,6190,747,17352,node,2026-07-15T03:50:49.6682453Z,"""C:\Program Files\nodejs\node.exe"" ""D:\typhoon boss radar\node_modules\next\dist\server\lib\start-server.js""",1099599872,1142624256,409,45,,false,2026-07-15T05:41:56.087Z,200,52,"""872d09307c88d6baca4b3244a5cd8f8d7405eae16aa59d13ef5555961b2ffe17""",true,304,true,true,1,1200,1199,0,6,12,12,26,,,true,2026-07-15T05:45:06.062Z,304,10,"""1514ce618dd50de01952ff077d06286541405ac7""",true,304,true,false,,0,0,0,,,1,0
620,2026-07-15T05:45:15.315Z,6200,765,17352,node,2026-07-15T03:50:49.6682453Z,"""C:\Program Files\nodejs\node.exe"" ""D:\typhoon boss radar\node_modules\next\dist\server\lib\start-server.js""",1101099008,1143697408,409,45,,false,2026-07-15T05:41:56.087Z,200,52,"""872d09307c88d6baca4b3244a5cd8f8d7405eae16aa59d13ef5555961b2ffe17""",true,304,true,true,1,1200,1199,0,6,12,12,26,,,true,2026-07-15T05:45:16.070Z,304,10,"""1514ce618dd50de01952ff077d06286541405ac7""",true,304,true,false,,0,0,0,,,1,0
621,2026-07-15T05:45:25.319Z,6210,775,17352,node,2026-07-15T03:50:49.6682453Z,"""C:\Program Files\nodejs\node.exe"" ""D:\typhoon boss radar\node_modules\next\dist\server\lib\start-server.js""",1101754368,1144229888,409,45,,false,2026-07-15T05:41:56.087Z,200,52,"""872d09307c88d6baca4b3244a5cd8f8d7405eae16aa59d13ef5555961b2ffe17""",true,304,true,true,1,1200,1199,0,6,12,12,26,,,true,2026-07-15T05:45:26.084Z,304,10,"""1514ce618dd50de01952ff077d06286541405ac7""",true,304,true,false,,0,0,0,,,1,0
622,2026-07-15T05:45:35.319Z,6220,787,17352,node,2026-07-15T03:50:49.6682453Z,"""C:\Program Files\nodejs\node.exe"" ""D:\typhoon boss radar\node_modules\next\dist\server\lib\start-server.js""",1102274560,1144229888,409,45,,false,2026-07-15T05:41:56.087Z,200,52,"""872d09307c88d6baca4b3244a5cd8f8d7405eae16aa59d13ef5555961b2ffe17""",true,304,true,true,1,1200,1199,0,6,12,12,26,,,true,2026-07-15T05:45:36.095Z,304,11,"""1514ce618dd50de01952ff077d06286541405ac7""",true,304,true,false,,0,0,0,,,1,0
623,2026-07-15T05:45:45.314Z,6230,764,17352,node,2026-07-15T03:50:49.6682453Z,"""C:\Program Files\nodejs\node.exe"" ""D:\typhoon boss radar\node_modules\next\dist\server\lib\start-server.js""",1103175680,1144295424,409,45,,false,2026-07-15T05:41:56.087Z,200,52,"""872d09307c88d6baca4b3244a5cd8f8d7405eae16aa59d13ef5555961b2ffe17""",true,304,true,true,1,1200,1199,0,6,12,12,26,,,true,2026-07-15T05:45:46.067Z,304,10,"""1514ce618dd50de01952ff077d06286541405ac7""",true,304,true,false,,0,0,0,,,1,0
624,2026-07-15T05:45:55.316Z,6240,793,17352,node,2026-07-15T03:50:49.6682453Z,"""C:\Program Files\nodejs\node.exe"" ""D:\typhoon boss radar\node_modules\next\dist\server\lib\start-server.js""",1104125952,1147527168,409,45,,false,2026-07-15T05:41:56.087Z,200,52,"""872d09307c88d6baca4b3244a5cd8f8d7405eae16aa59d13ef5555961b2ffe17""",true,304,true,true,1,1200,1199,0,6,12,12,26,,,true,2026-07-15T05:45:56.100Z,304,10,"""1514ce618dd50de01952ff077d06286541405ac7""",true,304,true,false,,0,0,0,,,1,0
625,2026-07-15T05:46:05.321Z,6250,745,17352,node,2026-07-15T03:50:49.6682453Z,"""C:\Program Files\nodejs\node.exe"" ""D:\typhoon boss radar\node_modules\next\dist\server\lib\start-server.js""",1106079744,1148604416,409,45,,false,2026-07-15T05:41:56.087Z,200,52,"""872d09307c88d6baca4b3244a5cd8f8d7405eae16aa59d13ef5555961b2ffe17""",true,304,true,true,1,1200,1199,0,6,12,12,26,,,true,2026-07-15T05:46:06.056Z,304,10,"""1514ce618dd50de01952ff077d06286541405ac7""",true,304,true,false,,0,0,0,,,1,0
626,2026-07-15T05:46:15.319Z,6260,721,17352,node,2026-07-15T03:50:49.6682453Z,"""C:\Program Files\nodejs\node.exe"" ""D:\typhoon boss radar\node_modules\next\dist\server\lib\start-server.js""",1106735104,1149407232,409,45,,false,2026-07-15T05:41:56.087Z,200,52,"""872d09307c88d6baca4b3244a5cd8f8d7405eae16aa59d13ef5555961b2ffe17""",true,304,true,true,1,1200,1199,0,6,12,12,26,,,true,2026-07-15T05:46:16.031Z,304,10,"""1514ce618dd50de01952ff077d06286541405ac7""",true,304,true,false,,0,0,0,,,1,0
627,2026-07-15T05:46:25.324Z,6270,745,17352,node,2026-07-15T03:50:49.6682453Z,"""C:\Program Files\nodejs\node.exe"" ""D:\typhoon boss radar\node_modules\next\dist\server\lib\start-server.js""",1106866176,1149407232,409,45,,false,2026-07-15T05:41:56.087Z,200,52,"""872d09307c88d6baca4b3244a5cd8f8d7405eae16aa59d13ef5555961b2ffe17""",true,304,true,true,1,1200,1199,0,6,12,12,26,,,true,2026-07-15T05:46:26.058Z,304,10,"""1514ce618dd50de01952ff077d06286541405ac7""",true,304,true,false,,0,0,0,,,1,0
628,2026-07-15T05:46:35.311Z,6280,801,17352,node,2026-07-15T03:50:49.6682453Z,"""C:\Program Files\nodejs\node.exe"" ""D:\typhoon boss radar\node_modules\next\dist\server\lib\start-server.js""",1107640320,1151086592,409,45,,false,2026-07-15T05:41:56.087Z,200,52,"""872d09307c88d6baca4b3244a5cd8f8d7405eae16aa59d13ef5555961b2ffe17""",true,304,true,true,1,1200,1199,0,6,12,12,26,,,true,2026-07-15T05:46:36.096Z,304,16,"""1514ce618dd50de01952ff077d06286541405ac7""",true,304,true,false,,0,0,0,,,1,0
629,2026-07-15T05:46:45.312Z,6290,795,17352,node,2026-07-15T03:50:49.6682453Z,"""C:\Program Files\nodejs\node.exe"" ""D:\typhoon boss radar\node_modules\next\dist\server\lib\start-server.js""",1102381056,1144610816,409,45,,false,2026-07-15T05:41:56.087Z,200,52,"""872d09307c88d6baca4b3244a5cd8f8d7405eae16aa59d13ef5555961b2ffe17""",true,304,true,true,1,1200,1199,0,6,12,12,26,,,true,2026-07-15T05:46:46.097Z,304,10,"""1514ce618dd50de01952ff077d06286541405ac7""",true,304,true,false,,0,0,0,,,1,0
630,2026-07-15T05:46:55.311Z,6300,803,17352,node,2026-07-15T03:50:49.6682453Z,"""C:\Program Files\nodejs\node.exe"" ""D:\typhoon boss radar\node_modules\next\dist\server\lib\start-server.js""",1103155200,1144610816,409,45,,true,2026-07-15T05:46:56.049Z,200,53,"""38e22a3a51fc7431425d5f1d4b20bbafc41e92abb0c932e6440a4d4767b86368""",true,304,true,true,1,1208,1207,0,6,12,12,26,,,true,2026-07-15T05:46:56.106Z,304,8,"""1514ce618dd50de01952ff077d06286541405ac7""",true,304,true,false,,0,0,0,,,1,0
631,2026-07-15T05:47:05.313Z,6310,797,17352,node,2026-07-15T03:50:49.6682453Z,"""C:\Program Files\nodejs\node.exe"" ""D:\typhoon boss radar\node_modules\next\dist\server\lib\start-server.js""",1120337920,1167691776,409,45,,false,2026-07-15T05:46:56.049Z,200,53,"""38e22a3a51fc7431425d5f1d4b20bbafc41e92abb0c932e6440a4d4767b86368""",true,304,true,true,1,1208,1207,0,6,12,12,26,,,true,2026-07-15T05:47:06.101Z,304,10,"""1514ce618dd50de01952ff077d06286541405ac7""",true,304,true,false,,0,0,0,,,1,0
632,2026-07-15T05:47:15.324Z,6320,772,17352,node,2026-07-15T03:50:49.6682453Z,"""C:\Program Files\nodejs\node.exe"" ""D:\typhoon boss radar\node_modules\next\dist\server\lib\start-server.js""",1121828864,1168220160,409,45,,false,2026-07-15T05:46:56.049Z,200,53,"""38e22a3a51fc7431425d5f1d4b20bbafc41e92abb0c932e6440a4d4767b86368""",true,304,true,true,1,1208,1207,0,6,12,12,26,,,true,2026-07-15T05:47:16.076Z,200,19,"""f50e9592136a62cfa465ec525342fcca81dc1d5c""",true,304,true,true,,0,0,0,,,1,0
633,2026-07-15T05:47:25.322Z,6330,800,17352,node,2026-07-15T03:50:49.6682453Z,"""C:\Program Files\nodejs\node.exe"" ""D:\typhoon boss radar\node_modules\next\dist\server\lib\start-server.js""",1121705984,1166508032,409,45,,false,2026-07-15T05:46:56.049Z,200,53,"""38e22a3a51fc7431425d5f1d4b20bbafc41e92abb0c932e6440a4d4767b86368""",true,304,true,true,1,1208,1207,0,6,12,12,26,,,true,2026-07-15T05:47:26.113Z,304,9,"""f50e9592136a62cfa465ec525342fcca81dc1d5c""",true,304,true,false,,0,0,0,,,1,0
634,2026-07-15T05:47:35.312Z,6340,790,17352,node,2026-07-15T03:50:49.6682453Z,"""C:\Program Files\nodejs\node.exe"" ""D:\typhoon boss radar\node_modules\next\dist\server\lib\start-server.js""",1121771520,1166508032,409,45,,false,2026-07-15T05:46:56.049Z,200,53,"""38e22a3a51fc7431425d5f1d4b20bbafc41e92abb0c932e6440a4d4767b86368""",true,304,true,true,1,1208,1207,0,6,12,12,26,,,true,2026-07-15T05:47:36.092Z,304,10,"""f50e9592136a62cfa465ec525342fcca81dc1d5c""",true,304,true,false,,0,0,0,,,1,0
635,2026-07-15T05:47:45.319Z,6350,762,17352,node,2026-07-15T03:50:49.6682453Z,"""C:\Program Files\nodejs\node.exe"" ""D:\typhoon boss radar\node_modules\next\dist\server\lib\start-server.js""",1121779712,1166508032,409,45,,false,2026-07-15T05:46:56.049Z,200,53,"""38e22a3a51fc7431425d5f1d4b20bbafc41e92abb0c932e6440a4d4767b86368""",true,304,true,true,1,1208,1207,0,6,12,12,26,,,true,2026-07-15T05:47:46.072Z,304,9,"""f50e9592136a62cfa465ec525342fcca81dc1d5c""",true,304,true,false,,0,0,0,,,1,0
636,2026-07-15T05:47:55.323Z,6360,777,17352,node,2026-07-15T03:50:49.6682453Z,"""C:\Program Files\nodejs\node.exe"" ""D:\typhoon boss radar\node_modules\next\dist\server\lib\start-server.js""",1122762752,1167499264,409,45,,false,2026-07-15T05:46:56.049Z,200,53,"""38e22a3a51fc7431425d5f1d4b20bbafc41e92abb0c932e6440a4d4767b86368""",true,304,true,true,1,1208,1207,0,6,12,12,26,,,true,2026-07-15T05:47:56.089Z,304,10,"""f50e9592136a62cfa465ec525342fcca81dc1d5c""",true,304,true,false,,0,0,0,,,1,0
637,2026-07-15T05:48:05.312Z,6370,760,17352,node,2026-07-15T03:50:49.6682453Z,"""C:\Program Files\nodejs\node.exe"" ""D:\typhoon boss radar\node_modules\next\dist\server\lib\start-server.js""",1122762752,1167499264,409,45,,false,2026-07-15T05:46:56.049Z,200,53,"""38e22a3a51fc7431425d5f1d4b20bbafc41e92abb0c932e6440a4d4767b86368""",true,304,true,true,1,1208,1207,0,6,12,12,26,,,true,2026-07-15T05:48:06.062Z,304,9,"""f50e9592136a62cfa465ec525342fcca81dc1d5c""",true,304,true,false,,0,0,0,,,1,0
638,2026-07-15T05:48:15.311Z,6380,763,17352,node,2026-07-15T03:50:49.6682453Z,"""C:\Program Files\nodejs\node.exe"" ""D:\typhoon boss radar\node_modules\next\dist\server\lib\start-server.js""",1122762752,1167499264,409,45,,false,2026-07-15T05:46:56.049Z,200,53,"""38e22a3a51fc7431425d5f1d4b20bbafc41e92abb0c932e6440a4d4767b86368""",true,304,true,true,1,1208,1207,0,6,12,12,26,,,true,2026-07-15T05:48:16.065Z,304,9,"""f50e9592136a62cfa465ec525342fcca81dc1d5c""",true,304,true,false,,0,0,0,,,1,0
639,2026-07-15T05:48:25.324Z,6390,761,17352,node,2026-07-15T03:50:49.6682453Z,"""C:\Program Files\nodejs\node.exe"" ""D:\typhoon boss radar\node_modules\next\dist\server\lib\start-server.js""",1122762752,1167499264,409,45,,false,2026-07-15T05:46:56.049Z,200,53,"""38e22a3a51fc7431425d5f1d4b20bbafc41e92abb0c932e6440a4d4767b86368""",true,304,true,true,1,1208,1207,0,6,12,12,26,,,true,2026-07-15T05:48:26.075Z,304,10,"""f50e9592136a62cfa465ec525342fcca81dc1d5c""",true,304,true,false,,0,0,0,,,1,0
640,2026-07-15T05:48:35.323Z,6400,779,17352,node,2026-07-15T03:50:49.6682453Z,"""C:\Program Files\nodejs\node.exe"" ""D:\typhoon boss radar\node_modules\next\dist\server\lib\start-server.js""",1122766848,1167499264,409,45,,false,2026-07-15T05:46:56.049Z,200,53,"""38e22a3a51fc7431425d5f1d4b20bbafc41e92abb0c932e6440a4d4767b86368""",true,304,true,true,1,1208,1207,0,6,12,12,26,,,true,2026-07-15T05:48:36.093Z,304,10,"""f50e9592136a62cfa465ec525342fcca81dc1d5c""",true,304,true,false,,0,0,0,,,1,0
641,2026-07-15T05:48:45.324Z,6410,765,17352,node,2026-07-15T03:50:49.6682453Z,"""C:\Program Files\nodejs\node.exe"" ""D:\typhoon boss radar\node_modules\next\dist\server\lib\start-server.js""",1122766848,1167499264,409,45,,false,2026-07-15T05:46:56.049Z,200,53,"""38e22a3a51fc7431425d5f1d4b20bbafc41e92abb0c932e6440a4d4767b86368""",true,304,true,true,1,1208,1207,0,6,12,12,26,,,true,2026-07-15T05:48:46.079Z,304,10,"""f50e9592136a62cfa465ec525342fcca81dc1d5c""",true,304,true,false,,0,0,0,,,1,0
642,2026-07-15T05:48:55.322Z,6420,790,17352,node,2026-07-15T03:50:49.6682453Z,"""C:\Program Files\nodejs\node.exe"" ""D:\typhoon boss radar\node_modules\next\dist\server\lib\start-server.js""",1122766848,1167499264,409,45,,false,2026-07-15T05:46:56.049Z,200,53,"""38e22a3a51fc7431425d5f1d4b20bbafc41e92abb0c932e6440a4d4767b86368""",true,304,true,true,1,1208,1207,0,6,12,12,26,,,true,2026-07-15T05:48:56.102Z,304,10,"""f50e9592136a62cfa465ec525342fcca81dc1d5c""",true,304,true,false,,0,0,0,,,1,0
643,2026-07-15T05:49:05.315Z,6430,758,17352,node,2026-07-15T03:50:49.6682453Z,"""C:\Program Files\nodejs\node.exe"" ""D:\typhoon boss radar\node_modules\next\dist\server\lib\start-server.js""",1122766848,1167499264,409,45,,false,2026-07-15T05:46:56.049Z,200,53,"""38e22a3a51fc7431425d5f1d4b20bbafc41e92abb0c932e6440a4d4767b86368""",true,304,true,true,1,1208,1207,0,6,12,12,26,,,true,2026-07-15T05:49:06.063Z,304,10,"""f50e9592136a62cfa465ec525342fcca81dc1d5c""",true,304,true,false,,0,0,0,,,1,0
644,2026-07-15T05:49:15.321Z,6440,698,17352,node,2026-07-15T03:50:49.6682453Z,"""C:\Program Files\nodejs\node.exe"" ""D:\typhoon boss radar\node_modules\next\dist\server\lib\start-server.js""",1122766848,1167499264,409,45,,false,2026-07-15T05:46:56.049Z,200,53,"""38e22a3a51fc7431425d5f1d4b20bbafc41e92abb0c932e6440a4d4767b86368""",true,304,true,true,1,1208,1207,0,6,12,12,26,,,true,2026-07-15T05:49:16.008Z,304,10,"""f50e9592136a62cfa465ec525342fcca81dc1d5c""",true,304,true,false,,0,0,0,,,1,0
645,2026-07-15T05:49:25.311Z,6450,731,17352,node,2026-07-15T03:50:49.6682453Z,"""C:\Program Files\nodejs\node.exe"" ""D:\typhoon boss radar\node_modules\next\dist\server\lib\start-server.js""",1124667392,1169412096,409,45,,false,2026-07-15T05:46:56.049Z,200,53,"""38e22a3a51fc7431425d5f1d4b20bbafc41e92abb0c932e6440a4d4767b86368""",true,304,true,true,1,1208,1207,0,6,12,12,26,,,true,2026-07-15T05:49:26.032Z,304,10,"""f50e9592136a62cfa465ec525342fcca81dc1d5c""",true,304,true,false,,0,0,0,,,1,0
646,2026-07-15T05:49:35.313Z,6460,785,17352,node,2026-07-15T03:50:49.6682453Z,"""C:\Program Files\nodejs\node.exe"" ""D:\typhoon boss radar\node_modules\next\dist\server\lib\start-server.js""",1124667392,1169412096,409,45,,false,2026-07-15T05:46:56.049Z,200,53,"""38e22a3a51fc7431425d5f1d4b20bbafc41e92abb0c932e6440a4d4767b86368""",true,304,true,true,1,1208,1207,0,6,12,12,26,,,true,2026-07-15T05:49:36.088Z,304,10,"""f50e9592136a62cfa465ec525342fcca81dc1d5c""",true,304,true,false,,0,0,0,,,1,0
647,2026-07-15T05:49:45.320Z,6470,763,17352,node,2026-07-15T03:50:49.6682453Z,"""C:\Program Files\nodejs\node.exe"" ""D:\typhoon boss radar\node_modules\next\dist\server\lib\start-server.js""",1124667392,1169412096,409,45,,false,2026-07-15T05:46:56.049Z,200,53,"""38e22a3a51fc7431425d5f1d4b20bbafc41e92abb0c932e6440a4d4767b86368""",true,304,true,true,1,1208,1207,0,6,12,12,26,,,true,2026-07-15T05:49:46.071Z,304,11,"""f50e9592136a62cfa465ec525342fcca81dc1d5c""",true,304,true,false,,0,0,0,,,1,0
648,2026-07-15T05:49:55.324Z,6480,798,17352,node,2026-07-15T03:50:49.6682453Z,"""C:\Program Files\nodejs\node.exe"" ""D:\typhoon boss radar\node_modules\next\dist\server\lib\start-server.js""",1124667392,1169412096,409,45,,false,2026-07-15T05:46:56.049Z,200,53,"""38e22a3a51fc7431425d5f1d4b20bbafc41e92abb0c932e6440a4d4767b86368""",true,304,true,true,1,1208,1207,0,6,12,12,26,,,true,2026-07-15T05:49:56.112Z,304,11,"""f50e9592136a62cfa465ec525342fcca81dc1d5c""",true,304,true,false,,0,0,0,,,1,0
649,2026-07-15T05:50:05.315Z,6490,777,17352,node,2026-07-15T03:50:49.6682453Z,"""C:\Program Files\nodejs\node.exe"" ""D:\typhoon boss radar\node_modules\next\dist\server\lib\start-server.js""",1124667392,1169412096,409,45,,false,2026-07-15T05:46:56.049Z,200,53,"""38e22a3a51fc7431425d5f1d4b20bbafc41e92abb0c932e6440a4d4767b86368""",true,304,true,true,1,1208,1207,0,6,12,12,26,,,true,2026-07-15T05:50:06.082Z,304,11,"""f50e9592136a62cfa465ec525342fcca81dc1d5c""",true,304,true,false,,0,0,0,,,1,0
650,2026-07-15T05:50:15.324Z,6500,743,17352,node,2026-07-15T03:50:49.6682453Z,"""C:\Program Files\nodejs\node.exe"" ""D:\typhoon boss radar\node_modules\next\dist\server\lib\start-server.js""",1124667392,1169412096,409,45,,false,2026-07-15T05:46:56.049Z,200,53,"""38e22a3a51fc7431425d5f1d4b20bbafc41e92abb0c932e6440a4d4767b86368""",true,304,true,true,1,1208,1207,0,6,12,12,26,,,true,2026-07-15T05:50:16.056Z,304,10,"""f50e9592136a62cfa465ec525342fcca81dc1d5c""",true,304,true,false,,0,0,0,,,1,0
651,2026-07-15T05:50:25.313Z,6510,822,17352,node,2026-07-15T03:50:49.6682453Z,"""C:\Program Files\nodejs\node.exe"" ""D:\typhoon boss radar\node_modules\next\dist\server\lib\start-server.js""",1124667392,1169412096,409,45,,false,2026-07-15T05:46:56.049Z,200,53,"""38e22a3a51fc7431425d5f1d4b20bbafc41e92abb0c932e6440a4d4767b86368""",true,304,true,true,1,1208,1207,0,6,12,12,26,,,true,2026-07-15T05:50:26.125Z,304,11,"""f50e9592136a62cfa465ec525342fcca81dc1d5c""",true,304,true,false,,0,0,0,,,1,0
652,2026-07-15T05:50:35.324Z,6520,751,17352,node,2026-07-15T03:50:49.6682453Z,"""C:\Program Files\nodejs\node.exe"" ""D:\typhoon boss radar\node_modules\next\dist\server\lib\start-server.js""",1124667392,1169412096,409,45,,false,2026-07-15T05:46:56.049Z,200,53,"""38e22a3a51fc7431425d5f1d4b20bbafc41e92abb0c932e6440a4d4767b86368""",true,304,true,true,1,1208,1207,0,6,12,12,26,,,true,2026-07-15T05:50:36.065Z,304,10,"""f50e9592136a62cfa465ec525342fcca81dc1d5c""",true,304,true,false,,0,0,0,,,1,0
653,2026-07-15T05:50:45.322Z,6530,744,17352,node,2026-07-15T03:50:49.6682453Z,"""C:\Program Files\nodejs\node.exe"" ""D:\typhoon boss radar\node_modules\next\dist\server\lib\start-server.js""",1124667392,1169412096,409,45,,false,2026-07-15T05:46:56.049Z,200,53,"""38e22a3a51fc7431425d5f1d4b20bbafc41e92abb0c932e6440a4d4767b86368""",true,304,true,true,1,1208,1207,0,6,12,12,26,,,true,2026-07-15T05:50:46.056Z,304,10,"""f50e9592136a62cfa465ec525342fcca81dc1d5c""",true,304,true,false,,0,0,0,,,1,0
654,2026-07-15T05:50:55.319Z,6540,789,17352,node,2026-07-15T03:50:49.6682453Z,"""C:\Program Files\nodejs\node.exe"" ""D:\typhoon boss radar\node_modules\next\dist\server\lib\start-server.js""",1124667392,1169412096,409,45,,false,2026-07-15T05:46:56.049Z,200,53,"""38e22a3a51fc7431425d5f1d4b20bbafc41e92abb0c932e6440a4d4767b86368""",true,304,true,true,1,1208,1207,0,6,12,12,26,,,true,2026-07-15T05:50:56.098Z,304,11,"""f50e9592136a62cfa465ec525342fcca81dc1d5c""",true,304,true,false,,0,0,0,,,1,0
655,2026-07-15T05:51:05.323Z,6550,774,17352,node,2026-07-15T03:50:49.6682453Z,"""C:\Program Files\nodejs\node.exe"" ""D:\typhoon boss radar\node_modules\next\dist\server\lib\start-server.js""",1124667392,1169412096,409,45,,false,2026-07-15T05:46:56.049Z,200,53,"""38e22a3a51fc7431425d5f1d4b20bbafc41e92abb0c932e6440a4d4767b86368""",true,304,true,true,1,1208,1207,0,6,12,12,26,,,true,2026-07-15T05:51:06.088Z,304,10,"""f50e9592136a62cfa465ec525342fcca81dc1d5c""",true,304,true,false,,0,0,0,,,1,0
656,2026-07-15T05:51:15.322Z,6560,773,17352,node,2026-07-15T03:50:49.6682453Z,"""C:\Program Files\nodejs\node.exe"" ""D:\typhoon boss radar\node_modules\next\dist\server\lib\start-server.js""",1124732928,1169477632,409,45,,false,2026-07-15T05:46:56.049Z,200,53,"""38e22a3a51fc7431425d5f1d4b20bbafc41e92abb0c932e6440a4d4767b86368""",true,304,true,true,1,1208,1207,0,6,12,12,26,,,true,2026-07-15T05:51:16.083Z,304,11,"""f50e9592136a62cfa465ec525342fcca81dc1d5c""",true,304,true,false,,0,0,0,,,1,0
657,2026-07-15T05:51:25.317Z,6570,807,17352,node,2026-07-15T03:50:49.6682453Z,"""C:\Program Files\nodejs\node.exe"" ""D:\typhoon boss radar\node_modules\next\dist\server\lib\start-server.js""",1124732928,1169477632,409,45,,false,2026-07-15T05:46:56.049Z,200,53,"""38e22a3a51fc7431425d5f1d4b20bbafc41e92abb0c932e6440a4d4767b86368""",true,304,true,true,1,1208,1207,0,6,12,12,26,,,true,2026-07-15T05:51:26.095Z,200,29,"""42ffe78571ffe764a93cba738a0b57503510f0b8""",true,304,true,true,,0,0,0,,,1,0
658,2026-07-15T05:51:35.310Z,6580,779,17352,node,2026-07-15T03:50:49.6682453Z,"""C:\Program Files\nodejs\node.exe"" ""D:\typhoon boss radar\node_modules\next\dist\server\lib\start-server.js""",1125023744,1169477632,409,45,,false,2026-07-15T05:46:56.049Z,200,53,"""38e22a3a51fc7431425d5f1d4b20bbafc41e92abb0c932e6440a4d4767b86368""",true,304,true,true,1,1208,1207,0,6,12,12,26,,,true,2026-07-15T05:51:36.080Z,304,10,"""42ffe78571ffe764a93cba738a0b57503510f0b8""",true,304,true,false,,0,0,0,,,1,0
659,2026-07-15T05:51:45.321Z,6590,790,17352,node,2026-07-15T03:50:49.6682453Z,"""C:\Program Files\nodejs\node.exe"" ""D:\typhoon boss radar\node_modules\next\dist\server\lib\start-server.js""",1125863424,1169477632,409,45,,false,2026-07-15T05:46:56.049Z,200,53,"""38e22a3a51fc7431425d5f1d4b20bbafc41e92abb0c932e6440a4d4767b86368""",true,304,true,true,1,1208,1207,0,6,12,12,26,,,true,2026-07-15T05:51:46.101Z,304,10,"""42ffe78571ffe764a93cba738a0b57503510f0b8""",true,304,true,false,,0,0,0,,,1,0
660,2026-07-15T05:51:55.312Z,6600,836,17352,node,2026-07-15T03:50:49.6682453Z,"""C:\Program Files\nodejs\node.exe"" ""D:\typhoon boss radar\node_modules\next\dist\server\lib\start-server.js""",1125867520,1169481728,409,45,,true,2026-07-15T05:51:56.076Z,200,56,"""f822dea5d726eb41f12dcb566686122c496a6ab4b1c56ad87d3b6d21cce8e232""",true,304,true,true,1,1210,1209,0,6,12,12,26,,,true,2026-07-15T05:51:56.136Z,304,11,"""42ffe78571ffe764a93cba738a0b57503510f0b8""",true,304,true,false,,0,0,0,,,1,0
661,2026-07-15T05:52:05.323Z,6610,820,17352,node,2026-07-15T03:50:49.6682453Z,"""C:\Program Files\nodejs\node.exe"" ""D:\typhoon boss radar\node_modules\next\dist\server\lib\start-server.js""",1130127360,1181069312,409,45,,false,2026-07-15T05:51:56.076Z,200,56,"""f822dea5d726eb41f12dcb566686122c496a6ab4b1c56ad87d3b6d21cce8e232""",true,304,true,true,1,1210,1209,0,6,12,12,26,,,true,2026-07-15T05:52:06.133Z,304,10,"""42ffe78571ffe764a93cba738a0b57503510f0b8""",true,304,true,false,,0,0,0,,,1,0
662,2026-07-15T05:52:15.320Z,6620,767,17352,node,2026-07-15T03:50:49.6682453Z,"""C:\Program Files\nodejs\node.exe"" ""D:\typhoon boss radar\node_modules\next\dist\server\lib\start-server.js""",1130143744,1181200384,409,48,,false,2026-07-15T05:51:56.076Z,200,56,"""f822dea5d726eb41f12dcb566686122c496a6ab4b1c56ad87d3b6d21cce8e232""",true,304,true,true,1,1210,1209,0,6,12,12,26,,,true,2026-07-15T05:52:16.077Z,304,9,"""42ffe78571ffe764a93cba738a0b57503510f0b8""",true,304,true,false,,0,0,0,,,1,0
663,2026-07-15T05:52:25.319Z,6630,780,17352,node,2026-07-15T03:50:49.6682453Z,"""C:\Program Files\nodejs\node.exe"" ""D:\typhoon boss radar\node_modules\next\dist\server\lib\start-server.js""",1131368448,1181200384,409,48,,false,2026-07-15T05:51:56.076Z,200,56,"""f822dea5d726eb41f12dcb566686122c496a6ab4b1c56ad87d3b6d21cce8e232""",true,304,true,true,1,1210,1209,0,6,12,12,26,,,true,2026-07-15T05:52:26.090Z,304,9,"""42ffe78571ffe764a93cba738a0b57503510f0b8""",true,304,true,false,,0,0,0,,,1,0
664,2026-07-15T05:52:35.311Z,6640,785,17352,node,2026-07-15T03:50:49.6682453Z,"""C:\Program Files\nodejs\node.exe"" ""D:\typhoon boss radar\node_modules\next\dist\server\lib\start-server.js""",1133830144,1181798400,409,48,,false,2026-07-15T05:51:56.076Z,200,56,"""f822dea5d726eb41f12dcb566686122c496a6ab4b1c56ad87d3b6d21cce8e232""",true,304,true,true,1,1210,1209,0,6,12,12,26,,,true,2026-07-15T05:52:36.086Z,304,10,"""42ffe78571ffe764a93cba738a0b57503510f0b8""",true,304,true,false,,0,0,0,,,1,0
665,2026-07-15T05:52:45.311Z,6650,812,17352,node,2026-07-15T03:50:49.6682453Z,"""C:\Program Files\nodejs\node.exe"" ""D:\typhoon boss radar\node_modules\next\dist\server\lib\start-server.js""",1133830144,1181798400,409,48,,false,2026-07-15T05:51:56.076Z,200,56,"""f822dea5d726eb41f12dcb566686122c496a6ab4b1c56ad87d3b6d21cce8e232""",true,304,true,true,1,1210,1209,0,6,12,12,26,,,true,2026-07-15T05:52:46.113Z,304,10,"""42ffe78571ffe764a93cba738a0b57503510f0b8""",true,304,true,false,,0,0,0,,,1,0
666,2026-07-15T05:52:55.324Z,6660,743,17352,node,2026-07-15T03:50:49.6682453Z,"""C:\Program Files\nodejs\node.exe"" ""D:\typhoon boss radar\node_modules\next\dist\server\lib\start-server.js""",1133830144,1181798400,409,48,,false,2026-07-15T05:51:56.076Z,200,56,"""f822dea5d726eb41f12dcb566686122c496a6ab4b1c56ad87d3b6d21cce8e232""",true,304,true,true,1,1210,1209,0,6,12,12,26,,,true,2026-07-15T05:52:56.056Z,304,10,"""42ffe78571ffe764a93cba738a0b57503510f0b8""",true,304,true,false,,0,0,0,,,1,0
667,2026-07-15T05:53:05.324Z,6670,802,17352,node,2026-07-15T03:50:49.6682453Z,"""C:\Program Files\nodejs\node.exe"" ""D:\typhoon boss radar\node_modules\next\dist\server\lib\start-server.js""",1133830144,1181798400,409,48,,false,2026-07-15T05:51:56.076Z,200,56,"""f822dea5d726eb41f12dcb566686122c496a6ab4b1c56ad87d3b6d21cce8e232""",true,304,true,true,1,1210,1209,0,6,12,12,26,,,true,2026-07-15T05:53:06.117Z,304,10,"""42ffe78571ffe764a93cba738a0b57503510f0b8""",true,304,true,false,,0,0,0,,,1,0
668,2026-07-15T05:53:15.321Z,6680,792,17352,node,2026-07-15T03:50:49.6682453Z,"""C:\Program Files\nodejs\node.exe"" ""D:\typhoon boss radar\node_modules\next\dist\server\lib\start-server.js""",1133830144,1181798400,409,48,,false,2026-07-15T05:51:56.076Z,200,56,"""f822dea5d726eb41f12dcb566686122c496a6ab4b1c56ad87d3b6d21cce8e232""",true,304,true,true,1,1210,1209,0,6,12,12,26,,,true,2026-07-15T05:53:16.103Z,304,10,"""42ffe78571ffe764a93cba738a0b57503510f0b8""",true,304,true,false,,0,0,0,,,1,0
669,2026-07-15T05:53:25.317Z,6690,780,17352,node,2026-07-15T03:50:49.6682453Z,"""C:\Program Files\nodejs\node.exe"" ""D:\typhoon boss radar\node_modules\next\dist\server\lib\start-server.js""",1134813184,1182785536,409,48,,false,2026-07-15T05:51:56.076Z,200,56,"""f822dea5d726eb41f12dcb566686122c496a6ab4b1c56ad87d3b6d21cce8e232""",true,304,true,true,1,1210,1209,0,6,12,12,26,,,true,2026-07-15T05:53:26.087Z,304,10,"""42ffe78571ffe764a93cba738a0b57503510f0b8""",true,304,true,false,,0,0,0,,,1,0
670,2026-07-15T05:53:35.325Z,6700,777,17352,node,2026-07-15T03:50:49.6682453Z,"""C:\Program Files\nodejs\node.exe"" ""D:\typhoon boss radar\node_modules\next\dist\server\lib\start-server.js""",1134878720,1182851072,409,48,,false,2026-07-15T05:51:56.076Z,200,56,"""f822dea5d726eb41f12dcb566686122c496a6ab4b1c56ad87d3b6d21cce8e232""",true,304,true,true,1,1210,1209,0,6,12,12,26,,,true,2026-07-15T05:53:36.091Z,304,10,"""42ffe78571ffe764a93cba738a0b57503510f0b8""",true,304,true,false,,0,0,0,,,1,0
671,2026-07-15T05:53:45.325Z,6710,808,17352,node,2026-07-15T03:50:49.6682453Z,"""C:\Program Files\nodejs\node.exe"" ""D:\typhoon boss radar\node_modules\next\dist\server\lib\start-server.js""",1134821376,1182740480,409,45,,false,2026-07-15T05:51:56.076Z,200,56,"""f822dea5d726eb41f12dcb566686122c496a6ab4b1c56ad87d3b6d21cce8e232""",true,304,true,true,1,1210,1209,0,6,12,12,26,,,true,2026-07-15T05:53:46.123Z,304,10,"""42ffe78571ffe764a93cba738a0b57503510f0b8""",true,304,true,false,,0,0,0,,,1,0
672,2026-07-15T05:53:55.325Z,6720,778,17352,node,2026-07-15T03:50:49.6682453Z,"""C:\Program Files\nodejs\node.exe"" ""D:\typhoon boss radar\node_modules\next\dist\server\lib\start-server.js""",1134821376,1182740480,409,45,,false,2026-07-15T05:51:56.076Z,200,56,"""f822dea5d726eb41f12dcb566686122c496a6ab4b1c56ad87d3b6d21cce8e232""",true,304,true,true,1,1210,1209,0,6,12,12,26,,,true,2026-07-15T05:53:56.093Z,304,10,"""42ffe78571ffe764a93cba738a0b57503510f0b8""",true,304,true,false,,0,0,0,,,1,0
673,2026-07-15T05:54:05.313Z,6730,713,17352,node,2026-07-15T03:50:49.6682453Z,"""C:\Program Files\nodejs\node.exe"" ""D:\typhoon boss radar\node_modules\next\dist\server\lib\start-server.js""",1134821376,1182740480,409,45,,false,2026-07-15T05:51:56.076Z,200,56,"""f822dea5d726eb41f12dcb566686122c496a6ab4b1c56ad87d3b6d21cce8e232""",true,304,true,true,1,1210,1209,0,6,12,12,26,,,true,2026-07-15T05:54:06.017Z,304,9,"""42ffe78571ffe764a93cba738a0b57503510f0b8""",true,304,true,false,,0,0,0,,,1,0
674,2026-07-15T05:54:15.318Z,6740,755,17352,node,2026-07-15T03:50:49.6682453Z,"""C:\Program Files\nodejs\node.exe"" ""D:\typhoon boss radar\node_modules\next\dist\server\lib\start-server.js""",1134821376,1182740480,409,45,,false,2026-07-15T05:51:56.076Z,200,56,"""f822dea5d726eb41f12dcb566686122c496a6ab4b1c56ad87d3b6d21cce8e232""",true,304,true,true,1,1210,1209,0,6,12,12,26,,,true,2026-07-15T05:54:16.064Z,304,9,"""42ffe78571ffe764a93cba738a0b57503510f0b8""",true,304,true,false,,0,0,0,,,1,0
675,2026-07-15T05:54:25.317Z,6750,768,17352,node,2026-07-15T03:50:49.6682453Z,"""C:\Program Files\nodejs\node.exe"" ""D:\typhoon boss radar\node_modules\next\dist\server\lib\start-server.js""",1134886912,1182806016,409,45,,false,2026-07-15T05:51:56.076Z,200,56,"""f822dea5d726eb41f12dcb566686122c496a6ab4b1c56ad87d3b6d21cce8e232""",true,304,true,true,1,1210,1209,0,6,12,12,26,,,true,2026-07-15T05:54:26.075Z,304,10,"""42ffe78571ffe764a93cba738a0b57503510f0b8""",true,304,true,false,,0,0,0,,,1,0
676,2026-07-15T05:54:35.318Z,6760,761,17352,node,2026-07-15T03:50:49.6682453Z,"""C:\Program Files\nodejs\node.exe"" ""D:\typhoon boss radar\node_modules\next\dist\server\lib\start-server.js""",1134895104,1182806016,409,45,,false,2026-07-15T05:51:56.076Z,200,56,"""f822dea5d726eb41f12dcb566686122c496a6ab4b1c56ad87d3b6d21cce8e232""",true,304,true,true,1,1210,1209,0,6,12,12,26,,,true,2026-07-15T05:54:36.069Z,304,10,"""42ffe78571ffe764a93cba738a0b57503510f0b8""",true,304,true,false,,0,0,0,,,1,0
677,2026-07-15T05:54:45.321Z,6770,743,17352,node,2026-07-15T03:50:49.6682453Z,"""C:\Program Files\nodejs\node.exe"" ""D:\typhoon boss radar\node_modules\next\dist\server\lib\start-server.js""",1134895104,1182806016,409,45,,false,2026-07-15T05:51:56.076Z,200,56,"""f822dea5d726eb41f12dcb566686122c496a6ab4b1c56ad87d3b6d21cce8e232""",true,304,true,true,1,1210,1209,0,6,12,12,26,,,true,2026-07-15T05:54:46.054Z,304,10,"""42ffe78571ffe764a93cba738a0b57503510f0b8""",true,304,true,false,,0,0,0,,,1,0
678,2026-07-15T05:54:55.324Z,6780,743,17352,node,2026-07-15T03:50:49.6682453Z,"""C:\Program Files\nodejs\node.exe"" ""D:\typhoon boss radar\node_modules\next\dist\server\lib\start-server.js""",1134895104,1182806016,409,45,,false,2026-07-15T05:51:56.076Z,200,56,"""f822dea5d726eb41f12dcb566686122c496a6ab4b1c56ad87d3b6d21cce8e232""",true,304,true,true,1,1210,1209,0,6,12,12,26,,,true,2026-07-15T05:54:56.056Z,304,10,"""42ffe78571ffe764a93cba738a0b57503510f0b8""",true,304,true,false,,0,0,0,,,1,0
679,2026-07-15T05:55:05.325Z,6790,733,17352,node,2026-07-15T03:50:49.6682453Z,"""C:\Program Files\nodejs\node.exe"" ""D:\typhoon boss radar\node_modules\next\dist\server\lib\start-server.js""",1136795648,1184718848,409,45,,false,2026-07-15T05:51:56.076Z,200,56,"""f822dea5d726eb41f12dcb566686122c496a6ab4b1c56ad87d3b6d21cce8e232""",true,304,true,true,1,1210,1209,0,6,12,12,26,,,true,2026-07-15T05:55:06.048Z,304,10,"""42ffe78571ffe764a93cba738a0b57503510f0b8""",true,304,true,false,,0,0,0,,,1,0
680,2026-07-15T05:55:15.315Z,6800,786,17352,node,2026-07-15T03:50:49.6682453Z,"""C:\Program Files\nodejs\node.exe"" ""D:\typhoon boss radar\node_modules\next\dist\server\lib\start-server.js""",1136861184,1184784384,409,45,,false,2026-07-15T05:51:56.076Z,200,56,"""f822dea5d726eb41f12dcb566686122c496a6ab4b1c56ad87d3b6d21cce8e232""",true,304,true,true,1,1210,1209,0,6,12,12,26,,,true,2026-07-15T05:55:16.092Z,304,10,"""42ffe78571ffe764a93cba738a0b57503510f0b8""",true,304,true,false,,0,0,0,,,1,0
681,2026-07-15T05:55:25.321Z,6810,730,17352,node,2026-07-15T03:50:49.6682453Z,"""C:\Program Files\nodejs\node.exe"" ""D:\typhoon boss radar\node_modules\next\dist\server\lib\start-server.js""",1136861184,1184784384,409,45,,false,2026-07-15T05:51:56.076Z,200,56,"""f822dea5d726eb41f12dcb566686122c496a6ab4b1c56ad87d3b6d21cce8e232""",true,304,true,true,1,1210,1209,0,6,12,12,26,,,true,2026-07-15T05:55:26.041Z,304,10,"""42ffe78571ffe764a93cba738a0b57503510f0b8""",true,304,true,false,,0,0,0,,,1,0
682,2026-07-15T05:55:35.311Z,6820,775,17352,node,2026-07-15T03:50:49.6682453Z,"""C:\Program Files\nodejs\node.exe"" ""D:\typhoon boss radar\node_modules\next\dist\server\lib\start-server.js""",1136861184,1184784384,409,45,,false,2026-07-15T05:51:56.076Z,200,56,"""f822dea5d726eb41f12dcb566686122c496a6ab4b1c56ad87d3b6d21cce8e232""",true,304,true,true,1,1210,1209,0,6,12,12,26,,,true,2026-07-15T05:55:36.066Z,200,20,"""5d133dc5462365251bdc32b41f078ccf4eff70a3""",true,304,true,true,,0,0,0,,,1,0
683,2026-07-15T05:55:45.316Z,6830,756,17352,node,2026-07-15T03:50:49.6682453Z,"""C:\Program Files\nodejs\node.exe"" ""D:\typhoon boss radar\node_modules\next\dist\server\lib\start-server.js""",1136861184,1184784384,409,45,,false,2026-07-15T05:51:56.076Z,200,56,"""f822dea5d726eb41f12dcb566686122c496a6ab4b1c56ad87d3b6d21cce8e232""",true,304,true,true,1,1210,1209,0,6,12,12,26,,,true,2026-07-15T05:55:46.062Z,304,10,"""5d133dc5462365251bdc32b41f078ccf4eff70a3""",true,304,true,false,,0,0,0,,,1,0
684,2026-07-15T05:55:55.316Z,6840,751,17352,node,2026-07-15T03:50:49.6682453Z,"""C:\Program Files\nodejs\node.exe"" ""D:\typhoon boss radar\node_modules\next\dist\server\lib\start-server.js""",1136861184,1184784384,409,45,,false,2026-07-15T05:51:56.076Z,200,56,"""f822dea5d726eb41f12dcb566686122c496a6ab4b1c56ad87d3b6d21cce8e232""",true,304,true,true,1,1210,1209,0,6,12,12,26,,,true,2026-07-15T05:55:56.057Z,304,10,"""5d133dc5462365251bdc32b41f078ccf4eff70a3""",true,304,true,false,,0,0,0,,,1,0
685,2026-07-15T05:56:05.312Z,6850,803,17352,node,2026-07-15T03:50:49.6682453Z,"""C:\Program Files\nodejs\node.exe"" ""D:\typhoon boss radar\node_modules\next\dist\server\lib\start-server.js""",1136926720,1184849920,409,45,,false,2026-07-15T05:51:56.076Z,200,56,"""f822dea5d726eb41f12dcb566686122c496a6ab4b1c56ad87d3b6d21cce8e232""",true,304,true,true,1,1210,1209,0,6,12,12,26,,,true,2026-07-15T05:56:06.105Z,304,10,"""5d133dc5462365251bdc32b41f078ccf4eff70a3""",true,304,true,false,,0,0,0,,,1,0
686,2026-07-15T05:56:15.310Z,6860,744,17352,node,2026-07-15T03:50:49.6682453Z,"""C:\Program Files\nodejs\node.exe"" ""D:\typhoon boss radar\node_modules\next\dist\server\lib\start-server.js""",1136926720,1184849920,409,45,,false,2026-07-15T05:51:56.076Z,200,56,"""f822dea5d726eb41f12dcb566686122c496a6ab4b1c56ad87d3b6d21cce8e232""",true,304,true,true,1,1210,1209,0,6,12,12,26,,,true,2026-07-15T05:56:16.044Z,304,10,"""5d133dc5462365251bdc32b41f078ccf4eff70a3""",true,304,true,false,,0,0,0,,,1,0
687,2026-07-15T05:56:25.322Z,6870,775,17352,node,2026-07-15T03:50:49.6682453Z,"""C:\Program Files\nodejs\node.exe"" ""D:\typhoon boss radar\node_modules\next\dist\server\lib\start-server.js""",1136926720,1184849920,409,45,,false,2026-07-15T05:51:56.076Z,200,56,"""f822dea5d726eb41f12dcb566686122c496a6ab4b1c56ad87d3b6d21cce8e232""",true,304,true,true,1,1210,1209,0,6,12,12,26,,,true,2026-07-15T05:56:26.086Z,304,10,"""5d133dc5462365251bdc32b41f078ccf4eff70a3""",true,304,true,false,,0,0,0,,,1,0
688,2026-07-15T05:56:35.315Z,6880,749,17352,node,2026-07-15T03:50:49.6682453Z,"""C:\Program Files\nodejs\node.exe"" ""D:\typhoon boss radar\node_modules\next\dist\server\lib\start-server.js""",1136926720,1184849920,409,45,,false,2026-07-15T05:51:56.076Z,200,56,"""f822dea5d726eb41f12dcb566686122c496a6ab4b1c56ad87d3b6d21cce8e232""",true,304,true,true,1,1210,1209,0,6,12,12,26,,,true,2026-07-15T05:56:36.054Z,304,10,"""5d133dc5462365251bdc32b41f078ccf4eff70a3""",true,304,true,false,,0,0,0,,,1,0
689,2026-07-15T05:56:45.318Z,6890,798,17352,node,2026-07-15T03:50:49.6682453Z,"""C:\Program Files\nodejs\node.exe"" ""D:\typhoon boss radar\node_modules\next\dist\server\lib\start-server.js""",1136926720,1184849920,409,45,,false,2026-07-15T05:51:56.076Z,200,56,"""f822dea5d726eb41f12dcb566686122c496a6ab4b1c56ad87d3b6d21cce8e232""",true,304,true,true,1,1210,1209,0,6,12,12,26,,,true,2026-07-15T05:56:46.106Z,304,10,"""5d133dc5462365251bdc32b41f078ccf4eff70a3""",true,304,true,false,,0,0,0,,,1,0
690,2026-07-15T05:56:55.312Z,6900,819,17352,node,2026-07-15T03:50:49.6682453Z,"""C:\Program Files\nodejs\node.exe"" ""D:\typhoon boss radar\node_modules\next\dist\server\lib\start-server.js""",1137053696,1184915456,409,45,,true,2026-07-15T05:56:56.067Z,200,51,"""ee9b74be1d1d5641aec67527707977f3e22c49e6e81c52215ac0914d5699141d""",true,304,true,true,1,1213,1212,0,6,12,12,26,,,true,2026-07-15T05:56:56.122Z,304,8,"""5d133dc5462365251bdc32b41f078ccf4eff70a3""",true,304,true,false,,0,0,0,,,1,0
691,2026-07-15T05:57:05.324Z,6910,816,17352,node,2026-07-15T03:50:49.6682453Z,"""C:\Program Files\nodejs\node.exe"" ""D:\typhoon boss radar\node_modules\next\dist\server\lib\start-server.js""",1149206528,1196761088,409,45,,false,2026-07-15T05:56:56.067Z,200,51,"""ee9b74be1d1d5641aec67527707977f3e22c49e6e81c52215ac0914d5699141d""",true,304,true,true,1,1213,1212,0,6,12,12,26,,,true,2026-07-15T05:57:06.130Z,304,9,"""5d133dc5462365251bdc32b41f078ccf4eff70a3""",true,304,true,false,,0,0,0,,,1,0
692,2026-07-15T05:57:15.315Z,6920,778,17352,node,2026-07-15T03:50:49.6682453Z,"""C:\Program Files\nodejs\node.exe"" ""D:\typhoon boss radar\node_modules\next\dist\server\lib\start-server.js""",1150181376,1197297664,409,45,,false,2026-07-15T05:56:56.067Z,200,51,"""ee9b74be1d1d5641aec67527707977f3e22c49e6e81c52215ac0914d5699141d""",true,304,true,true,1,1213,1212,0,6,12,12,26,,,true,2026-07-15T05:57:16.084Z,304,9,"""5d133dc5462365251bdc32b41f078ccf4eff70a3""",true,304,true,false,,0,0,0,,,1,0
693,2026-07-15T05:57:25.320Z,6930,744,17352,node,2026-07-15T03:50:49.6682453Z,"""C:\Program Files\nodejs\node.exe"" ""D:\typhoon boss radar\node_modules\next\dist\server\lib\start-server.js""",1152638976,1197899776,409,45,,false,2026-07-15T05:56:56.067Z,200,51,"""ee9b74be1d1d5641aec67527707977f3e22c49e6e81c52215ac0914d5699141d""",true,304,true,true,1,1213,1212,0,6,12,12,26,,,true,2026-07-15T05:57:26.052Z,304,11,"""5d133dc5462365251bdc32b41f078ccf4eff70a3""",true,304,true,false,,0,0,0,,,1,0
694,2026-07-15T05:57:35.316Z,6940,792,17352,node,2026-07-15T03:50:49.6682453Z,"""C:\Program Files\nodejs\node.exe"" ""D:\typhoon boss radar\node_modules\next\dist\server\lib\start-server.js""",1152524288,1197527040,409,45,,false,2026-07-15T05:56:56.067Z,200,51,"""ee9b74be1d1d5641aec67527707977f3e22c49e6e81c52215ac0914d5699141d""",true,304,true,true,1,1213,1212,0,6,12,12,26,,,true,2026-07-15T05:57:36.098Z,304,10,"""5d133dc5462365251bdc32b41f078ccf4eff70a3""",true,304,true,false,,0,0,0,,,1,0
695,2026-07-15T05:57:45.318Z,6950,782,17352,node,2026-07-15T03:50:49.6682453Z,"""C:\Program Files\nodejs\node.exe"" ""D:\typhoon boss radar\node_modules\next\dist\server\lib\start-server.js""",1156259840,1201274880,409,45,,false,2026-07-15T05:56:56.067Z,200,51,"""ee9b74be1d1d5641aec67527707977f3e22c49e6e81c52215ac0914d5699141d""",true,304,true,true,1,1213,1212,0,6,12,12,26,,,true,2026-07-15T05:57:46.090Z,304,9,"""5d133dc5462365251bdc32b41f078ccf4eff70a3""",true,304,true,false,,0,0,0,,,1,0
696,2026-07-15T05:57:55.315Z,6960,789,17352,node,2026-07-15T03:50:49.6682453Z,"""C:\Program Files\nodejs\node.exe"" ""D:\typhoon boss radar\node_modules\next\dist\server\lib\start-server.js""",1156259840,1201274880,409,45,,false,2026-07-15T05:56:56.067Z,200,51,"""ee9b74be1d1d5641aec67527707977f3e22c49e6e81c52215ac0914d5699141d""",true,304,true,true,1,1213,1212,0,6,12,12,26,,,true,2026-07-15T05:57:56.095Z,304,9,"""5d133dc5462365251bdc32b41f078ccf4eff70a3""",true,304,true,false,,0,0,0,,,1,0
697,2026-07-15T05:58:05.321Z,6970,783,17352,node,2026-07-15T03:50:49.6682453Z,"""C:\Program Files\nodejs\node.exe"" ""D:\typhoon boss radar\node_modules\next\dist\server\lib\start-server.js""",1156407296,1201274880,409,45,,false,2026-07-15T05:56:56.067Z,200,51,"""ee9b74be1d1d5641aec67527707977f3e22c49e6e81c52215ac0914d5699141d""",true,304,true,true,1,1213,1212,0,6,12,12,26,,,true,2026-07-15T05:58:06.094Z,304,9,"""5d133dc5462365251bdc32b41f078ccf4eff70a3""",true,304,true,false,,0,0,0,,,1,0
698,2026-07-15T05:58:15.320Z,6980,775,17352,node,2026-07-15T03:50:49.6682453Z,"""C:\Program Files\nodejs\node.exe"" ""D:\typhoon boss radar\node_modules\next\dist\server\lib\start-server.js""",1156681728,1201340416,409,45,,false,2026-07-15T05:56:56.067Z,200,51,"""ee9b74be1d1d5641aec67527707977f3e22c49e6e81c52215ac0914d5699141d""",true,304,true,true,1,1213,1212,0,6,12,12,26,,,true,2026-07-15T05:58:16.084Z,304,10,"""5d133dc5462365251bdc32b41f078ccf4eff70a3""",true,304,true,false,,0,0,0,,,1,0
699,2026-07-15T05:58:25.310Z,6990,752,17352,node,2026-07-15T03:50:49.6682453Z,"""C:\Program Files\nodejs\node.exe"" ""D:\typhoon boss radar\node_modules\next\dist\server\lib\start-server.js""",1157038080,1201340416,409,45,,false,2026-07-15T05:56:56.067Z,200,51,"""ee9b74be1d1d5641aec67527707977f3e22c49e6e81c52215ac0914d5699141d""",true,304,true,true,1,1213,1212,0,6,12,12,26,,,true,2026-07-15T05:58:26.052Z,304,10,"""5d133dc5462365251bdc32b41f078ccf4eff70a3""",true,304,true,false,,0,0,0,,,1,0
700,2026-07-15T05:58:35.313Z,7000,748,17352,node,2026-07-15T03:50:49.6682453Z,"""C:\Program Files\nodejs\node.exe"" ""D:\typhoon boss radar\node_modules\next\dist\server\lib\start-server.js""",1157038080,1201340416,409,45,,false,2026-07-15T05:56:56.067Z,200,51,"""ee9b74be1d1d5641aec67527707977f3e22c49e6e81c52215ac0914d5699141d""",true,304,true,true,1,1213,1212,0,6,12,12,26,,,true,2026-07-15T05:58:36.051Z,304,10,"""5d133dc5462365251bdc32b41f078ccf4eff70a3""",true,304,true,false,,0,0,0,,,1,0
701,2026-07-15T05:58:45.319Z,7010,745,17352,node,2026-07-15T03:50:49.6682453Z,"""C:\Program Files\nodejs\node.exe"" ""D:\typhoon boss radar\node_modules\next\dist\server\lib\start-server.js""",1157038080,1201340416,409,45,,false,2026-07-15T05:56:56.067Z,200,51,"""ee9b74be1d1d5641aec67527707977f3e22c49e6e81c52215ac0914d5699141d""",true,304,true,true,1,1213,1212,0,6,12,12,26,,,true,2026-07-15T05:58:46.054Z,304,10,"""5d133dc5462365251bdc32b41f078ccf4eff70a3""",true,304,true,false,,0,0,0,,,1,0
702,2026-07-15T05:58:55.318Z,7020,793,17352,node,2026-07-15T03:50:49.6682453Z,"""C:\Program Files\nodejs\node.exe"" ""D:\typhoon boss radar\node_modules\next\dist\server\lib\start-server.js""",1157038080,1201340416,409,45,,false,2026-07-15T05:56:56.067Z,200,51,"""ee9b74be1d1d5641aec67527707977f3e22c49e6e81c52215ac0914d5699141d""",true,304,true,true,1,1213,1212,0,6,12,12,26,,,true,2026-07-15T05:58:56.101Z,304,10,"""5d133dc5462365251bdc32b41f078ccf4eff70a3""",true,304,true,false,,0,0,0,,,1,0
703,2026-07-15T05:59:05.325Z,7030,765,17352,node,2026-07-15T03:50:49.6682453Z,"""C:\Program Files\nodejs\node.exe"" ""D:\typhoon boss radar\node_modules\next\dist\server\lib\start-server.js""",1157038080,1201340416,409,45,,false,2026-07-15T05:56:56.067Z,200,51,"""ee9b74be1d1d5641aec67527707977f3e22c49e6e81c52215ac0914d5699141d""",true,304,true,true,1,1213,1212,0,6,12,12,26,,,true,2026-07-15T05:59:06.080Z,304,10,"""5d133dc5462365251bdc32b41f078ccf4eff70a3""",true,304,true,false,,0,0,0,,,1,0
704,2026-07-15T05:59:15.325Z,7040,769,17352,node,2026-07-15T03:50:49.6682453Z,"""C:\Program Files\nodejs\node.exe"" ""D:\typhoon boss radar\node_modules\next\dist\server\lib\start-server.js""",1157181440,1201405952,409,45,,false,2026-07-15T05:56:56.067Z,200,51,"""ee9b74be1d1d5641aec67527707977f3e22c49e6e81c52215ac0914d5699141d""",true,304,true,true,1,1213,1212,0,6,12,12,26,,,true,2026-07-15T05:59:16.084Z,304,10,"""5d133dc5462365251bdc32b41f078ccf4eff70a3""",true,304,true,false,,0,0,0,,,1,0
705,2026-07-15T05:59:25.315Z,7050,821,17352,node,2026-07-15T03:50:49.6682453Z,"""C:\Program Files\nodejs\node.exe"" ""D:\typhoon boss radar\node_modules\next\dist\server\lib\start-server.js""",1157570560,1201405952,409,45,,false,2026-07-15T05:56:56.067Z,200,51,"""ee9b74be1d1d5641aec67527707977f3e22c49e6e81c52215ac0914d5699141d""",true,304,true,true,1,1213,1212,0,6,12,12,26,,,true,2026-07-15T05:59:26.125Z,304,11,"""5d133dc5462365251bdc32b41f078ccf4eff70a3""",true,304,true,false,,0,0,0,,,1,0
706,2026-07-15T05:59:35.319Z,7060,868,17352,node,2026-07-15T03:50:49.6682453Z,"""C:\Program Files\nodejs\node.exe"" ""D:\typhoon boss radar\node_modules\next\dist\server\lib\start-server.js""",1157570560,1201405952,409,45,,false,2026-07-15T05:56:56.067Z,200,51,"""ee9b74be1d1d5641aec67527707977f3e22c49e6e81c52215ac0914d5699141d""",true,304,true,true,1,1213,1212,0,6,12,12,26,,,true,2026-07-15T05:59:36.156Z,200,30,"""18ddac0ca304971b909aaa53b128b5ed49bbd601""",true,304,true,true,,0,0,0,,,1,0
707,2026-07-15T05:59:45.314Z,7070,800,17352,node,2026-07-15T03:50:49.6682453Z,"""C:\Program Files\nodejs\node.exe"" ""D:\typhoon boss radar\node_modules\next\dist\server\lib\start-server.js""",1067335680,1107742720,409,45,,false,2026-07-15T05:56:56.067Z,200,51,"""ee9b74be1d1d5641aec67527707977f3e22c49e6e81c52215ac0914d5699141d""",true,304,true,true,1,1213,1212,0,6,12,12,26,,,true,2026-07-15T05:59:46.102Z,304,11,"""18ddac0ca304971b909aaa53b128b5ed49bbd601""",true,304,true,false,,0,0,0,,,1,0
708,2026-07-15T05:59:55.310Z,7080,822,17352,node,2026-07-15T03:50:49.6682453Z,"""C:\Program Files\nodejs\node.exe"" ""D:\typhoon boss radar\node_modules\next\dist\server\lib\start-server.js""",1068105728,1108275200,409,45,,false,2026-07-15T05:56:56.067Z,200,51,"""ee9b74be1d1d5641aec67527707977f3e22c49e6e81c52215ac0914d5699141d""",true,304,true,true,1,1213,1212,0,6,12,12,26,,,true,2026-07-15T05:59:56.122Z,304,10,"""18ddac0ca304971b909aaa53b128b5ed49bbd601""",true,304,true,false,,0,0,0,,,1,0
709,2026-07-15T06:00:05.317Z,7090,934,17352,node,2026-07-15T03:50:49.6682453Z,"""C:\Program Files\nodejs\node.exe"" ""D:\typhoon boss radar\node_modules\next\dist\server\lib\start-server.js""",1068761088,1108811776,416,45,,false,2026-07-15T05:56:56.067Z,200,51,"""ee9b74be1d1d5641aec67527707977f3e22c49e6e81c52215ac0914d5699141d""",true,304,true,true,1,1213,1212,0,6,12,12,26,,,true,2026-07-15T06:00:06.240Z,304,11,"""18ddac0ca304971b909aaa53b128b5ed49bbd601""",true,304,true,false,,0,0,0,,,1,0
710,2026-07-15T06:00:15.314Z,7100,871,17352,node,2026-07-15T03:50:49.6682453Z,"""C:\Program Files\nodejs\node.exe"" ""D:\typhoon boss radar\node_modules\next\dist\server\lib\start-server.js""",1069547520,1109622784,416,45,,false,2026-07-15T05:56:56.067Z,200,51,"""ee9b74be1d1d5641aec67527707977f3e22c49e6e81c52215ac0914d5699141d""",true,304,true,true,1,1213,1212,0,6,12,12,26,,,true,2026-07-15T06:00:16.175Z,304,11,"""18ddac0ca304971b909aaa53b128b5ed49bbd601""",true,304,true,false,,0,0,0,,,1,0
711,2026-07-15T06:00:25.324Z,7110,843,17352,node,2026-07-15T03:50:49.6682453Z,"""C:\Program Files\nodejs\node.exe"" ""D:\typhoon boss radar\node_modules\next\dist\server\lib\start-server.js""",1070104576,1112305664,416,45,,false,2026-07-15T05:56:56.067Z,200,51,"""ee9b74be1d1d5641aec67527707977f3e22c49e6e81c52215ac0914d5699141d""",true,304,true,true,1,1213,1212,0,6,12,12,26,,,true,2026-07-15T06:00:26.157Z,304,10,"""18ddac0ca304971b909aaa53b128b5ed49bbd601""",true,304,true,false,,0,0,0,,,1,0
712,2026-07-15T06:00:35.322Z,7120,824,17352,node,2026-07-15T03:50:49.6682453Z,"""C:\Program Files\nodejs\node.exe"" ""D:\typhoon boss radar\node_modules\next\dist\server\lib\start-server.js""",1072320512,1113649152,416,45,,false,2026-07-15T05:56:56.067Z,200,51,"""ee9b74be1d1d5641aec67527707977f3e22c49e6e81c52215ac0914d5699141d""",true,304,true,true,1,1213,1212,0,6,12,12,26,,,true,2026-07-15T06:00:36.137Z,304,9,"""18ddac0ca304971b909aaa53b128b5ed49bbd601""",true,304,true,false,,0,0,0,,,1,0
713,2026-07-15T06:00:45.316Z,7130,821,17352,node,2026-07-15T03:50:49.6682453Z,"""C:\Program Files\nodejs\node.exe"" ""D:\typhoon boss radar\node_modules\next\dist\server\lib\start-server.js""",1073041408,1114451968,416,45,,false,2026-07-15T05:56:56.067Z,200,51,"""ee9b74be1d1d5641aec67527707977f3e22c49e6e81c52215ac0914d5699141d""",true,304,true,true,1,1213,1212,0,6,12,12,26,,,true,2026-07-15T06:00:46.127Z,304,9,"""18ddac0ca304971b909aaa53b128b5ed49bbd601""",true,304,true,false,,0,0,0,,,1,0
714,2026-07-15T06:00:55.321Z,7140,852,17352,node,2026-07-15T03:50:49.6682453Z,"""C:\Program Files\nodejs\node.exe"" ""D:\typhoon boss radar\node_modules\next\dist\server\lib\start-server.js""",1073106944,1114451968,416,45,,false,2026-07-15T05:56:56.067Z,200,51,"""ee9b74be1d1d5641aec67527707977f3e22c49e6e81c52215ac0914d5699141d""",true,304,true,true,1,1213,1212,0,6,12,12,26,,,true,2026-07-15T06:00:56.163Z,304,10,"""18ddac0ca304971b909aaa53b128b5ed49bbd601""",true,304,true,false,,0,0,0,,,1,0
715,2026-07-15T06:01:05.314Z,7150,868,17352,node,2026-07-15T03:50:49.6682453Z,"""C:\Program Files\nodejs\node.exe"" ""D:\typhoon boss radar\node_modules\next\dist\server\lib\start-server.js""",1073938432,1116336128,416,45,,false,2026-07-15T05:56:56.067Z,200,51,"""ee9b74be1d1d5641aec67527707977f3e22c49e6e81c52215ac0914d5699141d""",true,304,true,true,1,1213,1212,0,6,12,12,26,,,true,2026-07-15T06:01:06.173Z,304,10,"""18ddac0ca304971b909aaa53b128b5ed49bbd601""",true,304,true,false,,0,0,0,,,1,0
716,2026-07-15T06:01:15.323Z,7160,863,17352,node,2026-07-15T03:50:49.6682453Z,"""C:\Program Files\nodejs\node.exe"" ""D:\typhoon boss radar\node_modules\next\dist\server\lib\start-server.js""",1075601408,1117405184,409,45,,false,2026-07-15T05:56:56.067Z,200,51,"""ee9b74be1d1d5641aec67527707977f3e22c49e6e81c52215ac0914d5699141d""",true,304,true,true,1,1213,1212,0,6,12,12,26,,,true,2026-07-15T06:01:16.176Z,304,10,"""18ddac0ca304971b909aaa53b128b5ed49bbd601""",true,304,true,false,,0,0,0,,,1,0
717,2026-07-15T06:01:25.322Z,7170,856,17352,node,2026-07-15T03:50:49.6682453Z,"""C:\Program Files\nodejs\node.exe"" ""D:\typhoon boss radar\node_modules\next\dist\server\lib\start-server.js""",1077755904,1119207424,409,45,,false,2026-07-15T05:56:56.067Z,200,51,"""ee9b74be1d1d5641aec67527707977f3e22c49e6e81c52215ac0914d5699141d""",true,304,true,true,1,1213,1212,0,6,12,12,26,,,true,2026-07-15T06:01:26.168Z,304,10,"""18ddac0ca304971b909aaa53b128b5ed49bbd601""",true,304,true,false,,0,0,0,,,1,0
718,2026-07-15T06:01:35.311Z,7180,810,17352,node,2026-07-15T03:50:49.6682453Z,"""C:\Program Files\nodejs\node.exe"" ""D:\typhoon boss radar\node_modules\next\dist\server\lib\start-server.js""",1077886976,1119207424,409,45,,false,2026-07-15T05:56:56.067Z,200,51,"""ee9b74be1d1d5641aec67527707977f3e22c49e6e81c52215ac0914d5699141d""",true,304,true,true,1,1213,1212,0,6,12,12,26,,,true,2026-07-15T06:01:36.112Z,304,10,"""18ddac0ca304971b909aaa53b128b5ed49bbd601""",true,304,true,false,,0,0,0,,,1,0
719,2026-07-15T06:01:45.313Z,7190,808,17352,node,2026-07-15T03:50:49.6682453Z,"""C:\Program Files\nodejs\node.exe"" ""D:\typhoon boss radar\node_modules\next\dist\server\lib\start-server.js""",1078480896,1120821248,409,45,,false,2026-07-15T05:56:56.067Z,200,51,"""ee9b74be1d1d5641aec67527707977f3e22c49e6e81c52215ac0914d5699141d""",true,304,true,true,1,1213,1212,0,6,12,12,26,,,true,2026-07-15T06:01:46.111Z,304,10,"""18ddac0ca304971b909aaa53b128b5ed49bbd601""",true,304,true,false,,0,0,0,,,1,0
